2023-03-13 19:25:04	50000000.0	19.0	7.113642	3.003972
2023-03-13 19:25:04	51050000.0	19.0	7.114699	3.024115
2023-03-13 19:25:05	52101050.0	19.0	7.113142	3.000057
2023-03-13 19:25:05	53153151.05	19.0	7.1126	3.032572
2023-03-13 19:25:06	54206304.201	19.0	7.113686	3.008972
2023-03-13 19:25:07	55260510.505	19.0	7.1119	3.017943
2023-03-13 19:25:07	56315771.016	19.0	7.115114	3.028943
2023-03-13 19:25:08	57372086.787	19.0	7.113129	3.006829
2023-03-13 19:25:08	58429458.874	19.0	7.114243	3.006085
2023-03-13 19:25:09	59487888.332	19.0	7.113457	3.008943
2023-03-13 19:25:09	60547376.221	19.0	7.114386	3.015257
2023-03-13 19:25:10	61607923.597	19.0	7.115	3.031515
2023-03-13 19:25:10	62669531.521	19.0	7.115	3.043857
2023-03-13 19:25:11	63732201.052	19.0	7.1119	3.027685
2023-03-13 19:25:11	64795933.253	19.0	7.113142	3.032915
2023-03-13 19:25:12	65860729.186	19.0	7.114857	3.049543
2023-03-13 19:25:12	66926589.916	19.0	7.113943	3.046543
2023-03-13 19:25:13	67993516.506	19.0	7.1141	3.029143
2023-03-13 19:25:13	69061510.022	19.0	7.112928	3.011743
2023-03-13 19:25:14	70130571.532	19.0	7.114771	3.018743
2023-03-13 19:25:14	71200702.104	19.0	7.113057	3.046685
2023-03-13 19:25:15	72271902.806	19.0	7.113243	3.018143
2023-03-13 19:25:15	73344174.708	19.0	7.110671	3.029313
2023-03-13 19:25:16	74417518.883	19.0	7.112371	3.019657
2023-03-13 19:25:17	75491936.402	19.0	7.113256	3.026343
2023-03-13 19:25:17	76567428.338	19.0	7.114572	3.048057
2023-03-13 19:25:18	77643995.767	19.0	7.113628	3.018371
2023-03-13 19:25:18	78721639.763	19.0	7.1144	3.046772
2023-03-13 19:25:19	79800361.402	19.0	7.111943	3.016485
2023-03-13 19:25:19	80880161.764	19.0	7.114086	3.050687
2023-03-13 19:25:20	81961041.926	19.0	7.1119	3.0164
2023-03-13 19:25:20	83043002.967	19.0	7.114114	3.049315
2023-03-13 19:25:21	84126045.97	19.0	7.111528	3.020172
2023-03-13 19:25:21	85210172.016	19.0	7.1143	3.051315
2023-03-13 19:25:22	86295382.188	19.0	7.113543	3.044572
2023-03-13 19:25:22	87381677.571	19.0	7.114529	3.035343
2023-03-13 19:25:23	88469059.248	19.0	7.113657	3.045629
2023-03-13 19:25:23	89557528.307	19.0	7.113557	3.0486
2023-03-13 19:25:24	90647085.836	19.0	7.113742	3.058771
2023-03-13 19:25:24	91737732.922	19.0	7.116257	3.038685
2023-03-13 19:25:25	92829470.654	19.0	7.114386	3.037829
2023-03-13 19:25:26	93922300.125	19.0	7.115357	3.0588
2023-03-13 19:25:26	95016222.425	19.0	7.113229	3.045943
2023-03-13 19:25:27	96111238.648	19.0	7.114486	3.039743
2023-03-13 19:25:27	97207349.886	19.0	7.116528	3.059229
2023-03-13 19:25:28	98304557.236	19.0	7.113971	3.028972
2023-03-13 19:25:28	99402861.793	19.0	7.115571	3.063115
2023-03-13 19:25:29	100502264.655	19.0	7.113457	3.033029
2023-03-13 19:25:29	101602766.92	19.0	7.113414	3.053085
2023-03-13 19:25:30	102704369.687	19.0	7.112257	3.041257
2023-03-13 19:25:30	103807074.056	19.0	7.114614	3.057085
2023-03-13 19:25:31	104910881.131	19.0	7.114514	3.0658
2023-03-13 19:25:31	106015792.012	19.0	7.112843	3.032087
2023-03-13 19:25:32	107121807.804	19.0	7.113971	3.062229
2023-03-13 19:25:32	108228929.611	19.0	7.115	3.035629
2023-03-13 19:25:33	109337158.541	19.0	7.114486	3.064085
2023-03-13 19:25:33	110446495.7	19.0	7.114114	3.040572
2023-03-13 19:25:34	111556942.195	19.0	7.114629	3.0636
2023-03-13 19:25:35	112668499.138	19.0	7.114643	3.042629
2023-03-13 19:25:35	113781167.637	19.0	7.114614	3.066515
2023-03-13 19:25:36	114894948.804	19.0	7.114486	3.062429
2023-03-13 19:25:36	116009843.753	19.0	7.114486	3.035115
2023-03-13 19:25:37	117125853.597	19.0	7.114028	3.029313
2023-03-13 19:25:37	118242979.45	19.0	7.114328	3.034029
2023-03-13 19:25:38	119361222.43	19.0	7.1136	3.032229
2023-03-13 19:25:38	120480583.652	19.0	7.113057	3.035885
2023-03-13 19:25:39	121601064.236	19.0	7.113357	3.039857
2023-03-13 19:25:39	122722665.3	19.0	7.112828	3.044172
2023-03-13 19:25:40	123845387.966	19.0	7.114171	3.068229
2023-03-13 19:25:40	124969233.354	19.0	7.113071	3.067943
2023-03-13 19:25:41	126094202.587	19.0	7.112485	3.036113
2023-03-13 19:25:41	127220296.789	19.0	7.112357	3.037829
2023-03-13 19:25:42	128347517.086	19.0	7.112442	3.072515
2023-03-13 19:25:42	129475864.603	19.0	7.113729	3.065429
2023-03-13 19:25:43	130605340.468	19.0	7.112986	3.044172
2023-03-13 19:25:43	131735945.808	19.0	7.112557	3.046343
2023-03-13 19:25:44	132867681.754	19.0	7.113071	3.073487
2023-03-13 19:25:45	134000549.436	19.0	7.113628	3.073829
2023-03-13 19:25:45	135134549.985	19.0	7.112185	3.0412
2023-03-13 19:25:46	136269684.535	19.0	7.113029	3.063
2023-03-13 19:25:46	137405954.22	19.0	7.114614	3.077087
2023-03-13 19:25:47	138543360.174	19.0	7.112828	3.081257
2023-03-13 19:25:47	139681903.534	19.0	7.114486	3.071857
2023-03-13 19:25:48	140821585.438	19.0	7.112471	3.052171
2023-03-13 19:25:48	141962407.023	19.0	7.112471	3.043115
2023-03-13 19:25:49	143104369.43	19.0	7.1132	3.046515
2023-03-13 19:25:49	144247473.8	19.0	7.114014	3.072429
2023-03-13 19:25:50	145391721.274	19.0	7.112571	3.042572
2023-03-13 19:25:50	146537112.995	19.0	7.1131	3.064315
2023-03-13 19:25:51	147683650.108	19.0	7.112429	3.074057
2023-03-13 19:25:51	148831333.758	19.0	7.111871	3.048085
2023-03-13 19:25:52	149980165.092	19.0	7.113657	3.078
2023-03-13 19:25:52	151130145.257	19.0	7.113243	3.065343
2023-03-13 19:25:53	152281275.402	19.0	7.113157	3.0632
2023-03-13 19:25:53	153433556.677	19.0	7.114871	3.078572
2023-03-13 19:25:54	154586990.234	19.0	7.112871	3.059313
2023-03-13 19:25:55	155741577.224	19.0	7.112386	3.044515
2023-03-13 19:25:55	156897318.802	19.0	7.112514	3.075687
2023-03-13 19:25:56	158054216.12	19.0	7.112843	3.0812
2023-03-13 19:25:56	159212270.336	19.0	7.114629	3.075343
2023-03-13 19:25:57	160371482.607	19.0	7.113528	3.061515
2023-03-13 19:25:57	161531854.089	19.0	7.113414	3.050772
2023-03-13 19:25:58	162693385.944	19.0	7.112471	3.052313
2023-03-13 19:25:58	163856079.329	19.0	7.113457	3.086571
2023-03-13 19:25:59	165019935.409	19.0	7.113628	3.075343
2023-03-13 19:25:59	166184955.344	19.0	7.112971	3.0568
2023-03-13 19:26:00	167351140.3	19.0	7.112429	3.069257
2023-03-13 19:26:00	168518491.44	19.0	7.1139	3.091143
2023-03-13 19:26:01	169687009.931	19.0	7.113314	3.059943
2023-03-13 19:26:01	170856696.941	19.0	7.113472	3.058429
2023-03-13 19:26:02	172027553.638	19.0	7.1125	3.059085
2023-03-13 19:26:02	173199581.192	19.0	7.113871	3.061685
2023-03-13 19:26:03	174372780.773	19.0	7.111814	3.057143
2023-03-13 19:26:03	175547153.554	19.0	7.113557	3.060513
2023-03-13 19:26:04	176722700.707	19.0	7.113157	3.061515
2023-03-13 19:26:05	177899423.408	19.0	7.114186	3.060457
2023-03-13 19:26:05	179077322.831	19.0	7.113729	3.063085
2023-03-13 19:26:06	180256400.154	19.0	7.113472	3.075972
2023-03-13 19:26:06	181436656.554	19.0	7.115643	3.086
2023-03-13 19:26:07	182618093.211	19.0	7.115871	3.092743
2023-03-13 19:26:07	183800711.304	19.0	7.115314	3.0904
2023-03-13 19:26:08	184984512.015	19.0	7.115257	3.072743
2023-03-13 19:26:08	186169496.527	19.0	7.112543	3.054885
2023-03-13 19:26:09	187355666.024	19.0	7.114271	3.068771
2023-03-13 19:26:09	188543021.69	19.0	7.115314	3.093229
2023-03-13 19:26:10	189731564.712	19.0	7.114457	3.0886
2023-03-13 19:26:10	190921296.276	19.0	7.113871	3.060457
2023-03-13 19:26:11	192112217.573	19.0	7.115285	3.069
2023-03-13 19:26:11	193304329.79	19.0	7.117257	3.086113
2023-03-13 19:26:12	194497634.12	19.0	7.115529	3.054029
2023-03-13 19:26:12	195692131.754	19.0	7.114928	3.083
2023-03-13 19:26:13	196887823.886	19.0	7.115814	3.056315
2023-03-13 19:26:13	198084711.71	19.0	7.116771	3.096543
2023-03-13 19:26:14	199282796.422	19.0	7.116086	3.064315
2023-03-13 19:26:15	200482079.218	19.0	7.116042	3.093457
2023-03-13 19:26:15	201682561.297	19.0	7.114071	3.065457
2023-03-13 19:26:16	202884243.858	19.0	7.1158	3.095285
2023-03-13 19:26:16	204087128.102	19.0	7.113842	3.061172
2023-03-13 19:26:17	205291215.23	19.0	7.113043	3.083857
2023-03-13 19:26:17	206496506.446	19.0	7.114128	3.063829
2023-03-13 19:26:18	207703002.952	19.0	7.114443	3.0942
2023-03-13 19:26:18	208910705.955	19.0	7.115743	3.071543
2023-03-13 19:26:19	210119616.661	19.0	7.115129	3.096057
2023-03-13 19:26:19	211329736.278	19.0	7.115314	3.097657
2023-03-13 19:26:20	212541066.014	19.0	7.1168	3.080429
2023-03-13 19:26:20	213753607.08	19.0	7.115143	3.064829
2023-03-13 19:26:21	214967360.687	19.0	7.115015	3.072029
2023-03-13 19:26:21	216182328.048	19.0	7.114786	3.098713
2023-03-13 19:26:22	217398510.376	19.0	7.116343	3.0724
2023-03-13 19:26:22	218615908.886	19.0	7.113256	3.063657
2023-03-13 19:26:23	219834524.795	19.0	7.114957	3.097171
2023-03-13 19:26:24	221054359.32	19.0	7.1141	3.0894
2023-03-13 19:26:24	222275413.679	19.0	7.112157	3.067915
2023-03-13 19:26:25	223497689.093	19.0	7.114943	3.096829
2023-03-13 19:26:25	224721186.782	19.0	7.115143	3.083029
2023-03-13 19:26:26	225945907.969	19.0	7.114957	3.072857
2023-03-13 19:26:26	227171853.877	19.0	7.115814	3.1026
2023-03-13 19:26:27	228399025.731	19.0	7.115386	3.074685
2023-03-13 19:26:27	229627424.756	19.0	7.114271	3.1048
2023-03-13 19:26:28	230857052.181	19.0	7.115614	3.0808
2023-03-13 19:26:28	232087909.233	19.0	7.114386	3.070285
2023-03-13 19:26:29	233319997.142	19.0	7.1161	3.1024
2023-03-13 19:26:29	234553317.14	19.0	7.116072	3.103972
2023-03-13 19:26:30	235787870.457	19.0	7.115743	3.097629
2023-03-13 19:26:30	237023658.327	19.0	7.114914	3.0944
2023-03-13 19:26:31	238260681.986	19.0	7.1161	3.103857
2023-03-13 19:26:31	239498942.668	19.0	7.115786	3.102115
2023-03-13 19:26:32	240738441.61	19.0	7.115057	3.075885
2023-03-13 19:26:32	241979180.052	19.0	7.113686	3.0694
2023-03-13 19:26:33	243221159.232	19.0	7.115015	3.066943
2023-03-13 19:26:33	244464380.391	19.0	7.112	3.066143
2023-03-13 19:26:34	245708844.771	19.0	7.113986	3.107713
2023-03-13 19:26:35	246954553.616	19.0	7.1127	3.075513
2023-03-13 19:26:35	248201508.17	19.0	7.114086	3.110429
2023-03-13 19:26:36	249449709.678	19.0	7.114557	3.073457
2023-03-13 19:26:36	250699159.388	19.0	7.114157	3.09
2023-03-13 19:26:37	251949858.547	19.0	7.1145	3.091915
2023-03-13 19:26:37	253201808.406	19.0	7.114699	3.099257
2023-03-13 19:26:38	254455010.214	19.0	7.114572	3.078229
2023-03-13 19:26:38	255709465.224	19.0	7.114414	3.079857
2023-03-13 19:26:39	256965174.689	19.0	7.114443	3.080571
2023-03-13 19:26:39	258222139.864	19.0	7.115343	3.103229
2023-03-13 19:26:40	259480362.004	19.0	7.1145	3.073
2023-03-13 19:26:40	260739842.366	19.0	7.115743	3.090971
2023-03-13 19:26:41	262000582.208	19.0	7.115629	3.102629
2023-03-13 19:26:41	263262582.791	19.0	7.114429	3.095285
2023-03-13 19:26:42	264525845.373	19.0	7.113943	3.070029
2023-03-13 19:26:42	265790371.219	19.0	7.114814	3.088371
2023-03-13 19:26:43	267056161.59	19.0	7.116428	3.108143
2023-03-13 19:26:43	268323217.752	19.0	7.115243	3.100315
2023-03-13 19:26:44	269591540.969	19.0	7.1143	3.076113
2023-03-13 19:26:45	270861132.51	19.0	7.113986	3.094887
2023-03-13 19:26:45	272131993.643	19.0	7.1156	3.112315
2023-03-13 19:26:46	273404125.636	19.0	7.115786	3.093715
2023-03-13 19:26:46	274677529.762	19.0	7.113443	3.078
2023-03-13 19:26:47	275952207.292	19.0	7.113914	3.1068
2023-03-13 19:26:47	277228159.499	19.0	7.116371	3.105
2023-03-13 19:26:48	278505387.659	19.0	7.114157	3.0758
2023-03-13 19:26:48	279783893.046	19.0	7.114542	3.0866
2023-03-13 19:26:49	281063676.939	19.0	7.116028	3.107087
2023-03-13 19:26:49	282344740.616	19.0	7.116057	3.097429
2023-03-13 19:26:50	283627085.357	19.0	7.114443	3.077857
2023-03-13 19:26:50	284910712.442	19.0	7.114643	3.075372
2023-03-13 19:26:51	286195623.155	19.0	7.114842	3.084085
2023-03-13 19:26:51	287481818.778	19.0	7.114343	3.095943
2023-03-13 19:26:52	288769300.597	19.0	7.114028	3.085743
2023-03-13 19:26:52	290058069.897	19.0	7.114786	3.08
2023-03-13 19:26:53	291348127.967	19.0	7.114471	3.081028
2023-03-13 19:26:54	292639476.095	19.0	7.116171	3.084172
2023-03-13 19:26:54	293932115.571	19.0	7.1134	3.084543
2023-03-13 19:26:55	295226047.687	19.0	7.114486	3.115457
2023-03-13 19:26:55	296521273.734	19.0	7.116014	3.0974
2023-03-13 19:26:56	297817795.008	19.0	7.114	3.108887
2023-03-13 19:26:56	299115612.803	19.0	7.114514	3.0898
2023-03-13 19:26:57	300414728.416	19.0	7.114429	3.1026
2023-03-13 19:26:57	301715143.144	19.0	7.115285	3.093572
2023-03-13 19:26:58	303016858.288	19.0	7.114257	3.115857
2023-03-13 19:26:58	304319875.146	19.0	7.115085	3.081629
2023-03-13 19:26:59	305624195.021	19.0	7.115129	3.116229
2023-03-13 19:26:59	306929819.216	19.0	7.114114	3.087257
2023-03-13 19:27:00	308236749.035	19.0	7.112471	3.100885
2023-03-13 19:27:00	309544985.784	19.0	7.115514	3.122657
2023-03-13 19:27:01	310854530.77	19.0	7.113829	3.116429
2023-03-13 19:27:01	312165385.301	19.0	7.114386	3.092887
2023-03-13 19:27:02	313477550.686	19.0	7.113943	3.086772
2023-03-13 19:27:03	314791028.237	19.0	7.114186	3.083285
2023-03-13 19:27:03	316105819.265	19.0	7.112272	3.085315
2023-03-13 19:27:04	317421925.084	19.0	7.112743	3.109257
2023-03-13 19:27:04	318739347.009	19.0	7.113857	3.114657
2023-03-13 19:27:05	320058086.356	19.0	7.114471	3.119657
2023-03-13 19:27:05	321378144.443	19.0	7.114443	3.098887
2023-03-13 19:27:06	322699522.587	19.0	7.113086	3.089828
2023-03-13 19:27:06	324022222.11	19.0	7.115643	3.120085
2023-03-13 19:27:07	325346244.332	19.0	7.114028	3.109487
2023-03-13 19:27:07	326671590.576	19.0	7.112957	3.089657
2023-03-13 19:27:08	327998262.167	19.0	7.115171	3.111029
2023-03-13 19:27:08	329326260.429	19.0	7.113114	3.092771
2023-03-13 19:27:09	330655586.689	19.0	7.114786	3.120715
2023-03-13 19:27:09	331986242.276	19.0	7.113129	3.110743
2023-03-13 19:27:10	333318228.518	19.0	7.114985	3.105885
2023-03-13 19:27:10	334651546.747	19.0	7.114757	3.097143
2023-03-13 19:27:11	335986198.294	19.0	7.1159	3.121857
2023-03-13 19:27:11	337322184.492	19.0	7.114886	3.102972
2023-03-13 19:27:12	338659506.676	19.0	7.1153	3.124913
2023-03-13 19:27:13	339998166.183	19.0	7.113686	3.090229
2023-03-13 19:27:13	341338164.349	19.0	7.1137	3.095887
2023-03-13 19:27:14	342679502.514	19.0	7.113971	3.125029
2023-03-13 19:27:14	344022182.016	19.0	7.114743	3.093287
2023-03-13 19:27:15	345366204.198	19.0	7.115114	3.105943
2023-03-13 19:27:15	346711570.402	19.0	7.115629	3.129743
2023-03-13 19:27:16	348058281.973	19.0	7.114914	3.109572
2023-03-13 19:27:16	349406340.255	19.0	7.114585	3.1142
2023-03-13 19:27:17	350755746.595	19.0	7.114542	3.106
2023-03-13 19:27:17	352106502.342	19.0	7.112871	3.091657
2023-03-13 19:27:18	353458608.844	19.0	7.112828	3.119572
2023-03-13 19:27:18	354812067.453	19.0	7.113829	3.112829
2023-03-13 19:27:19	356166879.52	19.0	7.114743	3.090743
2023-03-13 19:27:19	357523046.4	19.0	7.114886	3.089657
2023-03-13 19:27:20	358880569.446	19.0	7.116114	3.0902
2023-03-13 19:27:21	360239450.016	19.0	7.114886	3.123172
2023-03-13 19:27:21	361599689.466	19.0	7.117428	3.105543
2023-03-13 19:27:22	362961289.155	19.0	7.116671	3.100543
2023-03-13 19:27:22	364324250.444	19.0	7.114943	3.096687
2023-03-13 19:27:23	365688574.695	19.0	7.114043	3.101429
2023-03-13 19:27:23	367054263.269	19.0	7.116786	3.110143
2023-03-13 19:27:24	368421317.533	19.0	7.114743	3.119715
2023-03-13 19:27:24	369789738.85	19.0	7.114828	3.107515
2023-03-13 19:27:25	371159528.589	19.0	7.115814	3.125657
2023-03-13 19:27:25	372530688.118	19.0	7.116357	3.094315
2023-03-13 19:27:26	373903218.806	19.0	7.118314	3.127543
2023-03-13 19:27:26	375277122.025	19.0	7.115343	3.121543
2023-03-13 19:27:27	376652399.147	19.0	7.116171	3.097943
2023-03-13 19:27:27	378029051.546	19.0	7.115914	3.108115
2023-03-13 19:27:28	379407080.597	19.0	7.117457	3.129857
2023-03-13 19:27:28	380786487.678	19.0	7.115586	3.114257
2023-03-13 19:27:29	382167274.166	19.0	7.116214	3.099971
2023-03-13 19:27:29	383549441.44	19.0	7.115185	3.095571
2023-03-13 19:27:30	384932990.881	19.0	7.114857	3.107029
2023-03-13 19:27:31	386317923.872	19.0	7.116385	3.113485
2023-03-13 19:27:31	387704241.796	19.0	7.117186	3.128515
2023-03-13 19:27:32	389091946.038	19.0	7.116428	3.1288
2023-03-13 19:27:32	390481037.984	19.0	7.115857	3.1254
2023-03-13 19:27:33	391871519.022	19.0	7.115928	3.114085
2023-03-13 19:27:33	393263390.541	19.0	7.116714	3.113657
2023-03-13 19:27:34	394656653.931	19.0	7.1188	3.125772
2023-03-13 19:27:34	396051310.585	19.0	7.118343	3.134572
2023-03-13 19:27:35	397447361.896	19.0	7.116057	3.109285
2023-03-13 19:27:35	398844809.258	19.0	7.114828	3.1038
2023-03-13 19:27:36	400243654.067	19.0	7.1166	3.106429
2023-03-13 19:27:36	401643897.721	19.0	7.114214	3.117657
2023-03-13 19:27:37	403045541.619	19.0	7.116114	3.116885
2023-03-13 19:27:37	404448587.16	19.0	7.115015	3.102372
2023-03-13 19:27:38	405853035.747	19.0	7.116957	3.132487
2023-03-13 19:27:38	407258888.783	19.0	7.118714	3.122972
2023-03-13 19:27:39	408666147.672	19.0	7.117171	3.129343
2023-03-13 19:27:40	410074813.82	19.0	7.116986	3.1312
2023-03-13 19:27:40	411484888.634	19.0	7.117671	3.095057
2023-03-13 19:27:41	412896373.522	19.0	7.115885	3.098029
2023-03-13 19:27:41	414309269.896	19.0	7.1165	3.102829
2023-03-13 19:27:42	415723579.166	19.0	7.116414	3.125229
2023-03-13 19:27:42	417139302.745	19.0	7.117257	3.125543
2023-03-13 19:27:43	418556442.047	19.0	7.114943	3.101515
2023-03-13 19:27:43	419974998.49	19.0	7.117443	3.119172
2023-03-13 19:27:44	421394973.488	19.0	7.115471	3.121515
2023-03-13 19:27:44	422816368.462	19.0	7.116686	3.115
2023-03-13 19:27:45	424239184.83	19.0	7.1153	3.084487
2023-03-13 19:27:45	425663424.015	19.0	7.117414	3.139887
2023-03-13 19:27:46	427089087.439	19.0	7.114971	3.102715
2023-03-13 19:27:46	428516176.526	19.0	7.116457	3.126343
2023-03-13 19:27:47	429944692.703	19.0	7.114243	3.106943
2023-03-13 19:27:47	431374637.395	19.0	7.1167	3.127543
2023-03-13 19:27:48	432806012.033	19.0	7.116686	3.135743
2023-03-13 19:27:48	434238818.045	19.0	7.116628	3.1284
2023-03-13 19:27:49	435673056.863	19.0	7.116586	3.106515
2023-03-13 19:27:50	437108729.92	19.0	7.1182	3.1048
2023-03-13 19:27:50	438545838.65	19.0	7.116842	3.102057
2023-03-13 19:27:51	439984384.488	19.0	7.116	3.113513
2023-03-13 19:27:51	441424368.873	19.0	7.116385	3.096429
2023-03-13 19:27:52	442865793.242	19.0	7.116042	3.127572
2023-03-13 19:27:52	444308659.035	19.0	7.116443	3.141629
2023-03-13 19:27:53	445752967.694	19.0	7.117286	3.092287
2023-03-13 19:27:53	447198720.662	19.0	7.116886	3.118287
2023-03-13 19:27:54	448645919.382	19.0	7.116686	3.096657
2023-03-13 19:27:54	450094565.302	19.0	7.1165	3.140715
2023-03-13 19:27:55	451544659.867	19.0	7.1164	3.142372
2023-03-13 19:27:55	452996204.527	19.0	7.116357	3.124343
2023-03-13 19:27:56	454449200.731	19.0	7.115443	3.094315
2023-03-13 19:27:56	455903649.932	19.0	7.116714	3.105715
2023-03-13 19:27:57	457359553.582	19.0	7.117114	3.129057
2023-03-13 19:27:57	458816913.136	19.0	7.117843	3.104885
2023-03-13 19:27:58	460275730.049	19.0	7.116942	3.110343
2023-03-13 19:27:58	461736005.779	19.0	7.1162	3.143343
2023-03-13 19:27:59	463197741.785	19.0	7.116371	3.135743
2023-03-13 19:28:00	464660939.526	19.0	7.116828	3.116487
2023-03-13 19:28:00	466125600.466	19.0	7.116257	3.134143
2023-03-13 19:28:01	467591726.066	19.0	7.115571	3.108257
2023-03-13 19:28:01	469059317.793	19.0	7.1171	3.140772
2023-03-13 19:28:02	470528377.11	19.0	7.115671	3.132772
2023-03-13 19:28:02	471998905.487	19.0	7.117943	3.130457
2023-03-13 19:28:03	473470904.393	19.0	7.1156	3.151543
2023-03-13 19:28:03	474944375.297	19.0	7.114214	3.120029
2023-03-13 19:28:04	476419319.673	19.0	7.114786	3.115371
2023-03-13 19:28:04	477895738.992	19.0	7.1153	3.146629
2023-03-13 19:28:05	479373634.731	19.0	7.115343	3.115772
2023-03-13 19:28:05	480853008.366	19.0	7.116414	3.154172
2023-03-13 19:28:06	482333861.374	19.0	7.115543	3.114715
2023-03-13 19:28:06	483816195.236	19.0	7.118629	3.125087
2023-03-13 19:28:07	485300011.431	19.0	7.118472	3.151543
2023-03-13 19:28:07	486785311.442	19.0	7.117143	3.151515
2023-03-13 19:28:08	488272096.754	19.0	7.117057	3.133771
2023-03-13 19:28:09	489760368.851	19.0	7.118086	3.134172
2023-03-13 19:28:09	491250129.219	19.0	7.117929	3.120685
2023-03-13 19:28:10	492741379.349	19.0	7.116128	3.125
2023-03-13 19:28:10	494234120.728	19.0	7.116214	3.172485
2023-03-13 19:28:11	495728354.849	19.0	7.118785	3.250943
2023-03-13 19:28:11	497224083.204	19.0	7.117899	3.198429
2023-03-13 19:28:12	498721307.287	19.0	7.118385	3.179257
2023-03-13 19:28:12	500220028.594	19.0	7.116786	3.194257
2023-03-13 19:28:13	501720248.623	19.0	7.120272	3.268913
2023-03-13 19:28:13	503221968.871	19.0	7.118214	3.243915
2023-03-13 19:28:14	504725190.84	19.0	7.118186	3.202743
2023-03-13 19:28:14	506229916.031	19.0	7.1196	3.2508
2023-03-13 19:28:15	507736145.947	19.0	7.119257	3.239829
2023-03-13 19:28:15	509243882.093	19.0	7.118443	3.219057
2023-03-13 19:28:16	510753125.975	19.0	7.1192	3.214457
2023-03-13 19:28:16	512263879.101	19.0	7.120928	3.271285
2023-03-13 19:28:17	513776142.98	19.0	7.117685	3.2214
2023-03-13 19:28:17	515289919.123	19.0	7.1178	3.184229
2023-03-13 19:28:18	516805209.042	19.0	7.118757	3.179913
2023-03-13 19:28:19	518322014.251	19.0	7.117286	3.147972
2023-03-13 19:28:19	519840336.266	19.0	7.118243	3.143857
2023-03-13 19:28:20	521360176.602	19.0	7.118629	3.152372
2023-03-13 19:28:20	522881536.778	19.0	7.118271	3.1534
2023-03-13 19:28:21	524404418.315	19.0	7.117728	3.149913
2023-03-13 19:28:21	525928822.734	19.0	7.117971	3.139343
2023-03-13 19:28:22	527454751.556	19.0	7.117143	3.128771
2023-03-13 19:28:22	528982206.308	19.0	7.116457	3.116315
2023-03-13 19:28:23	530511188.514	19.0	7.116914	3.122943
2023-03-13 19:28:23	532041699.703	19.0	7.115957	3.118913
2023-03-13 19:28:24	533573741.402	19.0	7.115643	3.115571
2023-03-13 19:28:24	535107315.144	19.0	7.118514	3.114829
2023-03-13 19:28:25	536642422.459	19.0	7.117871	3.1148
2023-03-13 19:28:25	538179064.881	19.0	7.1178	3.116772
2023-03-13 19:28:26	539717243.946	19.0	7.117943	3.131285
2023-03-13 19:28:26	541256961.19	19.0	7.118986	3.1454
2023-03-13 19:28:27	542798218.151	19.0	7.118843	3.147313
2023-03-13 19:28:27	544341016.369	19.0	7.117785	3.121229
2023-03-13 19:28:28	545885357.386	19.0	7.117357	3.113943
2023-03-13 19:28:29	547431242.743	19.0	7.117414	3.149829
2023-03-13 19:28:29	548978673.986	19.0	7.117129	3.113657
2023-03-13 19:28:30	550527652.66	19.0	7.117157	3.145657
2023-03-13 19:28:30	552078180.313	19.0	7.118329	3.1318
2023-03-13 19:28:31	553630258.493	19.0	7.119557	3.162143
2023-03-13 19:28:31	555183888.751	19.0	7.121186	3.214572
2023-03-13 19:28:32	556739072.64	19.0	7.121686	3.183771
2023-03-13 19:28:32	558295811.713	19.0	7.121072	3.178313
2023-03-13 19:28:33	559854107.525	19.0	7.1226	3.238687
2023-03-13 19:28:33	561413961.632	19.0	7.120457	3.158887
2023-03-13 19:28:34	562975375.594	19.0	7.119957	3.111543
2023-03-13 19:28:34	564538350.969	19.0	7.1198	3.1324
2023-03-13 19:28:35	566102889.32	19.0	7.120428	3.098143
2023-03-13 19:28:35	567668992.21	19.0	7.120514	3.098572
2023-03-13 19:28:36	569236661.202	19.0	7.1207	3.110343
2023-03-13 19:28:36	570805897.863	19.0	7.121171	3.121687
2023-03-13 19:28:37	572376703.761	19.0	7.122629	3.125685
2023-03-13 19:28:38	573949080.465	19.0	7.1246	3.120571
2023-03-13 19:28:38	575523029.545	19.0	7.122728	3.120085
2023-03-13 19:28:39	577098552.575	19.0	7.123971	3.115285
2023-03-13 19:28:39	578675651.127	19.0	7.124871	3.106
2023-03-13 19:28:40	580254326.778	19.0	7.123271	3.090915
2023-03-13 19:28:40	581834581.105	19.0	7.122086	3.0846
2023-03-13 19:28:41	583416415.686	19.0	7.123243	3.093
2023-03-13 19:28:41	584999832.102	19.0	7.124243	3.093257
2023-03-13 19:28:42	586584831.934	19.0	7.123271	3.105429
2023-03-13 19:28:42	588171416.766	19.0	7.120785	3.1398
2023-03-13 19:28:43	589759588.183	19.0	7.121328	3.1262
2023-03-13 19:28:43	591349347.771	19.0	7.121072	3.103572
2023-03-13 19:28:44	592940697.119	19.0	7.118871	3.104629
2023-03-13 19:28:44	594533637.816	19.0	7.119	3.107257
2023-03-13 19:28:45	596128171.454	19.0	7.117386	3.129943
2023-03-13 19:28:45	597724299.625	19.0	7.119085	3.133371
2023-03-13 19:28:46	599322023.925	19.0	7.118057	3.128887
2023-03-13 19:28:46	600921345.949	19.0	7.117986	3.150743
2023-03-13 19:28:47	602522267.295	19.0	7.115857	3.123143
2023-03-13 19:28:47	604124789.562	19.0	7.116414	3.139229
2023-03-13 19:28:48	605728914.351	19.0	7.116986	3.133287
2023-03-13 19:28:49	607334643.266	19.0	7.117271	3.167829
2023-03-13 19:28:49	608941977.909	19.0	7.118385	3.161943
2023-03-13 19:28:50	610550919.887	19.0	7.118457	3.152429
2023-03-13 19:28:50	612161470.807	19.0	7.119529	3.158029
2023-03-13 19:28:51	613773632.278	19.0	7.117557	3.166057
2023-03-13 19:28:51	615387405.91	19.0	7.117243	3.170657
2023-03-13 19:28:52	617002793.316	19.0	7.117814	3.172572
2023-03-13 19:28:52	618619796.109	19.0	7.117328	3.173943
2023-03-13 19:28:53	620238415.905	19.0	7.117528	3.177743
2023-03-13 19:28:53	621858654.321	19.0	7.118829	3.178172
2023-03-13 19:28:54	623480512.975	19.0	7.117371	3.160829
2023-03-13 19:28:54	625103993.488	19.0	7.1165	3.154343
2023-03-13 19:28:55	626729097.482	19.0	7.114371	3.129943
2023-03-13 19:28:55	628355826.579	19.0	7.114757	3.105857
2023-03-13 19:28:56	629984182.406	19.0	7.115771	3.116229
2023-03-13 19:28:56	631614166.588	19.0	7.114557	3.130743
2023-03-13 19:28:57	633245780.755	19.0	7.1154	3.130487
2023-03-13 19:28:58	634879026.536	19.0	7.1158	3.142029
2023-03-13 19:28:58	636513905.562	19.0	7.116428	3.1378
2023-03-13 19:28:59	638150419.468	19.0	7.116171	3.125029
2023-03-13 19:28:59	639788569.887	19.0	7.116271	3.135715
2023-03-13 19:29:00	641428358.457	19.0	7.118614	3.189943
2023-03-13 19:29:00	643069786.816	19.0	7.1167	3.153571
2023-03-13 19:29:01	644712856.602	19.0	7.115143	3.150772
2023-03-13 19:29:01	646357569.459	19.0	7.1154	3.140543
2023-03-13 19:29:02	648003927.029	19.0	7.115985	3.141429
2023-03-13 19:29:02	649651930.956	19.0	7.1136	3.108543
2023-03-13 19:29:03	651301582.886	19.0	7.115829	3.178343
2023-03-13 19:29:03	652952884.469	19.0	7.117557	3.1876
2023-03-13 19:29:04	654605837.354	19.0	7.1159	3.17
2023-03-13 19:29:04	656260443.191	19.0	7.115629	3.165543
2023-03-13 19:29:05	657916703.634	19.0	7.115728	3.170829
2023-03-13 19:29:05	659574620.338	19.0	7.115771	3.156457
2023-03-13 19:29:06	661234194.958	19.0	7.118485	3.209887
2023-03-13 19:29:07	662895429.153	19.0	7.116614	3.212487
2023-03-13 19:29:07	664558324.582	19.0	7.118542	3.197829
2023-03-13 19:29:08	666222882.907	19.0	7.117528	3.1806
2023-03-13 19:29:08	667889105.79	19.0	7.115657	3.179685
2023-03-13 19:29:09	669556994.896	19.0	7.117199	3.218029
2023-03-13 19:29:09	671226551.891	19.0	7.117214	3.207885
2023-03-13 19:29:10	672897778.443	19.0	7.116929	3.183457
2023-03-13 19:29:10	674570676.221	19.0	7.115972	3.199943
2023-03-13 19:29:11	676245246.897	19.0	7.1185	3.219857
2023-03-13 19:29:11	677921492.144	19.0	7.113357	3.189287
2023-03-13 19:29:12	679599413.636	19.0	7.115843	3.212743
2023-03-13 19:29:12	681279013.05	19.0	7.117186	3.219629
2023-03-13 19:29:13	682960292.063	19.0	7.116728	3.199029
2023-03-13 19:29:13	684643252.355	19.0	7.116757	3.2344
2023-03-13 19:29:14	686327895.607	19.0	7.116285	3.223715
2023-03-13 19:29:14	688014223.503	19.0	7.116528	3.1984
2023-03-13 19:29:15	689702237.726	19.0	7.117014	3.234657
2023-03-13 19:29:15	691391939.964	19.0	7.118428	3.274943
2023-03-13 19:29:16	693083331.904	19.0	7.121	3.373743
2023-03-13 19:29:16	694776415.236	19.0	7.121829	3.363829
2023-03-13 19:29:17	696471191.651	19.0	7.123457	3.506285
2023-03-13 19:29:18	698167662.843	19.0	7.1226	3.4704
2023-03-13 19:29:18	699865830.506	19.0	7.124886	3.504372
2023-03-13 19:29:19	701565696.336	19.0	7.123285	3.463513
2023-03-13 19:29:19	703267262.033	19.0	7.123985	3.498657
2023-03-13 19:29:20	704970529.295	19.0	7.1244	3.5396
2023-03-13 19:29:20	706675499.824	19.0	7.128829	3.720659
2023-03-13 19:29:21	708382175.324	19.0	7.132129	3.792315
2023-03-13 19:29:21	710090557.499	19.0	7.130971	3.771715
2023-03-13 19:29:22	711800648.057	19.0	7.130729	3.750915
2023-03-13 19:29:22	713512448.705	19.0	7.129786	3.771572
2023-03-13 19:29:23	715225961.153	19.0	7.131072	3.7864
2023-03-13 19:29:23	716941187.115	19.0	7.131957	3.834857
2023-03-13 19:29:24	718658128.302	19.0	7.132371	3.834572
2023-03-13 19:29:24	720376786.43	19.0	7.131371	3.842485
2023-03-13 19:29:25	722097163.216	19.0	7.1344	3.950943
2023-03-13 19:29:25	723819260.38	19.0	7.134471	3.995257
2023-03-13 19:29:26	725543079.64	19.0	7.134186	4.008457
2023-03-13 19:29:26	727268622.72	19.0	7.1327	3.986429
2023-03-13 19:29:27	728995891.342	19.0	7.134214	4.083259
2023-03-13 19:29:28	730724887.234	19.0	7.133514	4.013972
2023-03-13 19:29:28	732455612.121	19.0	7.1326	3.970659
2023-03-13 19:29:29	734188067.733	19.0	7.133771	3.971315
2023-03-13 19:29:29	735922255.801	19.0	7.131485	3.917857
2023-03-13 19:29:30	737658178.057	19.0	7.132671	3.9752
2023-03-13 19:29:30	739395836.235	19.0	7.133371	3.996315
2023-03-13 19:29:31	741135232.071	19.0	7.131786	3.822801
2023-03-13 19:29:31	742876367.303	19.0	7.130186	3.781315
2023-03-13 19:29:32	744619243.67	19.0	7.130428	3.820429
2023-03-13 19:29:32	746363862.914	19.0	7.131128	3.784772
2023-03-13 19:29:33	748110226.777	19.0	7.129942	3.822629
2023-03-13 19:29:33	749858337.004	19.0	7.130257	3.778
2023-03-13 19:29:34	751608195.341	19.0	7.131485	3.817687
2023-03-13 19:29:34	753359803.536	19.0	7.128857	3.778372
2023-03-13 19:29:35	755113163.339	19.0	7.130143	3.819028
2023-03-13 19:29:35	756868276.503	19.0	7.129328	3.7798
2023-03-13 19:29:36	758625144.779	19.0	7.132557	3.814487
2023-03-13 19:29:37	760383769.924	19.0	7.128457	3.774257
2023-03-13 19:29:37	762144153.694	19.0	7.130314	3.8144
2023-03-13 19:29:38	763906297.848	19.0	7.130943	3.788372
2023-03-13 19:29:38	765670204.146	19.0	7.1298	3.806029
2023-03-13 19:29:39	767435874.35	19.0	7.1305	3.789772
2023-03-13 19:29:39	769203310.224	19.0	7.128142	3.766057
2023-03-13 19:29:40	770972513.534	19.0	7.1302	3.807772
2023-03-13 19:29:40	772743486.048	19.0	7.129685	3.770515
2023-03-13 19:29:41	774516229.534	19.0	7.129672	3.804429
2023-03-13 19:29:41	776290745.763	19.0	7.128671	3.780829
2023-03-13 19:29:42	778067036.509	19.0	7.129971	3.767772
2023-03-13 19:29:42	779845103.546	19.0	7.129629	3.801143
2023-03-13 19:29:43	781624948.649	19.0	7.1286	3.752743
2023-03-13 19:29:43	783406573.598	19.0	7.131329	3.786771
2023-03-13 19:29:44	785189980.171	19.0	7.131414	3.749257
2023-03-13 19:29:44	786975170.152	19.0	7.128157	3.651543
2023-03-13 19:29:45	788762145.322	19.0	7.126729	3.586515
2023-03-13 19:29:45	790550907.467	19.0	7.124	3.526743
2023-03-13 19:29:46	792341458.375	19.0	7.124529	3.476887
2023-03-13 19:29:47	794133799.833	19.0	7.124114	3.428629
2023-03-13 19:29:47	795927933.633	19.0	7.123343	3.461115
2023-03-13 19:29:48	797723861.566	19.0	7.121886	3.425085
2023-03-13 19:29:48	799521585.428	19.0	7.118186	3.321543
2023-03-13 19:29:49	801321107.013	19.0	7.117485	3.192229
2023-03-13 19:29:49	803122428.12	19.0	7.115386	3.178657
2023-03-13 19:29:50	804925550.549	19.0	7.1134	3.1306
2023-03-13 19:29:50	806730476.099	19.0	7.112986	3.155829
2023-03-13 19:29:51	808537206.575	19.0	7.112871	3.116515
2023-03-13 19:29:51	810345743.782	19.0	7.114657	3.147771
2023-03-13 19:29:52	812156089.526	19.0	7.117757	3.252115
2023-03-13 19:29:52	813968245.615	19.0	7.116828	3.256172
2023-03-13 19:29:53	815782213.861	19.0	7.117743	3.374115
2023-03-13 19:29:53	817597996.075	19.0	7.117543	3.339287
2023-03-13 19:29:54	819415594.071	19.0	7.118642	3.385
2023-03-13 19:29:54	821235009.665	19.0	7.119557	3.414543
2023-03-13 19:29:55	823056244.674	19.0	7.120928	3.384313
2023-03-13 19:29:55	824879300.919	19.0	7.120728	3.416943
2023-03-13 19:29:56	826704180.22	19.0	7.118285	3.390971
2023-03-13 19:29:57	828530884.4	19.0	7.119629	3.431143
2023-03-13 19:29:57	830359415.285	19.0	7.122629	3.523259
2023-03-13 19:29:58	832189774.7	19.0	7.124186	3.583487
2023-03-13 19:29:58	834021964.475	19.0	7.124857	3.607172
2023-03-13 19:29:59	835855986.439	19.0	7.123414	3.576457
2023-03-13 19:29:59	837691842.425	19.0	7.124815	3.618571
2023-03-13 19:30:00	839529534.268	19.0	7.124614	3.556429
2023-03-13 19:30:00	841369063.802	19.0	7.121386	3.445829
2023-03-13 19:30:01	843210432.866	19.0	7.120972	3.457743
2023-03-13 19:30:01	845053643.299	19.0	7.120185	3.407543
2023-03-13 19:30:02	846898696.942	19.0	7.123157	3.434572
2023-03-13 19:30:02	848745595.639	19.0	7.122529	3.398059
2023-03-13 19:30:03	850594341.235	19.0	7.122257	3.396029
2023-03-13 19:30:03	852444935.576	19.0	7.117186	3.201029
2023-03-13 19:30:04	854297380.512	19.0	7.115514	3.156172
2023-03-13 19:30:04	856151677.892	19.0	7.114686	3.115685
2023-03-13 19:30:05	858007829.57	19.0	7.115757	3.154629
2023-03-13 19:30:05	859865837.399	19.0	7.115085	3.118343
2023-03-13 19:30:06	861725703.237	19.0	7.1156	3.147
2023-03-13 19:30:07	863587428.94	19.0	7.1159	3.113572
2023-03-13 19:30:07	865451016.369	19.0	7.117085	3.142715
2023-03-13 19:30:08	867316467.385	19.0	7.115914	3.109629
2023-03-13 19:30:08	869183783.853	19.0	7.116671	3.139772
2023-03-13 19:30:09	871052967.637	19.0	7.116314	3.115543
2023-03-13 19:30:09	872924020.604	19.0	7.117714	3.137629
2023-03-13 19:30:10	874796944.625	19.0	7.115214	3.089085
2023-03-13 19:30:10	876671741.57	19.0	7.1163	3.099229
2023-03-13 19:30:11	878548413.311	19.0	7.1157	3.078943
2023-03-13 19:30:11	880426961.724	19.0	7.116057	3.073029
2023-03-13 19:30:12	882307388.686	19.0	7.1167	3.114513
2023-03-13 19:30:12	884189696.075	19.0	7.115129	3.027485
2023-03-13 19:30:13	886073885.771	19.0	7.116543	3.025657
2023-03-13 19:30:13	887959959.657	19.0	7.114786	3.0428
2023-03-13 19:30:14	889847919.616	19.0	7.113885	3.0932
2023-03-13 19:30:14	891737767.536	19.0	7.1151	3.037457
2023-03-13 19:30:15	893629505.303	19.0	7.112543	3.048143
2023-03-13 19:30:15	895523134.809	19.0	7.113657	3.047372
2023-03-13 19:30:16	897418657.944	19.0	7.116714	3.088972
2023-03-13 19:30:17	899316076.602	19.0	7.113229	3.079057
2023-03-13 19:30:17	901215392.678	19.0	7.114771	3.094685
2023-03-13 19:30:18	903116608.071	19.0	7.113914	3.0416
2023-03-13 19:30:18	905019724.679	19.0	7.114657	3.056857
2023-03-13 19:30:19	906924744.404	19.0	7.116643	3.084115
2023-03-13 19:30:19	908831669.148	19.0	7.114171	3.0648
2023-03-13 19:30:20	910740500.817	19.0	7.1168	3.094743
2023-03-13 19:30:20	912651241.318	19.0	7.1141	3.036743
2023-03-13 19:30:21	914563892.559	19.0	7.117199	3.078515
2023-03-13 19:30:21	916478456.452	19.0	7.115614	3.031915
2023-03-13 19:30:22	918394934.908	19.0	7.114414	3.055229
2023-03-13 19:30:22	920313329.843	19.0	7.115857	3.098485
2023-03-13 19:30:23	922233643.173	19.0	7.114514	3.054343
2023-03-13 19:30:23	924155876.816	19.0	7.112971	3.0464
2023-03-13 19:30:24	926080032.693	19.0	7.114643	3.097913
2023-03-13 19:30:24	928006112.726	19.0	7.1159	3.093743
2023-03-13 19:30:25	929934118.838	19.0	7.115272	3.084513
2023-03-13 19:30:25	931864052.957	19.0	7.113256	3.065571
2023-03-13 19:30:26	933795917.01	19.0	7.112685	3.036287
2023-03-13 19:30:26	935729712.927	19.0	7.1116	3.025315
2023-03-13 19:30:27	937665442.64	19.0	7.112871	3.019857
2023-03-13 19:30:28	939603108.083	19.0	7.113	3.0548
2023-03-13 19:30:28	941542711.191	19.0	7.112628	3.0158
2023-03-13 19:30:29	943484253.902	19.0	7.113457	3.057229
2023-03-13 19:30:29	945427738.156	19.0	7.1139	3.004915
2023-03-13 19:30:30	947373165.894	19.0	7.115028	3.067313
2023-03-13 19:30:30	949320539.06	19.0	7.113928	3.028629
2023-03-13 19:30:31	951269859.599	19.0	7.114714	3.094343
2023-03-13 19:30:31	953221129.459	19.0	7.116157	3.073543
2023-03-13 19:30:32	955174350.588	19.0	7.114343	3.145657
2023-03-13 19:30:32	957129524.939	19.0	7.116357	3.144887
2023-03-13 19:30:33	959086654.464	19.0	7.113256	3.129457
2023-03-13 19:30:33	961045741.118	19.0	7.115757	3.208029
2023-03-13 19:30:34	963006786.859	19.0	7.113714	3.1824
2023-03-13 19:30:34	964969793.646	19.0	7.115171	3.197943
2023-03-13 19:30:35	966934763.44	19.0	7.116014	3.204715
2023-03-13 19:30:35	968901698.203	19.0	7.1171	3.181229
2023-03-13 19:30:36	970870599.901	19.0	7.115657	3.192285
2023-03-13 19:30:37	972841470.501	19.0	7.115786	3.187257
2023-03-13 19:30:37	974814311.972	19.0	7.114886	3.183629
2023-03-13 19:30:38	976789126.284	19.0	7.119486	3.363172
2023-03-13 19:30:38	978765915.41	19.0	7.120671	3.389372
2023-03-13 19:30:39	980744681.325	19.0	7.119586	3.373172
2023-03-13 19:30:39	982725426.007	19.0	7.123314	3.474229
2023-03-13 19:30:40	984708151.433	19.0	7.121428	3.465257
2023-03-13 19:30:40	986692859.584	19.0	7.123214	3.488885
2023-03-13 19:30:41	988679552.444	19.0	7.1227	3.486372
2023-03-13 19:30:41	990668231.996	19.0	7.1222	3.476972
2023-03-13 19:30:42	992658900.228	19.0	7.120428	3.467771
2023-03-13 19:30:42	994651559.128	19.0	7.1225	3.496629
2023-03-13 19:30:43	996646210.688	19.0	7.122714	3.489087
2023-03-13 19:30:43	998642856.898	19.0	7.122314	3.472657
2023-03-13 19:30:44	1000641499.755	19.0	7.1218	3.4774
2023-03-13 19:30:44	1002642141.255	19.0	7.124456	3.463487
2023-03-13 19:30:45	1004644783.396	19.0	7.124543	3.499057
2023-03-13 19:30:45	1006649428.18	19.0	7.124629	3.541859
2023-03-13 19:30:46	1008656077.608	19.0	7.122371	3.5236
2023-03-13 19:30:46	1010664733.685	19.0	7.125957	3.600629
2023-03-13 19:30:47	1012675398.419	19.0	7.123614	3.548687
2023-03-13 19:30:48	1014688073.817	19.0	7.123586	3.5476
2023-03-13 19:30:48	1016702761.891	19.0	7.122743	3.513885
2023-03-13 19:30:49	1018719464.653	19.0	7.122529	3.508029
2023-03-13 19:30:49	1020738184.118	19.0	7.123957	3.497229
2023-03-13 19:30:50	1022758922.302	19.0	7.121929	3.476772
2023-03-13 19:30:50	1024781681.224	19.0	7.122643	3.495543
2023-03-13 19:30:51	1026806462.905	19.0	7.120471	3.462257
2023-03-13 19:30:51	1028833269.368	19.0	7.121943	3.495571
2023-03-13 19:30:52	1030862102.638	19.0	7.119786	3.462487
2023-03-13 19:30:52	1032892964.74	19.0	7.1216	3.496685
2023-03-13 19:30:53	1034925857.705	19.0	7.122457	3.458115
2023-03-13 19:30:53	1036960783.563	19.0	7.122214	3.4922
2023-03-13 19:30:54	1038997744.346	19.0	7.123857	3.458143
2023-03-13 19:30:54	1041036742.091	19.0	7.122757	3.493429
2023-03-13 19:30:55	1043077778.833	19.0	7.120657	3.451113
2023-03-13 19:30:55	1045120856.612	19.0	7.122415	3.488401
2023-03-13 19:30:56	1047165977.468	19.0	7.118857	3.449371
2023-03-13 19:30:57	1049213143.446	19.0	7.1203	3.482087
2023-03-13 19:30:57	1051262356.589	19.0	7.119371	3.4438
2023-03-13 19:30:58	1053313618.946	19.0	7.121014	3.482429
2023-03-13 19:30:58	1055366932.565	19.0	7.118542	3.438743
2023-03-13 19:30:59	1057422299.497	19.0	7.1219	3.472972
2023-03-13 19:30:59	1059479721.797	19.0	7.123514	3.434915
2023-03-13 19:31:00	1061539201.519	19.0	7.122671	3.465629
2023-03-13 19:31:00	1063600740.72	19.0	7.122186	3.430543
2023-03-13 19:31:01	1065664341.461	19.0	7.121628	3.4642
2023-03-13 19:31:01	1067730005.802	19.0	7.123814	3.429285
2023-03-13 19:31:02	1069797735.808	19.0	7.122957	3.405029
2023-03-13 19:31:02	1071867533.544	19.0	7.120914	3.364943
2023-03-13 19:31:03	1073939401.077	19.0	7.119571	3.349829
2023-03-13 19:31:03	1076013340.479	19.0	7.119543	3.342657
2023-03-13 19:31:04	1078089353.819	19.0	7.1196	3.309943
2023-03-13 19:31:04	1080167443.173	19.0	7.1185	3.279057
2023-03-13 19:31:05	1082247610.616	19.0	7.118071	3.237143
2023-03-13 19:31:05	1084329858.227	19.0	7.118014	3.247143
2023-03-13 19:31:06	1086414188.085	19.0	7.117685	3.185229
2023-03-13 19:31:06	1088500602.273	19.0	7.113729	3.140371
2023-03-13 19:31:07	1090589102.875	19.0	7.118285	3.141143
2023-03-13 19:31:08	1092679691.978	19.0	7.1188	3.172343
2023-03-13 19:31:08	1094772371.67	19.0	7.117129	3.135429
2023-03-13 19:31:09	1096867144.042	19.0	7.117214	3.167629
2023-03-13 19:31:09	1098964011.186	19.0	7.115499	3.133743
2023-03-13 19:31:10	1101062975.197	19.0	7.119471	3.160172
2023-03-13 19:31:10	1103164038.172	19.0	7.118629	3.120629
2023-03-13 19:31:11	1105267202.21	19.0	7.120015	3.151515
2023-03-13 19:31:11	1107372469.413	19.0	7.119028	3.125685
2023-03-13 19:31:12	1109479841.882	19.0	7.117986	3.129829
2023-03-13 19:31:12	1111589321.724	19.0	7.118243	3.106743
2023-03-13 19:31:13	1113700911.046	19.0	7.1188	3.101572
2023-03-13 19:31:13	1115814611.957	19.0	7.120314	3.115943
2023-03-13 19:31:14	1117930426.569	19.0	7.121786	3.107429
2023-03-13 19:31:14	1120048356.995	19.0	7.120557	3.113857
2023-03-13 19:31:15	1122168405.352	19.0	7.121943	3.080087
2023-03-13 19:31:15	1124290573.757	19.0	7.121099	3.108515
2023-03-13 19:31:16	1126414864.331	19.0	7.121414	3.082943
2023-03-13 19:31:16	1128541279.196	19.0	7.121557	3.094229
2023-03-13 19:31:17	1130669820.475	19.0	7.119429	3.074685
2023-03-13 19:31:18	1132800490.295	19.0	7.119757	3.1078
2023-03-13 19:31:18	1134933290.786	19.0	7.1182	3.083485
2023-03-13 19:31:19	1137068224.076	19.0	7.118943	3.1136
2023-03-13 19:31:19	1139205292.3	19.0	7.118086	3.081457
2023-03-13 19:31:20	1141344497.593	19.0	7.117543	3.115457
2023-03-13 19:31:20	1143485842.09	19.0	7.116186	3.0828
2023-03-13 19:31:21	1145629327.932	19.0	7.115814	3.113343
2023-03-13 19:31:21	1147774957.26	19.0	7.115829	3.079829
2023-03-13 19:31:22	1149922732.218	19.0	7.115757	3.109972
2023-03-13 19:31:22	1152072654.95	19.0	7.113943	3.073429
2023-03-13 19:31:23	1154224727.605	19.0	7.116271	3.099229
2023-03-13 19:31:23	1156378952.332	19.0	7.115285	3.091829
2023-03-13 19:31:24	1158535331.285	19.0	7.114057	3.083029
2023-03-13 19:31:24	1160693866.616	19.0	7.113943	3.1174
2023-03-13 19:31:25	1162854560.483	19.0	7.112485	3.089828
2023-03-13 19:31:25	1165017415.043	19.0	7.115514	3.091943
2023-03-13 19:31:26	1167182432.458	19.0	7.115514	3.176057
2023-03-13 19:31:26	1169349614.891	19.0	7.118271	3.223829
2023-03-13 19:31:27	1171518964.505	19.0	7.117428	3.217829
2023-03-13 19:31:28	1173690483.47	19.0	7.117957	3.2536
2023-03-13 19:31:28	1175864173.953	19.0	7.119228	3.334057
2023-03-13 19:31:29	1178040038.127	19.0	7.120528	3.342743
2023-03-13 19:31:29	1180218078.165	19.0	7.120457	3.359572
2023-03-13 19:31:30	1182398296.244	19.0	7.122043	3.386972
2023-03-13 19:31:30	1184580694.54	19.0	7.123586	3.426713
2023-03-13 19:31:31	1186765275.234	19.0	7.122057	3.393713
2023-03-13 19:31:31	1188952040.51	19.0	7.122657	3.434087
2023-03-13 19:31:32	1191140992.55	19.0	7.120571	3.403429
2023-03-13 19:31:32	1193332133.543	19.0	7.122014	3.4414
2023-03-13 19:31:33	1195525465.676	19.0	7.1215	3.406685
2023-03-13 19:31:33	1197720991.142	19.0	7.1221	3.437771
2023-03-13 19:31:34	1199918712.133	19.0	7.120643	3.411343
2023-03-13 19:31:34	1202118630.845	19.0	7.121371	3.447915
2023-03-13 19:31:35	1204320749.476	19.0	7.122014	3.408372
2023-03-13 19:31:35	1206525070.226	19.0	7.123014	3.412057
2023-03-13 19:31:36	1208731595.296	19.0	7.125443	3.596943
2023-03-13 19:31:36	1210940326.891	19.0	7.1263	3.544429
2023-03-13 19:31:37	1213151267.218	19.0	7.127228	3.627485
2023-03-13 19:31:37	1215364418.485	19.0	7.1286	3.742115
2023-03-13 19:31:38	1217579782.904	19.0	7.128885	3.725115
2023-03-13 19:31:39	1219797362.687	19.0	7.1308	3.759601
2023-03-13 19:31:39	1222017160.049	19.0	7.128329	3.728057
2023-03-13 19:31:40	1224239177.209	19.0	7.129529	3.768543
2023-03-13 19:31:40	1226463416.386	19.0	7.129	3.727229
2023-03-13 19:31:41	1228689879.803	19.0	7.130171	3.773829
2023-03-13 19:31:41	1230918569.683	19.0	7.128843	3.792943
2023-03-13 19:31:42	1233149488.252	19.0	7.129486	3.819057
2023-03-13 19:31:42	1235382637.741	19.0	7.129043	3.884857
2023-03-13 19:31:43	1237618020.378	19.0	7.130514	3.906029
2023-03-13 19:31:43	1239855638.399	19.0	7.132628	3.918428
2023-03-13 19:31:44	1242095494.037	19.0	7.132214	3.871115
2023-03-13 19:31:44	1244337589.531	19.0	7.131628	3.923629
2023-03-13 19:31:45	1246581927.121	19.0	7.133186	3.922172
2023-03-13 19:31:45	1248828509.048	19.0	7.133	3.989029
2023-03-13 19:31:46	1251077337.557	19.0	7.1318	3.946115
2023-03-13 19:31:46	1253328414.894	19.0	7.132299	3.9782
2023-03-13 19:31:47	1255581743.309	19.0	7.133057	4.057572
2023-03-13 19:31:47	1257837325.053	19.0	7.1337	4.042885
2023-03-13 19:31:48	1260095162.378	19.0	7.135272	4.087372
2023-03-13 19:31:49	1262355257.54	19.0	7.136714	4.043657
2023-03-13 19:31:49	1264617612.798	19.0	7.1367	4.081085
2023-03-13 19:31:50	1266882230.41	19.0	7.136886	4.041343
2023-03-13 19:31:50	1269149112.641	19.0	7.136614	4.083713
2023-03-13 19:31:51	1271418261.753	19.0	7.1371	4.041572
2023-03-13 19:31:51	1273689680.015	19.0	7.138614	4.077715
2023-03-13 19:31:52	1275963369.695	19.0	7.137414	4.037713
2023-03-13 19:31:52	1278239333.065	19.0	7.137129	4.065315
2023-03-13 19:31:53	1280517572.398	19.0	7.136428	4.028713
2023-03-13 19:31:53	1282798089.97	19.0	7.138186	4.068687
2023-03-13 19:31:54	1285080888.06	19.0	7.140714	4.056629
2023-03-13 19:31:54	1287365968.948	19.0	7.138014	4.0482
2023-03-13 19:31:55	1289653334.917	19.0	7.139714	4.0794
2023-03-13 19:31:55	1291942988.252	19.0	7.138572	4.0592
2023-03-13 19:31:56	1294234931.241	19.0	7.139429	4.0904
2023-03-13 19:31:56	1296529166.172	19.0	7.139442	4.057287
2023-03-13 19:31:57	1298825695.338	19.0	7.135015	3.991771
2023-03-13 19:31:57	1301124521.033	19.0	7.134243	3.9346
2023-03-13 19:31:58	1303425645.554	19.0	7.136014	3.984459
2023-03-13 19:31:58	1305729071.2	19.0	7.133871	3.906513
2023-03-13 19:31:59	1308034800.271	19.0	7.135529	3.908429
2023-03-13 19:32:00	1310342835.071	19.0	7.132628	3.868743
2023-03-13 19:32:00	1312653177.906	19.0	7.133	3.809257
2023-03-13 19:32:01	1314965831.084	19.0	7.132514	3.830285
2023-03-13 19:32:01	1317280796.915	19.0	7.131757	3.833115
2023-03-13 19:32:02	1319598077.712	19.0	7.132614	3.791772
2023-03-13 19:32:02	1321917675.79	19.0	7.132986	3.836171
2023-03-13 19:32:03	1324239593.466	19.0	7.132085	3.796143
2023-03-13 19:32:03	1326563833.059	19.0	7.133572	3.836543
2023-03-13 19:32:04	1328890396.892	19.0	7.132185	3.806085
2023-03-13 19:32:04	1331219287.289	19.0	7.130729	3.8444
2023-03-13 19:32:05	1333550506.577	19.0	7.130785	3.801372
2023-03-13 19:32:05	1335884057.083	19.0	7.131871	3.835543
2023-03-13 19:32:06	1338219941.14	19.0	7.131943	3.823085
2023-03-13 19:32:06	1340558161.081	19.0	7.1297	3.747287
2023-03-13 19:32:07	1342898719.242	19.0	7.126228	3.682572
2023-03-13 19:32:07	1345241617.962	19.0	7.128414	3.728685
2023-03-13 19:32:08	1347586859.58	19.0	7.1289	3.681771
2023-03-13 19:32:08	1349934446.439	19.0	7.1242	3.527943
2023-03-13 19:32:09	1352284380.886	19.0	7.125286	3.547371
2023-03-13 19:32:10	1354636665.267	19.0	7.125143	3.541913
2023-03-13 19:32:10	1356991301.932	19.0	7.124456	3.554315
2023-03-13 19:32:11	1359348293.234	19.0	7.124557	3.5232
2023-03-13 19:32:11	1361707641.527	19.0	7.124785	3.5446
2023-03-13 19:32:12	1364069349.168	19.0	7.1251	3.499543
2023-03-13 19:32:12	1366433418.518	19.0	7.121643	3.465571
2023-03-13 19:32:13	1368799851.936	19.0	7.121285	3.408687
2023-03-13 19:32:13	1371168651.788	19.0	7.121314	3.373113
2023-03-13 19:32:14	1373539820.44	19.0	7.1209	3.377057
2023-03-13 19:32:14	1375913360.26	19.0	7.1234	3.4246
2023-03-13 19:32:15	1378289273.621	19.0	7.122257	3.355772
2023-03-13 19:32:15	1380667562.894	19.0	7.121514	3.380085
2023-03-13 19:32:16	1383048230.457	19.0	7.122029	3.425887
2023-03-13 19:32:16	1385431278.688	19.0	7.1223	3.383915
2023-03-13 19:32:17	1387816709.966	19.0	7.122515	3.410085
2023-03-13 19:32:17	1390204526.676	19.0	7.123814	3.4576
2023-03-13 19:32:18	1392594731.203	19.0	7.121728	3.402857
2023-03-13 19:32:18	1394987325.934	19.0	7.123914	3.477543
2023-03-13 19:32:19	1397382313.26	19.0	7.125214	3.534343
2023-03-13 19:32:19	1399779695.573	19.0	7.125271	3.528972
2023-03-13 19:32:20	1402179475.269	19.0	7.124928	3.520772
2023-03-13 19:32:20	1404581654.744	19.0	7.124371	3.537115
2023-03-13 19:32:21	1406986236.399	19.0	7.1227	3.5056
2023-03-13 19:32:22	1409393222.635	19.0	7.124514	3.525543
2023-03-13 19:32:22	1411802615.858	19.0	7.124329	3.501372
2023-03-13 19:32:23	1414214418.474	19.0	7.125314	3.540629
2023-03-13 19:32:23	1416628632.892	19.0	7.123885	3.5096
2023-03-13 19:32:24	1419045261.525	19.0	7.124028	3.523829
2023-03-13 19:32:24	1421464306.787	19.0	7.124143	3.488513
2023-03-13 19:32:25	1423885771.093	19.0	7.122914	3.4382
2023-03-13 19:32:25	1426309656.865	19.0	7.122328	3.4164
2023-03-13 19:32:26	1428735966.521	19.0	7.123114	3.404029
2023-03-13 19:32:26	1431164702.488	19.0	7.119486	3.290657
2023-03-13 19:32:27	1433595867.19	19.0	7.118414	3.265913
2023-03-13 19:32:27	1436029463.058	19.0	7.119257	3.243857
2023-03-13 19:32:28	1438465492.521	19.0	7.118871	3.267543
2023-03-13 19:32:28	1440903958.013	19.0	7.116743	3.232685
2023-03-13 19:32:29	1443344861.971	19.0	7.116443	3.268543
2023-03-13 19:32:29	1445788206.833	19.0	7.116757	3.245543
2023-03-13 19:32:30	1448233995.04	19.0	7.116057	3.2756
2023-03-13 19:32:30	1450682229.035	19.0	7.114371	3.237485
2023-03-13 19:32:31	1453132911.264	19.0	7.116385	3.269857
2023-03-13 19:32:31	1455586044.175	19.0	7.116842	3.2398
2023-03-13 19:32:32	1458041630.219	19.0	7.1159	3.271172
2023-03-13 19:32:33	1460499671.85	19.0	7.115843	3.233772
2023-03-13 19:32:33	1462960171.522	19.0	7.117971	3.270257
2023-03-13 19:32:34	1465423131.693	19.0	7.116343	3.233629
2023-03-13 19:32:34	1467888554.825	19.0	7.116914	3.266543
2023-03-13 19:32:35	1470356443.38	19.0	7.116028	3.234457
2023-03-13 19:32:35	1472826799.823	19.0	7.117785	3.266457
2023-03-13 19:32:36	1475299626.623	19.0	7.114529	3.231057
2023-03-13 19:32:36	1477774926.249	19.0	7.1182	3.264
2023-03-13 19:32:37	1480252701.176	19.0	7.117228	3.227972
2023-03-13 19:32:37	1482732953.877	19.0	7.117929	3.2602
2023-03-13 19:32:38	1485215686.831	19.0	7.116471	3.228771
2023-03-13 19:32:38	1487700902.518	19.0	7.117457	3.261543
2023-03-13 19:32:39	1490188603.42	19.0	7.116114	3.224172
2023-03-13 19:32:39	1492678792.023	19.0	7.1166	3.232229
2023-03-13 19:32:40	1495171470.816	19.0	7.115843	3.194572
2023-03-13 19:32:40	1497666642.286	19.0	7.1162	3.190029
2023-03-13 19:32:41	1500164308.929	19.0	7.115386	3.1442
2023-03-13 19:32:41	1502664473.238	19.0	7.1145	3.1586
2023-03-13 19:32:42	1505167137.711	19.0	7.116857	3.115772
2023-03-13 19:32:43	1507672304.848	19.0	7.1143	3.100343
2023-03-13 19:32:43	1510179977.153	19.0	7.1122	3.0666
2023-03-13 19:32:44	1512690157.13	19.0	7.112986	3.0592
2023-03-13 19:32:44	1515202847.288	19.0	7.1115	3.058429
2023-03-13 19:32:45	1517718050.135	19.0	7.111257	3.039115
2023-03-13 19:32:45	1520235768.185	19.0	7.112957	3.060057
2023-03-13 19:32:46	1522756003.953	19.0	7.113357	3.005487
2023-03-13 19:32:46	1525278759.957	19.0	7.112072	3.034257
2023-03-13 19:32:47	1527804038.717	19.0	7.111314	2.978171
2023-03-13 19:32:47	1530331842.756	19.0	7.112157	3.0248
2023-03-13 19:32:48	1532862174.599	19.0	7.111285	2.984315
2023-03-13 19:32:48	1535395036.773	19.0	7.1126	3.0402
2023-03-13 19:32:49	1537930431.81	19.0	7.1114	3.000943
2023-03-13 19:32:49	1540468362.242	19.0	7.1143	3.023829
2023-03-13 19:32:50	1543008830.604	19.0	7.113572	3.017657
2023-03-13 19:32:50	1545551839.435	19.0	7.113671	3.017372
2023-03-13 19:32:51	1548097391.274	19.0	7.112614	2.971629
2023-03-13 19:32:51	1550645488.665	19.0	7.113229	3.017687
2023-03-13 19:32:52	1553196134.154	19.0	7.113071	3.057629
2023-03-13 19:32:53	1555749330.288	19.0	7.114614	3.095887
2023-03-13 19:32:53	1558305079.618	19.0	7.1143	3.050571
2023-03-13 19:32:54	1560863384.698	19.0	7.113057	3.016457
2023-03-13 19:32:54	1563424248.083	19.0	7.114414	3.059857
2023-03-13 19:32:55	1565987672.331	19.0	7.113771	3.0336
2023-03-13 19:32:55	1568553660.003	19.0	7.115643	3.059829
2023-03-13 19:32:56	1571122213.663	19.0	7.115314	3.025885
2023-03-13 19:32:56	1573693335.877	19.0	7.115185	3.008085
2023-03-13 19:32:57	1576267029.213	19.0	7.115843	3.063887
2023-03-13 19:32:57	1578843296.242	19.0	7.114657	3.028059
2023-03-13 19:32:58	1581422139.538	19.0	7.115985	3.0476
2023-03-13 19:32:58	1584003561.678	19.0	7.113029	2.992715
2023-03-13 19:32:59	1586587565.239	19.0	7.113543	3.003229
2023-03-13 19:32:59	1589174152.805	19.0	7.113528	3.005629
2023-03-13 19:33:00	1591763326.957	19.0	7.115257	3.003657
2023-03-13 19:33:00	1594355090.284	19.0	7.114686	2.9994
2023-03-13 19:33:01	1596949445.375	19.0	7.114243	3.003657
2023-03-13 19:33:01	1599546394.82	19.0	7.113857	3.004657
2023-03-13 19:33:02	1602145941.215	19.0	7.115985	3.0256
2023-03-13 19:33:02	1604748087.156	19.0	7.115371	2.993829
2023-03-13 19:33:03	1607352835.243	19.0	7.115386	3.001943
2023-03-13 19:33:04	1609960188.078	19.0	7.113814	2.9978
2023-03-13 19:33:04	1612570148.267	19.0	7.115071	3.002743
2023-03-13 19:33:05	1615182718.415	19.0	7.112614	3.002287
2023-03-13 19:33:05	1617797901.133	19.0	7.114171	2.969772
2023-03-13 19:33:06	1620415699.034	19.0	7.112743	2.969572
2023-03-13 19:33:06	1623036114.733	19.0	7.1134	2.957972
2023-03-13 19:33:07	1625659150.848	19.0	7.114271	3.002287
2023-03-13 19:33:07	1628284809.999	19.0	7.113129	3.003913
2023-03-13 19:33:08	1630913094.809	19.0	7.111686	2.977057
2023-03-13 19:33:08	1633544007.904	19.0	7.111686	2.982629
2023-03-13 19:33:09	1636177551.912	19.0	7.111914	3.005743
2023-03-13 19:33:09	1638813729.464	19.0	7.110571	2.986028
2023-03-13 19:33:10	1641452543.193	19.0	7.110829	2.9974
2023-03-13 19:33:10	1644093995.736	19.0	7.110014	2.9624
2023-03-13 19:33:11	1646738089.732	19.0	7.1117	3.004629
2023-03-13 19:33:11	1649384827.822	19.0	7.112014	3.040487
2023-03-13 19:33:12	1652034212.65	19.0	7.112828	3.000629
2023-03-13 19:33:12	1654686246.862	19.0	7.113243	3.003657
2023-03-13 19:33:13	1657340933.109	19.0	7.111728	2.9954
2023-03-13 19:33:14	1659998274.042	19.0	7.1101	2.997372
2023-03-13 19:33:14	1662658272.316	19.0	7.110629	3.005285
2023-03-13 19:33:15	1665320930.589	19.0	7.111928	3.004743
2023-03-13 19:33:15	1667986251.519	19.0	7.110214	2.9976
2023-03-13 19:33:16	1670654237.771	19.0	7.109486	2.969029
2023-03-13 19:33:16	1673324892.008	19.0	7.111914	2.983887
2023-03-13 19:33:17	1675998216.9	19.0	7.110657	3.008257
2023-03-13 19:33:17	1678674215.117	19.0	7.109057	2.979343
2023-03-13 19:33:18	1681352889.332	19.0	7.109871	2.999513
2023-03-13 19:33:18	1684034242.222	19.0	7.110471	2.994629
2023-03-13 19:33:19	1686718276.464	19.0	7.111372	3.010571
2023-03-13 19:33:19	1689404994.74	19.0	7.112357	2.986743
2023-03-13 19:33:20	1692094399.735	19.0	7.110314	2.986743
2023-03-13 19:33:20	1694786494.135	19.0	7.109657	2.984485
2023-03-13 19:33:21	1697481280.629	19.0	7.109685	2.961887
2023-03-13 19:33:21	1700178761.91	19.0	7.108743	2.990143
2023-03-13 19:33:22	1702878940.672	19.0	7.108657	2.963885
2023-03-13 19:33:22	1705581819.612	19.0	7.110243	2.988429
2023-03-13 19:33:23	1708287401.432	19.0	7.1107	2.986315
2023-03-13 19:33:23	1710995688.833	19.0	7.110385	2.979829
2023-03-13 19:33:24	1713706684.522	19.0	7.110071	2.972628
2023-03-13 19:33:25	1716420391.207	19.0	7.111271	2.986743
2023-03-13 19:33:25	1719136811.598	19.0	7.111171	2.987572
2023-03-13 19:33:26	1721855948.409	19.0	7.110814	2.971315
2023-03-13 19:33:26	1724577804.358	19.0	7.1101	2.977915
2023-03-13 19:33:27	1727302382.162	19.0	7.109443	2.967772
2023-03-13 19:33:27	1730029684.544	19.0	7.110928	2.993
2023-03-13 19:33:28	1732759714.229	19.0	7.111586	2.972457
2023-03-13 19:33:28	1735492473.943	19.0	7.110557	2.988429
2023-03-13 19:33:29	1738227966.417	19.0	7.111457	2.964
2023-03-13 19:33:29	1740966194.384	19.0	7.113029	2.991457
2023-03-13 19:33:30	1743707160.578	19.0	7.111671	2.966543
2023-03-13 19:33:30	1746450867.739	19.0	7.111671	2.994772
2023-03-13 19:33:31	1749197318.606	19.0	7.111014	2.968487
2023-03-13 19:33:31	1751946515.925	19.0	7.1127	2.994257
2023-03-13 19:33:32	1754698462.441	19.0	7.113171	2.9748
2023-03-13 19:33:32	1757453160.903	19.0	7.112914	2.994629
2023-03-13 19:33:33	1760210614.064	19.0	7.111285	2.976829
2023-03-13 19:33:33	1762970824.678	19.0	7.1122	3.000315
2023-03-13 19:33:34	1765733795.503	19.0	7.111215	2.9732
2023-03-13 19:33:35	1768499529.298	19.0	7.110057	2.991915
2023-03-13 19:33:35	1771268028.828	19.0	7.111285	2.9748
2023-03-13 19:33:36	1774039296.856	19.0	7.111814	2.992429
2023-03-13 19:33:36	1776813336.153	19.0	7.113671	2.996772
2023-03-13 19:33:37	1779590149.49	19.0	7.111228	2.994457
2023-03-13 19:33:37	1782369739.639	19.0	7.112414	2.998685
2023-03-13 19:33:38	1785152109.379	19.0	7.1127	3.017829
2023-03-13 19:33:38	1787937261.488	19.0	7.111128	3.020343
2023-03-13 19:33:39	1790725198.75	19.0	7.110586	3.017628
2023-03-13 19:33:39	1793515923.948	19.0	7.110785	2.988771
2023-03-13 19:33:40	1796309439.872	19.0	7.109414	3.020515
2023-03-13 19:33:40	1799105749.312	19.0	7.1095	3.000857
2023-03-13 19:33:41	1801904855.061	19.0	7.1107	3.0212
2023-03-13 19:33:41	1804706759.916	19.0	7.109571	3.004285
2023-03-13 19:33:42	1807511466.676	19.0	7.1083	2.9806
2023-03-13 19:33:42	1810318978.143	19.0	7.109985	2.999457
2023-03-13 19:33:43	1813129297.121	19.0	7.110243	3.001829
2023-03-13 19:33:43	1815942426.418	19.0	7.111443	3.001429
2023-03-13 19:33:44	1818758368.845	19.0	7.106757	2.985029
2023-03-13 19:33:45	1821577127.214	19.0	7.107172	2.976543
2023-03-13 19:33:45	1824398704.341	19.0	7.107557	3.0006
2023-03-13 19:33:46	1827223103.045	19.0	7.107543	2.975515
2023-03-13 19:33:46	1830050326.148	19.0	7.1104	3.000515
2023-03-13 19:33:47	1832880376.474	19.0	7.109357	2.9786
2023-03-13 19:33:47	1835713256.851	19.0	7.111242	3.003457
2023-03-13 19:33:48	1838548970.108	19.0	7.108057	2.985143
2023-03-13 19:33:48	1841387519.078	19.0	7.110057	3.008085
2023-03-13 19:33:49	1844228906.597	19.0	7.110543	2.984771
2023-03-13 19:33:49	1847073135.503	19.0	7.1093	3.005857
2023-03-13 19:33:50	1849920208.639	19.0	7.109086	2.984285
2023-03-13 19:33:50	1852770128.848	19.0	7.107857	2.997943
2023-03-13 19:33:51	1855622898.976	19.0	7.111285	2.996143
2023-03-13 19:33:51	1858478521.875	19.0	7.111771	2.987915
2023-03-13 19:33:52	1861337000.397	19.0	7.111072	2.985657
2023-03-13 19:33:52	1864198337.398	19.0	7.1114	2.996115
2023-03-13 19:33:53	1867062535.735	19.0	7.1113	3.002657
2023-03-13 19:33:53	1869929598.271	19.0	7.1112	2.987513
2023-03-13 19:33:54	1872799527.869	19.0	7.110857	2.993657
2023-03-13 19:33:55	1875672327.397	19.0	7.108914	2.982629
2023-03-13 19:33:55	1878547999.724	19.0	7.109171	3.004172
2023-03-13 19:33:56	1881426547.724	19.0	7.110757	2.986713
2023-03-13 19:33:56	1884307974.272	19.0	7.108928	2.988687
2023-03-13 19:33:57	1887192282.246	19.0	7.1085	2.9788
2023-03-13 19:33:57	1890079474.528	19.0	7.1102	2.999
2023-03-13 19:33:58	1892969554.003	19.0	7.109457	2.979085
2023-03-13 19:33:58	1895862523.557	19.0	7.111372	3.0018
2023-03-13 19:33:59	1898758386.08	19.0	7.1114	2.9998
2023-03-13 19:33:59	1901657144.466	19.0	7.110457	2.992429
2023-03-13 19:34:00	1904558801.611	19.0	7.11	2.982313
2023-03-13 19:34:00	1907463360.413	19.0	7.111728	2.980715
2023-03-13 19:34:01	1910370823.773	19.0	7.111671	2.994829
2023-03-13 19:34:01	1913281194.597	19.0	7.111628	2.987257
2023-03-13 19:34:02	1916194475.791	19.0	7.110543	3.005571
2023-03-13 19:34:02	1919110670.267	19.0	7.1108	2.985143
2023-03-13 19:34:03	1922029780.937	19.0	7.1122	3.001887
2023-03-13 19:34:03	1924951810.718	19.0	7.111828	2.991915
2023-03-13 19:34:04	1927876762.529	19.0	7.112057	3.008913
2023-03-13 19:34:05	1930804639.292	19.0	7.110029	2.981887
2023-03-13 19:34:05	1933735443.931	19.0	7.112243	3.0012
2023-03-13 19:34:06	1936669179.375	19.0	7.110571	2.981857
2023-03-13 19:34:06	1939605848.554	19.0	7.111714	2.977229
2023-03-13 19:34:07	1942545454.403	19.0	7.113043	2.997143
2023-03-13 19:34:07	1945487999.857	19.0	7.1113	3.018572
2023-03-13 19:34:08	1948433487.857	19.0	7.110629	3.0022
2023-03-13 19:34:08	1951381921.345	19.0	7.1095	3.015428
2023-03-13 19:34:09	1954333303.266	19.0	7.110071	3.009943
2023-03-13 19:34:09	1957287636.569	19.0	7.111157	2.996143
2023-03-13 19:34:10	1960244924.206	19.0	7.109743	3.001457
2023-03-13 19:34:10	1963205169.13	19.0	7.111743	3.021713
2023-03-13 19:34:11	1966168374.299	19.0	7.111557	3.005829
2023-03-13 19:34:11	1969134542.674	19.0	7.110571	3.0024
2023-03-13 19:34:12	1972103677.216	19.0	7.109929	2.982857
2023-03-13 19:34:12	1975075780.894	19.0	7.111143	3.023657
2023-03-13 19:34:13	1978050856.674	19.0	7.112129	3.023487
2023-03-13 19:34:13	1981028907.531	19.0	7.110843	2.980915
2023-03-13 19:34:14	1984009936.439	19.0	7.109357	3.0
2023-03-13 19:34:14	1986993946.375	19.0	7.109328	2.987257
2023-03-13 19:34:15	1989980940.321	19.0	7.111414	3.001287
2023-03-13 19:34:16	1992970921.262	19.0	7.111628	2.997
2023-03-13 19:34:16	1995963892.183	19.0	7.112228	2.992313
2023-03-13 19:34:17	1998959856.075	19.0	7.111686	2.999113
2023-03-13 19:34:17	2001958815.931	19.0	7.112728	3.016087
2023-03-13 19:34:18	2004960774.747	19.0	7.110385	3.004715
2023-03-13 19:34:18	2007965735.522	19.0	7.112986	2.997343
2023-03-13 19:34:19	2010973701.257	19.0	7.112143	3.020487
2023-03-13 19:34:19	2013984674.959	19.0	7.111943	3.003657
2023-03-13 19:34:20	2016998659.634	19.0	7.112814	3.007257
2023-03-13 19:34:20	2020015658.293	19.0	7.1105	3.003029
2023-03-13 19:34:21	2023035673.952	19.0	7.109857	3.0058
2023-03-13 19:34:21	2026058709.626	19.0	7.110085	3.016885
2023-03-13 19:34:22	2029084768.335	19.0	7.1092	2.982972
2023-03-13 19:34:22	2032113853.104	19.0	7.110014	3.000629
2023-03-13 19:34:23	2035145966.957	19.0	7.1103	3.0048
2023-03-13 19:34:23	2038181112.924	19.0	7.111086	2.978543
2023-03-13 19:34:24	2041219294.037	19.0	7.110557	2.998715
2023-03-13 19:34:24	2044260513.331	19.0	7.109486	2.976829
2023-03-13 19:34:25	2047304773.844	19.0	7.110471	3.005629
2023-03-13 19:34:26	2050352078.618	19.0	7.110971	2.978115
2023-03-13 19:34:26	2053402430.696	19.0	7.111714	3.003713
2023-03-13 19:34:27	2056455833.127	19.0	7.109871	2.9956
2023-03-13 19:34:27	2059512288.96	19.0	7.111728	2.976972
2023-03-13 19:34:28	2062571801.249	19.0	7.110043	3.000685
2023-03-13 19:34:28	2065634373.05	19.0	7.1121	2.9832
2023-03-13 19:34:29	2068700007.423	19.0	7.110486	3.004629
2023-03-13 19:34:29	2071768707.431	19.0	7.108928	2.977657
2023-03-13 19:34:30	2074840476.138	19.0	7.1102	3.003315
2023-03-13 19:34:30	2077915316.614	19.0	7.109328	2.987513
2023-03-13 19:34:31	2080993231.931	19.0	7.1105	2.991172
2023-03-13 19:34:31	2084074225.163	19.0	7.108157	2.996172
2023-03-13 19:34:32	2087158299.388	19.0	7.110899	2.983828
2023-03-13 19:34:32	2090245457.688	19.0	7.109186	3.011943
2023-03-13 19:34:33	2093335703.145	19.0	7.111	2.979029
2023-03-13 19:34:33	2096429038.848	19.0	7.111485	3.018343
2023-03-13 19:34:34	2099525467.887	19.0	7.1103	2.980687
2023-03-13 19:34:34	2102624993.355	19.0	7.111086	2.9946
2023-03-13 19:34:35	2105727618.348	19.0	7.1115	2.9828
2023-03-13 19:34:36	2108833345.967	19.0	7.112828	3.004057
2023-03-13 19:34:36	2111942179.313	19.0	7.110971	3.000772
2023-03-13 19:34:37	2115054121.492	19.0	7.111686	2.9922
2023-03-13 19:34:37	2118169175.614	19.0	7.109957	2.994172
2023-03-13 19:34:38	2121287344.789	19.0	7.111557	2.996057
2023-03-13 19:34:38	2124408632.134	19.0	7.111428	2.982257
2023-03-13 19:34:39	2127533040.766	19.0	7.1119	2.989572
2023-03-13 19:34:39	2130660573.807	19.0	7.110757	3.003171
2023-03-13 19:34:40	2133791234.381	19.0	7.110586	2.984371
2023-03-13 19:34:40	2136925025.615	19.0	7.1126	3.008972
2023-03-13 19:34:41	2140061950.641	19.0	7.111257	2.983515
2023-03-13 19:34:41	2143202012.591	19.0	7.110571	3.007313
2023-03-13 19:34:42	2146345214.604	19.0	7.111014	2.9938
2023-03-13 19:34:42	2149491559.818	19.0	7.110228	3.005087
2023-03-13 19:34:43	2152641051.378	19.0	7.1101	2.978057
2023-03-13 19:34:43	2155793692.43	19.0	7.1097	3.003229
2023-03-13 19:34:44	2158949486.122	19.0	7.109871	2.980172
2023-03-13 19:34:44	2162108435.608	19.0	7.110657	3.008057
2023-03-13 19:34:45	2165270544.044	19.0	7.109629	2.977313
2023-03-13 19:34:46	2168435814.588	19.0	7.111414	3.001772
2023-03-13 19:34:46	2171604250.402	19.0	7.110443	2.984
2023-03-13 19:34:47	2174775854.653	19.0	7.112685	3.0108
2023-03-13 19:34:47	2177950630.508	19.0	7.111014	2.984857
2023-03-13 19:34:48	2181128581.138	19.0	7.112	2.997915
2023-03-13 19:34:48	2184309709.719	19.0	7.110415	2.991743
2023-03-13 19:34:49	2187494019.429	19.0	7.1096	3.008315
2023-03-13 19:34:49	2190681513.448	19.0	7.108157	3.0004
2023-03-13 19:34:50	2193872194.962	19.0	7.1111	2.999057
2023-03-13 19:34:50	2197066067.157	19.0	7.1098	2.985913
2023-03-13 19:34:51	2200263133.224	19.0	7.109585	3.000343
2023-03-13 19:34:51	2203463396.357	19.0	7.110057	3.002287
2023-03-13 19:34:52	2206666859.753	19.0	7.108771	2.987485
2023-03-13 19:34:52	2209873526.613	19.0	7.111914	3.003457
2023-03-13 19:34:53	2213083400.14	19.0	7.112643	2.973743
2023-03-13 19:34:53	2216296483.54	19.0	7.111771	3.004343
2023-03-13 19:34:54	2219512780.024	19.0	7.1116	2.985143
2023-03-13 19:34:54	2222732292.804	19.0	7.111571	3.000543
2023-03-13 19:34:55	2225955025.096	19.0	7.110228	2.985113
2023-03-13 19:34:56	2229180980.121	19.0	7.111728	3.008257
2023-03-13 19:34:56	2232410161.102	19.0	7.111414	2.986172
2023-03-13 19:34:57	2235642571.263	19.0	7.109	3.003315
2023-03-13 19:34:57	2238878213.834	19.0	7.110428	2.986028
2023-03-13 19:34:58	2242117092.048	19.0	7.111843	3.009971
2023-03-13 19:34:58	2245359209.14	19.0	7.109786	2.983913
2023-03-13 19:34:59	2248604568.349	19.0	7.110428	3.008143
2023-03-13 19:34:59	2251853172.917	19.0	7.110986	2.981429
2023-03-13 19:35:00	2255105026.09	19.0	7.111657	3.004857
2023-03-13 19:35:00	2258360131.116	19.0	7.110785	2.979629
2023-03-13 19:35:01	2261618491.247	19.0	7.112314	3.0068
2023-03-13 19:35:01	2264880109.739	19.0	7.110771	2.982972
2023-03-13 19:35:02	2268144989.848	19.0	7.110729	3.001572
2023-03-13 19:35:02	2271413134.838	19.0	7.110257	2.977257
2023-03-13 19:35:03	2274684547.973	19.0	7.110629	2.997172
2023-03-13 19:35:03	2277959232.521	19.0	7.109757	2.983143
2023-03-13 19:35:04	2281237191.754	19.0	7.1114	3.006172
2023-03-13 19:35:04	2284518428.945	19.0	7.112157	2.985543
2023-03-13 19:35:05	2287802947.374	19.0	7.110443	3.006172
2023-03-13 19:35:05	2291090750.322	19.0	7.110357	2.992829
2023-03-13 19:35:06	2294381841.072	19.0	7.111971	3.007372
2023-03-13 19:35:06	2297676222.913	19.0	7.111814	2.985113
2023-03-13 19:35:07	2300973899.136	19.0	7.111285	2.992115
2023-03-13 19:35:08	2304274873.035	19.0	7.1114	2.994429
2023-03-13 19:35:08	2307579147.908	19.0	7.110657	2.996172
2023-03-13 19:35:09	2310886727.056	19.0	7.110743	2.980743
2023-03-13 19:35:09	2314197613.783	19.0	7.113314	2.983057
2023-03-13 19:35:10	2317511811.397	19.0	7.110914	2.996429
2023-03-13 19:35:10	2320829323.208	19.0	7.110157	2.991457
2023-03-13 19:35:11	2324150152.531	19.0	7.111329	3.004715
2023-03-13 19:35:11	2327474302.684	19.0	7.111571	2.976372
2023-03-13 19:35:12	2330801776.987	19.0	7.110228	3.000971
2023-03-13 19:35:12	2334132578.764	19.0	7.111086	2.986943
2023-03-13 19:35:13	2337466711.342	19.0	7.111657	3.007657
2023-03-13 19:35:13	2340804178.054	19.0	7.1087	2.9832
2023-03-13 19:35:14	2344144982.232	19.0	7.110843	3.006915
2023-03-13 19:35:14	2347489127.214	19.0	7.109614	2.985885
2023-03-13 19:35:15	2350836616.341	19.0	7.110757	3.004457
2023-03-13 19:35:15	2354187452.958	19.0	7.110743	2.984685
2023-03-13 19:35:16	2357541640.411	19.0	7.1117	3.003285
2023-03-13 19:35:16	2360899182.051	19.0	7.108528	2.977429
2023-03-13 19:35:17	2364260081.233	19.0	7.110657	3.002313
2023-03-13 19:35:17	2367624341.314	19.0	7.110057	2.977887
2023-03-13 19:35:18	2370991965.656	19.0	7.108486	3.001857
2023-03-13 19:35:19	2374362957.621	19.0	7.108972	2.980515
2023-03-13 19:35:19	2377737320.579	19.0	7.109685	2.997572
2023-03-13 19:35:20	2381115057.899	19.0	7.111428	2.976313
2023-03-13 19:35:20	2384496172.957	19.0	7.110843	2.990772
2023-03-13 19:35:21	2387880669.13	19.0	7.1111	2.9904
2023-03-13 19:35:21	2391268549.799	19.0	7.1128	3.003343
2023-03-13 19:35:22	2394659818.349	19.0	7.110571	2.9828
2023-03-13 19:35:22	2398054478.168	19.0	7.110128	2.992057
2023-03-13 19:35:23	2401452532.646	19.0	7.1095	2.991515
2023-03-13 19:35:23	2404853985.178	19.0	7.1104	3.003085
2023-03-13 19:35:24	2408258839.164	19.0	7.109571	2.9856
2023-03-13 19:35:24	2411667098.003	19.0	7.109842	2.987857
2023-03-13 19:35:25	2415078765.101	19.0	7.110729	2.988629
2023-03-13 19:35:25	2418493843.866	19.0	7.110642	2.997543
2023-03-13 19:35:26	2421912337.71	19.0	7.110843	2.981429
2023-03-13 19:35:26	2425334250.047	19.0	7.109157	2.983572
2023-03-13 19:35:27	2428759584.297	19.0	7.110314	2.9944
2023-03-13 19:35:27	2432188343.882	19.0	7.110714	2.992229
2023-03-13 19:35:28	2435620532.226	19.0	7.108443	2.984285
2023-03-13 19:35:28	2439056152.758	19.0	7.110642	2.983887
2023-03-13 19:35:29	2442495208.911	19.0	7.109857	3.004771
2023-03-13 19:35:29	2445937704.12	19.0	7.111171	2.993685
2023-03-13 19:35:30	2449383641.824	19.0	7.110285	2.993
2023-03-13 19:35:31	2452833025.465	19.0	7.1085	2.983685
2023-03-13 19:35:31	2456285858.491	19.0	7.110914	3.007257
2023-03-13 19:35:32	2459742144.349	19.0	7.110814	2.993143
2023-03-13 19:35:32	2463201886.494	19.0	7.112243	3.009772
2023-03-13 19:35:33	2466665088.38	19.0	7.110371	2.986772
2023-03-13 19:35:33	2470131753.469	19.0	7.110385	3.006429
2023-03-13 19:35:34	2473601885.222	19.0	7.110228	2.981143
2023-03-13 19:35:34	2477075487.107	19.0	7.113357	3.004429
2023-03-13 19:35:35	2480552562.594	19.0	7.110371	2.978229
2023-03-13 19:35:35	2484033115.157	19.0	7.1112	3.0018
2023-03-13 19:35:36	2487517148.272	19.0	7.109386	2.980143
2023-03-13 19:35:36	2491004665.42	19.0	7.110743	3.003315
2023-03-13 19:35:37	2494495670.086	19.0	7.109871	2.976657
2023-03-13 19:35:37	2497990165.756	19.0	7.110043	3.004343
2023-03-13 19:35:38	2501488155.922	19.0	7.109257	2.986515
2023-03-13 19:35:38	2504989644.078	19.0	7.111028	3.0114
2023-03-13 19:35:39	2508494633.722	19.0	7.109886	2.986543
2023-03-13 19:35:39	2512003128.355	19.0	7.111728	2.997885
2023-03-13 19:35:40	2515515131.484	19.0	7.109186	2.990629
2023-03-13 19:35:41	2519030646.615	19.0	7.110829	3.005885
2023-03-13 19:35:41	2522549677.262	19.0	7.109457	2.985543
2023-03-13 19:35:42	2526072226.939	19.0	7.110971	3.0112
2023-03-13 19:35:42	2529598299.166	19.0	7.110285	2.990372
2023-03-13 19:35:43	2533127897.465	19.0	7.110843	3.002629
2023-03-13 19:35:43	2536661025.363	19.0	7.107214	2.979287
2023-03-13 19:35:44	2540197686.388	19.0	7.110029	2.988887
2023-03-13 19:35:44	2543737884.074	19.0	7.110428	2.995515
2023-03-13 19:35:45	2547281621.959	19.0	7.110785	2.996087
2023-03-13 19:35:45	2550828903.581	19.0	7.110014	2.9824
2023-03-13 19:35:46	2554379732.484	19.0	7.109685	2.981629
2023-03-13 19:35:46	2557934112.217	19.0	7.108	2.997772
2023-03-13 19:35:47	2561492046.329	19.0	7.110357	2.986943
2023-03-13 19:35:47	2565053538.375	19.0	7.110729	3.009457
2023-03-13 19:35:48	2568618591.914	19.0	7.111971	2.983685
2023-03-13 19:35:48	2572187210.505	19.0	7.110943	3.007543
2023-03-13 19:35:49	2575759397.716	19.0	7.111242	2.994172
2023-03-13 19:35:49	2579335157.114	19.0	7.111628	3.011972
2023-03-13 19:35:50	2582914492.271	19.0	7.111271	2.987285
2023-03-13 19:35:51	2586497406.763	19.0	7.110514	3.010772
2023-03-13 19:35:51	2590083904.17	19.0	7.111086	2.983743
2023-03-13 19:35:52	2593673988.074	19.0	7.110614	3.0064
2023-03-13 19:35:52	2597267662.062	19.0	7.110271	2.976513
2023-03-13 19:35:53	2600864929.724	19.0	7.111671	3.008743
2023-03-13 19:35:53	2604465794.654	19.0	7.109786	2.981772
2023-03-13 19:35:54	2608070260.448	19.0	7.1105	3.009287
2023-03-13 19:35:54	2611678330.709	19.0	7.109685	2.981429
2023-03-13 19:35:55	2615290009.04	19.0	7.110943	2.998229
2023-03-13 19:35:55	2618905299.049	19.0	7.108943	2.988687
2023-03-13 19:35:56	2622524204.348	19.0	7.110657	3.0118
2023-03-13 19:35:56	2626146728.552	19.0	7.110571	2.990172
2023-03-13 19:35:57	2629772875.281	19.0	7.110586	3.0008
2023-03-13 19:35:57	2633402648.156	19.0	7.112029	2.9926
2023-03-13 19:35:58	2637036050.804	19.0	7.109643	3.009685
2023-03-13 19:35:58	2640673086.855	19.0	7.110757	3.0064
2023-03-13 19:35:59	2644313759.942	19.0	7.110528	2.998029
2023-03-13 19:35:59	2647958073.702	19.0	7.110171	2.996829
2023-03-13 19:36:00	2651606031.775	19.0	7.110671	3.002913
2023-03-13 19:36:00	2655257637.807	19.0	7.109314	2.983657
2023-03-13 19:36:01	2658912895.445	19.0	7.111	2.989829
2023-03-13 19:36:02	2662571808.34	19.0	7.111086	3.001
2023-03-13 19:36:02	2666234380.149	19.0	7.112785	2.997313
2023-03-13 19:36:03	2669900614.529	19.0	7.112386	3.0106
2023-03-13 19:36:03	2673570515.143	19.0	7.112257	2.979543
2023-03-13 19:36:04	2677244085.659	19.0	7.111443	3.0058
2023-03-13 19:36:04	2680921329.744	19.0	7.112185	2.9996
2023-03-13 19:36:05	2684602251.074	19.0	7.110714	2.999513
2023-03-13 19:36:05	2688286853.325	19.0	7.109457	2.989
2023-03-13 19:36:06	2691975140.178	19.0	7.110085	3.0102
2023-03-13 19:36:06	2695667115.319	19.0	7.1115	2.993172
2023-03-13 19:36:07	2699362782.434	19.0	7.113129	3.0172
2023-03-13 19:36:07	2703062145.216	19.0	7.112571	2.984829
2023-03-13 19:36:08	2706765207.361	19.0	7.110686	3.006257
2023-03-13 19:36:08	2710471972.569	19.0	7.1094	2.983343
2023-03-13 19:36:09	2714182444.541	19.0	7.110642	3.007572
2023-03-13 19:36:09	2717896626.986	19.0	7.110899	2.982913
2023-03-13 19:36:10	2721614523.613	19.0	7.112129	3.002913
2023-03-13 19:36:10	2725336138.137	19.0	7.109871	2.981485
2023-03-13 19:36:11	2729061474.275	19.0	7.1121	3.007171
2023-03-13 19:36:11	2732790535.749	19.0	7.111171	2.984172
2023-03-13 19:36:12	2736523326.285	19.0	7.109529	3.009543
2023-03-13 19:36:13	2740259849.611	19.0	7.111571	2.99
2023-03-13 19:36:13	2744000109.461	19.0	7.109871	3.009257
2023-03-13 19:36:14	2747744109.57	19.0	7.109786	2.9982
2023-03-13 19:36:14	2751491853.68	19.0	7.111314	3.005057
2023-03-13 19:36:15	2755243345.533	19.0	7.110814	2.988515
2023-03-13 19:36:15	2758998588.879	19.0	7.1104	2.994715
2023-03-13 19:36:16	2762757587.468	19.0	7.110257	2.998657
2023-03-13 19:36:16	2766520345.055	19.0	7.110486	3.005172
2023-03-13 19:36:17	2770286865.4	19.0	7.110642	2.995457
2023-03-13 19:36:17	2774057152.266	19.0	7.111072	2.996485
2023-03-13 19:36:18	2777831209.418	19.0	7.110557	3.005343
2023-03-13 19:36:18	2781609040.627	19.0	7.111614	3.0034
2023-03-13 19:36:19	2785390649.668	19.0	7.109929	3.010772
2023-03-13 19:36:19	2789176040.318	19.0	7.1098	2.984457
2023-03-13 19:36:20	2792965216.358	19.0	7.110228	3.002972
2023-03-13 19:36:20	2796758181.574	19.0	7.111443	2.998715
2023-03-13 19:36:21	2800554939.756	19.0	7.11	2.9922
2023-03-13 19:36:22	2804355494.696	19.0	7.1092	2.984057
2023-03-13 19:36:22	2808159850.19	19.0	7.109971	3.0074
2023-03-13 19:36:23	2811968010.041	19.0	7.111814	2.997257
2023-03-13 19:36:23	2815779978.051	19.0	7.108057	3.008172
2023-03-13 19:36:24	2819595758.029	19.0	7.110228	2.986429
2023-03-13 19:36:24	2823415353.787	19.0	7.109228	3.005857
2023-03-13 19:36:25	2827238769.14	19.0	7.1108	2.993257
2023-03-13 19:36:25	2831066007.91	19.0	7.111385	3.017257
2023-03-13 19:36:26	2834897073.917	19.0	7.111242	2.990315
2023-03-13 19:36:26	2838731970.991	19.0	7.1105	3.011
2023-03-13 19:36:27	2842570702.962	19.0	7.111714	2.997857
2023-03-13 19:36:27	2846413273.665	19.0	7.109643	3.005057
2023-03-13 19:36:28	2850259686.939	19.0	7.111171	2.988085
2023-03-13 19:36:28	2854109946.626	19.0	7.111257	3.015229
2023-03-13 19:36:29	2857964056.573	19.0	7.109371	2.991943
2023-03-13 19:36:29	2861822020.629	19.0	7.110928	3.018171
2023-03-13 19:36:30	2865683842.65	19.0	7.111228	2.991915
2023-03-13 19:36:30	2869549526.492	19.0	7.1114	3.013629
2023-03-13 19:36:31	2873419076.019	19.0	7.110629	2.988457
2023-03-13 19:36:31	2877292495.095	19.0	7.111457	3.0078
2023-03-13 19:36:32	2881169787.59	19.0	7.111628	2.983457
2023-03-13 19:36:32	2885050957.378	19.0	7.111957	3.009685
2023-03-13 19:36:33	2888936008.335	19.0	7.110171	2.985857
2023-03-13 19:36:34	2892824944.343	19.0	7.111814	3.010571
2023-03-13 19:36:34	2896717769.288	19.0	7.108871	2.9828
2023-03-13 19:36:35	2900614487.057	19.0	7.110571	3.007313
2023-03-13 19:36:35	2904515101.544	19.0	7.109585	2.984743
2023-03-13 19:36:36	2908419616.646	19.0	7.110586	3.006429
2023-03-13 19:36:36	2912328036.262	19.0	7.111215	2.981485
2023-03-13 19:36:37	2916240364.298	19.0	7.110914	3.000772
2023-03-13 19:36:37	2920156604.663	19.0	7.108414	2.9894
2023-03-13 19:36:38	2924076761.267	19.0	7.111028	3.015257
2023-03-13 19:36:38	2928000838.029	19.0	7.108771	3.005743
2023-03-13 19:36:39	2931928838.867	19.0	7.110186	3.003913
2023-03-13 19:36:39	2935860767.706	19.0	7.109957	2.994715
2023-03-13 19:36:40	2939796628.473	19.0	7.109757	3.0132
2023-03-13 19:36:40	2943736425.102	19.0	7.109328	2.987372
2023-03-13 19:36:41	2947680161.527	19.0	7.111242	3.000543
2023-03-13 19:36:41	2951627841.688	19.0	7.108871	2.998515
2023-03-13 19:36:42	2955579469.53	19.0	7.110357	3.012143
2023-03-13 19:36:42	2959535049.0	19.0	7.111329	3.009343
2023-03-13 19:36:43	2963494584.049	19.0	7.111814	3.001457
2023-03-13 19:36:44	2967458078.633	19.0	7.110228	3.000743
2023-03-13 19:36:44	2971425536.711	19.0	7.112185	2.9926
2023-03-13 19:36:45	2975396962.248	19.0	7.109471	3.010487
2023-03-13 19:36:45	2979372359.21	19.0	7.1106	3.001113
2023-03-13 19:36:46	2983351731.569	19.0	7.110214	3.000743
2023-03-13 19:36:46	2987335083.301	19.0	7.109343	2.992029
2023-03-13 19:36:47	2991322418.384	19.0	7.111042	3.010085
2023-03-13 19:36:47	2995313740.803	19.0	7.111072	2.996229
2023-03-13 19:36:48	2999309054.544	19.0	7.110271	2.997715
