2023-04-06 18:44:48	500000000.0	-20.0	3.5266	3.488648	0.141539
2023-04-06 18:44:49	503000000.0	-20.0	3.526886	3.488232	0.14369
2023-04-06 18:44:49	506006000.0	-20.0	3.526457	3.488261	0.142131
2023-04-06 18:44:50	509018012.0	-20.0	3.530571	3.48783	0.141571
2023-04-06 18:44:50	512036048.024	-20.0	3.529014	3.488068	0.140724
2023-04-06 18:44:51	515060120.120048	-20.0	3.530986	3.487607	0.141787
2023-04-06 18:44:52	518090240.360288	-20.0	3.534143	3.487429	0.143163
2023-04-06 18:44:52	521126420.841009	-20.0	3.533057	3.486849	0.142851
2023-04-06 18:44:53	524168673.682691	-20.0	3.5369	3.486655	0.143754
2023-04-06 18:44:53	527217011.030056	-20.0	3.543471	3.485214	0.141483
2023-04-06 18:44:54	530271445.052116	-20.0	3.557729	3.480441	0.137797
2023-04-06 18:44:54	533331987.94222	-20.0	3.581843	3.475253	0.139156
2023-04-06 18:44:55	536398651.918105	-20.0	3.590114	3.470406	0.137629
2023-04-06 18:44:55	539471449.221941	-20.0	3.590114	3.470139	0.135733
2023-04-06 18:44:56	542550392.120385	-20.0	3.574643	3.473186	0.137996
2023-04-06 18:44:56	545635492.904626	-20.0	3.558071	3.479579	0.137941
2023-04-06 18:44:57	548726763.890435	-20.0	3.5453	3.484901	0.138636
2023-04-06 18:44:57	551824217.418216	-20.0	3.535629	3.488053	0.141539
2023-04-06 18:44:58	554927865.853052	-20.0	3.529857	3.489332	0.141603
2023-04-06 18:44:58	558037721.584758	-20.0	3.529071	3.490655	0.142035
2023-04-06 18:44:59	561153797.027928	-20.0	3.531986	3.49128	0.1395
2023-04-06 18:44:59	564276104.621984	-20.0	3.542286	3.491428	0.14014
2023-04-06 18:45:00	567404656.831228	-20.0	3.538486	3.490521	0.141747
2023-04-06 18:45:00	570539466.14489	-20.0	3.537628	3.489703	0.144594
2023-04-06 18:45:01	573680545.07718	-20.0	3.536171	3.489599	0.140148
2023-04-06 18:45:01	576827906.167334	-20.0	3.532814	3.489362	0.141323
2023-04-06 18:45:02	579981561.979669	-20.0	3.527671	3.489391	0.143523
2023-04-06 18:45:03	583141525.103628	-20.0	3.527914	3.489377	0.140348
2023-04-06 18:45:03	586307808.153836	-20.0	3.531486	3.489495	0.140204
2023-04-06 18:45:04	589480423.770143	-20.0	3.535443	3.489377	0.142883
2023-04-06 18:45:04	592659384.617683	-20.0	3.534543	3.489168	0.14553
2023-04-06 18:45:05	595844703.386919	-20.0	3.535428	3.489808	0.140092
2023-04-06 18:45:05	599036392.793693	-20.0	3.530443	3.489971	0.138868
2023-04-06 18:45:06	602234465.57928	-20.0	3.525271	3.490075	0.14393
2023-04-06 18:45:06	605438934.510439	-20.0	3.525686	3.489896	0.145658
2023-04-06 18:45:07	608649812.379459	-20.0	3.526814	3.489852	0.140716
2023-04-06 18:45:07	611867112.004218	-20.0	3.527729	3.489703	0.13838
2023-04-06 18:45:08	615090846.228227	-20.0	3.526386	3.489926	0.142259
2023-04-06 18:45:08	618321027.920683	-20.0	3.5257	3.490149	0.139324
2023-04-06 18:45:09	621557669.976525	-20.0	3.526971	3.490239	0.138748
2023-04-06 18:45:09	624800785.316478	-20.0	3.5269	3.490239	0.137093
2023-04-06 18:45:10	628050386.887111	-20.0	3.526143	3.490387	0.141227
2023-04-06 18:45:10	631306487.660885	-20.0	3.527286	3.489436	0.14617
2023-04-06 18:45:11	634569100.636207	-20.0	3.529871	3.489421	0.142283
2023-04-06 18:45:11	637838238.837479	-20.0	3.526829	3.48954	0.142115
2023-04-06 18:45:12	641113915.315154	-20.0	3.530471	3.489584	0.14477
2023-04-06 18:45:12	644396143.145784	-20.0	3.528129	3.489421	0.141907
2023-04-06 18:45:13	647684935.432076	-20.0	3.529486	3.489896	0.139196
2023-04-06 18:45:13	650980305.30294	-20.0	3.527857	3.489926	0.139868
2023-04-06 18:45:14	654282265.913546	-20.0	3.533043	3.490134	0.144626
2023-04-06 18:45:15	657590830.445373	-20.0	3.530986	3.490387	0.142947
2023-04-06 18:45:15	660906012.106264	-20.0	3.528085	3.489926	0.14449
2023-04-06 18:45:16	664227824.130476	-20.0	3.529057	3.490075	0.13471
2023-04-06 18:45:16	667556279.778737	-20.0	3.527857	3.49003	0.140572
2023-04-06 18:45:17	670891392.338295	-20.0	3.528214	3.489912	0.1401
2023-04-06 18:45:17	674233175.122971	-20.0	3.527114	3.489822	0.142219
2023-04-06 18:45:18	677581641.473217	-20.0	3.5277	3.489956	0.143874
2023-04-06 18:45:18	680936804.756163	-20.0	3.531714	3.490521	0.140796
2023-04-06 18:45:19	684298678.365676	-20.0	3.535543	3.49128	0.140516
2023-04-06 18:45:19	687667275.722407	-20.0	3.539114	3.492915	0.138988
2023-04-06 18:45:20	691042610.273852	-20.0	3.541257	3.49452	0.133894
2023-04-06 18:45:20	694424695.4944	-20.0	3.542085	3.495041	0.131871
2023-04-06 18:45:21	697813544.885388	-20.0	3.541071	3.494565	0.132503
2023-04-06 18:45:21	701209171.975159	-20.0	3.540071	3.49403	0.133014
2023-04-06 18:45:22	704611590.319109	-20.0	3.540943	3.493628	0.132783
2023-04-06 18:45:22	708020813.499748	-20.0	3.5423	3.494104	0.128936
2023-04-06 18:45:23	711436855.126747	-20.0	3.543871	3.493822	0.137005
2023-04-06 18:45:23	714859728.837001	-20.0	3.545057	3.493688	0.132942
2023-04-06 18:45:24	718289448.294675	-20.0	3.544057	3.493509	0.139308
2023-04-06 18:45:24	721726027.191264	-20.0	3.538671	3.49235	0.144714
2023-04-06 18:45:25	725169479.245647	-20.0	3.536786	3.491711	0.141851
2023-04-06 18:45:25	728619818.204138	-20.0	3.537986	3.490952	0.137789
2023-04-06 18:45:26	732077057.840546	-20.0	3.537343	3.490729	0.130391
2023-04-06 18:45:27	735541211.956227	-20.0	3.537757	3.490625	0.132119
2023-04-06 18:45:27	739012294.38014	-20.0	3.5363	3.490908	0.136501
2023-04-06 18:45:28	742490318.9689	-20.0	3.537957	3.491428	0.142579
2023-04-06 18:45:28	745975299.606838	-20.0	3.537186	3.4918	0.140924
2023-04-06 18:45:29	749467250.206051	-20.0	3.544214	3.492811	0.129648
2023-04-06 18:45:29	752966184.706464	-20.0	3.543457	3.492929	0.127984
2023-04-06 18:45:30	756472117.075876	-20.0	3.542386	3.493004	0.126929
2023-04-06 18:45:30	759985061.310028	-20.0	3.540357	3.492959	0.133374
2023-04-06 18:45:31	763505031.432648	-20.0	3.537271	3.492424	0.128368
2023-04-06 18:45:31	767032041.495514	-20.0	3.534486	3.491949	0.125897
2023-04-06 18:45:32	770566105.578505	-20.0	3.532314	3.491606	0.128664
2023-04-06 18:45:32	774107237.789662	-20.0	3.5355	3.490849	0.14557
2023-04-06 18:45:33	777655452.265241	-20.0	3.5356	3.490685	0.138484
2023-04-06 18:45:33	781210763.169771	-20.0	3.530728	3.490239	0.143986
2023-04-06 18:45:34	784773184.696111	-20.0	3.531471	3.490372	0.146306
2023-04-06 18:45:34	788342731.065503	-20.0	3.530214	3.490194	0.146513
2023-04-06 18:45:35	791919416.527634	-20.0	3.533186	3.491725	0.128688
2023-04-06 18:45:35	795503255.36069	-20.0	3.534143	3.493301	0.134558
2023-04-06 18:45:36	799094261.871411	-20.0	3.5393	3.49452	0.130903
2023-04-06 18:45:37	802692450.395154	-20.0	3.5443	3.495249	0.132231
2023-04-06 18:45:37	806297835.295944	-20.0	3.547071	3.49513	0.145642
2023-04-06 18:45:38	809910430.966536	-20.0	3.540257	3.494907	0.144362
2023-04-06 18:45:38	813530251.828469	-20.0	3.540457	3.494401	0.140204
2023-04-06 18:45:39	817157312.332126	-20.0	3.541914	3.494951	0.137373
2023-04-06 18:45:39	820791626.95679	-20.0	3.5397	3.494759	0.133094
2023-04-06 18:45:40	824433210.210704	-20.0	3.541929	3.495323	0.145962
2023-04-06 18:45:40	828082076.631125	-20.0	3.544057	3.496453	0.135829
2023-04-06 18:45:41	831738240.784387	-20.0	3.543657	3.496423	0.127952
2023-04-06 18:45:41	835401717.265956	-20.0	3.547786	3.493822	0.142147
2023-04-06 18:45:42	839072520.700488	-20.0	3.546743	3.492142	0.142291
2023-04-06 18:45:42	842750665.741889	-20.0	3.540443	3.490491	0.129888
2023-04-06 18:45:43	846436167.073373	-20.0	3.539071	3.489867	0.132415
2023-04-06 18:45:43	850129039.40752	-20.0	3.533471	3.489272	0.13527
2023-04-06 18:45:44	853829297.486335	-20.0	3.530057	3.489495	0.137077
2023-04-06 18:45:44	857536956.081307	-20.0	3.533528	3.48945	0.140963
2023-04-06 18:45:45	861252029.99347	-20.0	3.527871	3.489837	0.144074
2023-04-06 18:45:45	864974534.053457	-20.0	3.528843	3.489703	0.148865
2023-04-06 18:45:46	868704483.121564	-20.0	3.530571	3.489436	0.14513
2023-04-06 18:45:46	872441892.087807	-20.0	3.527186	3.489243	0.143738
2023-04-06 18:45:47	876186775.871983	-20.0	3.527143	3.48948	0.140812
2023-04-06 18:45:47	879939149.423727	-20.0	3.527786	3.489436	0.144442
2023-04-06 18:45:48	883699027.722574	-20.0	3.528214	3.489867	0.146274
2023-04-06 18:45:49	887466425.778019	-20.0	3.528971	3.490357	0.147401
2023-04-06 18:45:49	891241358.629575	-20.0	3.5336	3.490372	0.148521
2023-04-06 18:45:50	895023841.346835	-20.0	3.528	3.489956	0.14621
2023-04-06 18:45:50	898813889.029528	-20.0	3.525828	3.489837	0.143259
2023-04-06 18:45:51	902611516.807587	-20.0	3.524943	3.489659	0.14042
2023-04-06 18:45:51	906416739.841202	-20.0	3.528828	3.489302	0.140452
2023-04-06 18:45:52	910229573.320885	-20.0	3.5253	3.489257	0.142195
2023-04-06 18:45:52	914050032.467527	-20.0	3.527986	3.488945	0.144874
2023-04-06 18:45:53	917878132.532462	-20.0	3.527686	3.488781	0.145594
2023-04-06 18:45:53	921713888.797527	-20.0	3.526143	3.488856	0.145858
2023-04-06 18:45:54	925557316.575122	-20.0	3.527586	3.488856	0.144442
2023-04-06 18:45:54	929408431.208272	-20.0	3.527371	3.488901	0.142931
2023-04-06 18:45:55	933267248.070688	-20.0	3.526286	3.488811	0.14525
2023-04-06 18:45:55	937133782.56683	-20.0	3.5272	3.488975	0.142571
2023-04-06 18:45:56	941008050.131964	-20.0	3.5278	3.488871	0.142715
2023-04-06 18:45:56	944890066.232228	-20.0	3.528286	3.488886	0.145298
2023-04-06 18:45:57	948779846.364692	-20.0	3.527943	3.488945	0.145818
2023-04-06 18:45:57	952677406.057421	-20.0	3.529528	3.488559	0.146274
2023-04-06 18:45:58	956582760.869536	-20.0	3.531286	3.488574	0.143443
2023-04-06 18:45:58	960495926.391275	-20.0	3.532485	3.488915	0.139596
2023-04-06 18:45:59	964416918.244058	-20.0	3.529271	3.488618	0.140724
2023-04-06 18:45:59	968345752.080546	-20.0	3.529685	3.488826	0.139508
2023-04-06 18:46:00	972282443.584707	-20.0	3.528743	3.488975	0.141811
2023-04-06 18:46:00	976227008.471877	-20.0	3.5297	3.488841	0.14365
2023-04-06 18:46:01	980179462.48882	-20.0	3.531028	3.488945	0.144546
2023-04-06 18:46:01	984139821.413798	-20.0	3.528114	3.488811	0.140564
2023-04-06 18:46:02	988108101.056626	-20.0	3.526543	3.488752	0.14365
2023-04-06 18:46:03	992084317.258739	-20.0	3.527471	3.489109	0.142083
2023-04-06 18:46:03	996068485.893256	-20.0	3.5247	3.489139	0.145138
2023-04-06 18:46:04	1000060622.865043	-20.0	3.528714	3.489094	0.140827
2023-04-06 18:46:04	1004060744.110773	-20.0	3.5282	3.489168	0.140604
2023-04-06 18:46:05	1008068865.598994	-20.0	3.529957	3.489049	0.141651
2023-04-06 18:46:05	1012085003.330192	-20.0	3.528257	3.488722	0.142195
2023-04-06 18:46:06	1016109173.336853	-20.0	3.528028	3.488811	0.13974
2023-04-06 18:46:06	1020141391.683526	-20.0	3.528314	3.488737	0.142779
2023-04-06 18:46:07	1024181674.466893	-20.0	3.524629	3.488484	0.141123
2023-04-06 18:46:07	1028230037.815827	-20.0	3.5289	3.488603	0.136709
2023-04-06 18:46:08	1032286497.891459	-20.0	3.526186	3.488841	0.135525
2023-04-06 18:46:08	1036351070.887242	-20.0	3.527871	3.48896	0.137149
2023-04-06 18:46:09	1040423773.029016	-20.0	3.527914	3.488514	0.140812
2023-04-06 18:46:09	1044504620.575074	-20.0	3.531586	3.488202	0.141219
2023-04-06 18:46:10	1048593629.816225	-20.0	3.530943	3.488693	0.141851
2023-04-06 18:46:10	1052690817.075857	-20.0	3.532257	3.488544	0.140404
2023-04-06 18:46:11	1056796198.710009	-20.0	3.534257	3.48847	0.139612
2023-04-06 18:46:11	1060909791.107429	-20.0	3.535671	3.488544	0.139388
2023-04-06 18:46:12	1065031610.689644	-20.0	3.540457	3.488172	0.136669
2023-04-06 18:46:12	1069161673.911023	-20.0	3.547014	3.487875	0.135781
2023-04-06 18:46:13	1073299997.258845	-20.0	3.549285	3.487399	0.134022
2023-04-06 18:46:13	1077446597.253363	-20.0	3.543886	3.487355	0.131687
2023-04-06 18:46:14	1081601490.447869	-20.0	3.542686	3.486968	0.133982
2023-04-06 18:46:14	1085764693.428765	-20.0	3.532471	3.487132	0.13347
2023-04-06 18:46:15	1089936222.815623	-20.0	3.531	3.487146	0.13455
2023-04-06 18:46:16	1094116095.261254	-20.0	3.536814	3.487488	0.138916
2023-04-06 18:46:16	1098304327.451776	-20.0	3.543214	3.487355	0.135557
2023-04-06 18:46:17	1102500936.10668	-20.0	3.542286	3.487503	0.133446
2023-04-06 18:46:17	1106705937.978893	-20.0	3.544371	3.487429	0.136389
2023-04-06 18:46:18	1110919349.854851	-20.0	3.548	3.48737	0.133574
2023-04-06 18:46:18	1115141188.554561	-20.0	3.548843	3.486923	0.13495
2023-04-06 18:46:19	1119371470.93167	-20.0	3.556129	3.486953	0.130719
2023-04-06 18:46:19	1123610213.873533	-20.0	3.560828	3.486745	0.128544
2023-04-06 18:46:20	1127857434.30128	-20.0	3.556129	3.486893	0.130271
2023-04-06 18:46:20	1132113149.169883	-20.0	3.553729	3.48728	0.133398
2023-04-06 18:46:21	1136377375.468222	-20.0	3.553071	3.487547	0.1383
2023-04-06 18:46:21	1140650130.219159	-20.0	3.548186	3.487681	0.135302
2023-04-06 18:46:22	1144931430.479597	-20.0	3.548443	3.488008	0.133942
2023-04-06 18:46:22	1149221293.340556	-20.0	3.543014	3.488588	0.136429
2023-04-06 18:46:23	1153519735.927238	-20.0	3.550229	3.488202	0.137357
2023-04-06 18:46:23	1157826775.399092	-20.0	3.552143	3.48847	0.138868
2023-04-06 18:46:24	1162142428.94989	-20.0	3.548586	3.488708	0.138468
2023-04-06 18:46:24	1166466713.80779	-20.0	3.543343	3.489272	0.137293
2023-04-06 18:46:25	1170799647.235405	-20.0	3.538671	3.489912	0.137549
2023-04-06 18:46:25	1175141246.529876	-20.0	3.538471	3.490119	0.137853
2023-04-06 18:46:26	1179491529.022936	-20.0	3.541514	3.490268	0.139356
2023-04-06 18:46:27	1183850512.080982	-20.0	3.548886	3.490447	0.138988
2023-04-06 18:46:27	1188218213.105144	-20.0	3.546929	3.490685	0.14074
2023-04-06 18:46:28	1192594649.531354	-20.0	3.541643	3.489808	0.139908
2023-04-06 18:46:28	1196979838.830417	-20.0	3.537486	3.489406	0.137957
2023-04-06 18:46:29	1201373798.508078	-20.0	3.5319	3.489198	0.139324
2023-04-06 18:46:29	1205776546.105094	-20.0	3.528486	3.488425	0.138748
2023-04-06 18:46:30	1210188099.197304	-20.0	3.535	3.488781	0.13938
2023-04-06 18:46:30	1214608475.395699	-20.0	3.5351	3.48893	0.141251
2023-04-06 18:46:31	1219037692.34649	-20.0	3.535728	3.489525	0.141675
2023-04-06 18:46:31	1223475767.731183	-20.0	3.533786	3.489674	0.139204
2023-04-06 18:46:32	1227922719.266646	-20.0	3.533685	3.489525	0.135653
2023-04-06 18:46:32	1232378564.705179	-20.0	3.534543	3.489674	0.137333
2023-04-06 18:46:33	1236843321.834589	-20.0	3.531857	3.489584	0.135102
2023-04-06 18:46:33	1241317008.478258	-20.0	3.530614	3.489584	0.134526
2023-04-06 18:46:34	1245799642.495215	-20.0	3.531214	3.489019	0.137341
2023-04-06 18:46:34	1250291241.780205	-20.0	3.528828	3.488915	0.141491
2023-04-06 18:46:35	1254791824.263766	-20.0	3.530486	3.489614	0.134318
2023-04-06 18:46:35	1259301407.912293	-20.0	3.529457	3.489064	0.137125
2023-04-06 18:46:36	1263820010.728118	-20.0	3.531386	3.489139	0.136725
2023-04-06 18:46:37	1268347650.749574	-20.0	3.528471	3.48948	0.136077
2023-04-06 18:46:37	1272884346.051073	-20.0	3.530671	3.48951	0.136325
2023-04-06 18:46:38	1277430114.743176	-20.0	3.528085	3.488841	0.141563
2023-04-06 18:46:38	1281984974.972662	-20.0	3.529657	3.489153	0.142731
2023-04-06 18:46:39	1286548944.922607	-20.0	3.535314	3.48948	0.140188
2023-04-06 18:46:39	1291122042.812452	-20.0	3.535728	3.489377	0.136653
2023-04-06 18:46:40	1295704286.898077	-20.0	3.535971	3.489377	0.140787
2023-04-06 18:46:40	1300295695.471874	-20.0	3.537986	3.489718	0.139076
2023-04-06 18:46:41	1304896286.862817	-20.0	3.531943	3.489332	0.13934
2023-04-06 18:46:41	1309506079.436543	-20.0	3.531428	3.48945	0.140108
2023-04-06 18:46:42	1314125091.595416	-20.0	3.529557	3.489257	0.142827
2023-04-06 18:46:42	1318753341.778607	-20.0	3.525543	3.489183	0.141843
2023-04-06 18:46:43	1323390848.462164	-20.0	3.524143	3.489005	0.1383
2023-04-06 18:46:43	1328037630.159089	-20.0	3.529186	3.489019	0.139132
2023-04-06 18:46:44	1332693705.419407	-20.0	3.531243	3.489064	0.138133
2023-04-06 18:46:44	1337359092.830246	-20.0	3.533143	3.48896	0.142267
2023-04-06 18:46:45	1342033811.015906	-20.0	3.532186	3.488915	0.146777
2023-04-06 18:46:45	1346717878.637938	-20.0	3.534014	3.488915	0.148249
2023-04-06 18:46:46	1351411314.395214	-20.0	3.533128	3.489287	0.142355
2023-04-06 18:46:46	1356114137.024004	-20.0	3.5338	3.489153	0.140931
2023-04-06 18:46:47	1360826365.298053	-20.0	3.535271	3.489198	0.143938
2023-04-06 18:46:47	1365548018.028649	-20.0	3.533057	3.488871	0.147329
2023-04-06 18:46:48	1370279114.064706	-20.0	3.536028	3.488678	0.143706
2023-04-06 18:46:48	1375019672.292835	-20.0	3.541743	3.489124	0.145866
2023-04-06 18:46:49	1379769711.637421	-20.0	3.547657	3.489109	0.145266
2023-04-06 18:46:49	1384529251.060696	-20.0	3.554657	3.489584	0.14529
2023-04-06 18:46:50	1389298309.562817	-20.0	3.5531	3.489391	0.142499
2023-04-06 18:46:51	1394076906.181943	-20.0	3.546643	3.489584	0.142251
2023-04-06 18:46:51	1398865059.994307	-20.0	3.536728	3.489748	0.143011
2023-04-06 18:46:52	1403662790.114295	-20.0	3.532829	3.489599	0.14501
2023-04-06 18:46:52	1408470115.694524	-20.0	3.532214	3.489302	0.14617
2023-04-06 18:46:53	1413287055.925913	-20.0	3.529071	3.489659	0.144546
2023-04-06 18:46:53	1418113630.037765	-20.0	3.5269	3.489213	0.14393
2023-04-06 18:46:54	1422949857.29784	-20.0	3.527386	3.489109	0.143171
2023-04-06 18:46:54	1427795757.012436	-20.0	3.526557	3.489287	0.146481
2023-04-06 18:46:55	1432651348.526461	-20.0	3.529843	3.489332	0.143547
2023-04-06 18:46:55	1437516651.223514	-20.0	3.532286	3.489153	0.142595
2023-04-06 18:46:56	1442391684.525961	-20.0	3.532214	3.489109	0.144474
2023-04-06 18:46:56	1447276467.895013	-20.0	3.539714	3.488915	0.14433
2023-04-06 18:46:57	1452171020.830803	-20.0	3.541814	3.489362	0.142707
2023-04-06 18:46:57	1457075362.872465	-20.0	3.540771	3.489243	0.145154
2023-04-06 18:46:58	1461989513.59821	-20.0	3.536129	3.489079	0.145722
2023-04-06 18:46:58	1466913492.625406	-20.0	3.530971	3.488901	0.14557
2023-04-06 18:46:59	1471847319.610657	-20.0	3.527657	3.488826	0.146002
2023-04-06 18:46:59	1476791014.249878	-20.0	3.525443	3.488544	0.14565
2023-04-06 18:47:00	1481744596.278378	-20.0	3.524014	3.488499	0.146713
2023-04-06 18:47:00	1486708085.470935	-20.0	3.527271	3.488901	0.147529
2023-04-06 18:47:01	1491681501.641877	-20.0	3.523214	3.488796	0.147969
2023-04-06 18:47:01	1496664864.64516	-20.0	3.524143	3.488603	0.146657
2023-04-06 18:47:02	1501658194.374451	-20.0	3.528414	3.488975	0.146961
2023-04-06 18:47:02	1506661510.7632	-20.0	3.525629	3.489198	0.148833
2023-04-06 18:47:03	1511674833.784726	-20.0	3.527286	3.488603	0.147913
2023-04-06 18:47:04	1516698183.452295	-20.0	3.5259	3.489019	0.147249
2023-04-06 18:47:04	1521731579.8192	-20.0	3.526829	3.489034	0.15092
2023-04-06 18:47:05	1526775042.978838	-20.0	3.527043	3.489064	0.151376
2023-04-06 18:47:05	1531828593.064796	-20.0	3.525314	3.489049	0.150864
2023-04-06 18:47:06	1536892250.250926	-20.0	3.5253	3.489287	0.15016
2023-04-06 18:47:06	1541966034.751427	-20.0	3.525414	3.489139	0.151456
2023-04-06 18:47:07	1547049966.82093	-20.0	3.531229	3.489362	0.151792
2023-04-06 18:47:07	1552144066.754572	-20.0	3.526871	3.489019	0.158021
2023-04-06 18:47:08	1557248354.888081	-20.0	3.527671	3.488945	0.158605
2023-04-06 18:47:08	1562362851.597857	-20.0	3.531114	3.488663	0.164627
2023-04-06 18:47:09	1567487577.301053	-20.0	3.527171	3.488752	0.167882
2023-04-06 18:47:09	1572622552.455655	-20.0	3.532928	3.488945	0.168849
2023-04-06 18:47:10	1577767797.560567	-20.0	3.527871	3.488455	0.172992
2023-04-06 18:47:10	1582923333.155688	-20.0	3.528071	3.48844	0.180045
2023-04-06 18:47:11	1588089179.821999	-20.0	3.528486	3.488157	0.192257
2023-04-06 18:47:11	1593265358.181643	-20.0	3.5252	3.487815	0.200981
2023-04-06 18:47:12	1598451888.898006	-20.0	3.527386	3.487399	0.211929
2023-04-06 18:47:12	1603648792.675802	-20.0	3.527214	3.487027	0.223885
2023-04-06 18:47:13	1608856090.261154	-20.0	3.527514	3.487027	0.22702
2023-04-06 18:47:13	1614073802.441676	-20.0	3.529043	3.487012	0.237624
2023-04-06 18:47:14	1619301950.04656	-20.0	3.530457	3.486358	0.252442
2023-04-06 18:47:15	1624540553.946653	-20.0	3.530871	3.486537	0.261319
2023-04-06 18:47:15	1629789635.054546	-20.0	3.537829	3.486522	0.270748
2023-04-06 18:47:16	1635049214.324655	-20.0	3.538971	3.487057	0.273435
2023-04-06 18:47:16	1640319312.753304	-20.0	3.537529	3.487488	0.270164
2023-04-06 18:47:17	1645599951.378811	-20.0	3.542085	3.487324	0.265366
2023-04-06 18:47:17	1650891151.281569	-20.0	3.543329	3.487801	0.26627
2023-04-06 18:47:18	1656192933.584132	-20.0	3.542243	3.487949	0.262687
2023-04-06 18:47:18	1661505319.4513	-20.0	3.538186	3.48737	0.255945
2023-04-06 18:47:19	1666828330.090203	-20.0	3.5352	3.487295	0.253266
2023-04-06 18:47:19	1672161986.750383	-20.0	3.529143	3.487414	0.251619
2023-04-06 18:47:20	1677506310.723884	-20.0	3.526743	3.48673	0.250283
2023-04-06 18:47:20	1682861323.345332	-20.0	3.525771	3.486403	0.248716
2023-04-06 18:47:21	1688227045.992022	-20.0	3.525971	3.486537	0.245413
2023-04-06 18:47:21	1693603500.084006	-20.0	3.530071	3.486567	0.238823
2023-04-06 18:47:22	1698990707.084174	-20.0	3.526957	3.486953	0.228499
2023-04-06 18:47:22	1704388688.498343	-20.0	3.528929	3.486953	0.222405
2023-04-06 18:47:23	1709797465.87534	-20.0	3.526772	3.486804	0.218503
2023-04-06 18:47:23	1715217060.80709	-20.0	3.528686	3.487116	0.211386
2023-04-06 18:47:24	1720647494.928705	-20.0	3.530428	3.487295	0.208795
2023-04-06 18:47:24	1726088789.918562	-20.0	3.531957	3.487622	0.202453
2023-04-06 18:47:25	1731540967.498399	-20.0	3.529572	3.487414	0.196719
2023-04-06 18:47:26	1737004049.433396	-20.0	3.530086	3.487533	0.188314
2023-04-06 18:47:26	1742478057.532263	-20.0	3.528543	3.487756	0.184523
2023-04-06 18:47:27	1747963013.647327	-20.0	3.531971	3.487949	0.181229
2023-04-06 18:47:27	1753458939.674622	-20.0	3.529	3.487905	0.178294
2023-04-06 18:47:28	1758965857.553971	-20.0	3.533914	3.488217	0.173575
2023-04-06 18:47:28	1764483789.269079	-20.0	3.529228	3.488306	0.166802
2023-04-06 18:47:29	1770012756.847617	-20.0	3.533114	3.487934	0.166466
2023-04-06 18:47:29	1775552782.361312	-20.0	3.528728	3.488053	0.164971
2023-04-06 18:47:30	1781103887.926035	-20.0	3.529271	3.487919	0.165211
2023-04-06 18:47:30	1786666095.701887	-20.0	3.530786	3.488142	0.160164
2023-04-06 18:47:31	1792239427.893291	-20.0	3.524071	3.488024	0.159637
2023-04-06 18:47:31	1797823906.749077	-20.0	3.526414	3.488633	0.158525
2023-04-06 18:47:32	1803419554.562576	-20.0	3.525257	3.488544	0.15711
2023-04-06 18:47:32	1809026393.671701	-20.0	3.525343	3.489139	0.157142
2023-04-06 18:47:33	1814644446.459044	-20.0	3.526157	3.489109	0.157605
2023-04-06 18:47:33	1820273735.351962	-20.0	3.525543	3.488722	0.154966
2023-04-06 18:47:34	1825914282.822666	-20.0	3.526014	3.488975	0.155382
2023-04-06 18:47:34	1831566111.388311	-20.0	3.526043	3.48896	0.154734
2023-04-06 18:47:35	1837229243.611088	-20.0	3.527486	3.488871	0.152743
2023-04-06 18:47:36	1842903702.09831	-20.0	3.5241	3.489005	0.152159
2023-04-06 18:47:36	1848589509.502507	-20.0	3.5225	3.489049	0.149912
2023-04-06 18:47:37	1854286688.521512	-20.0	3.523171	3.489019	0.150904
2023-04-06 18:47:37	1859995261.898555	-20.0	3.526629	3.488886	0.149016
2023-04-06 18:47:38	1865715252.422352	-20.0	3.5235	3.488693	0.151048
2023-04-06 18:47:38	1871446682.927197	-20.0	3.5231	3.488767	0.14968
2023-04-06 18:47:39	1877189576.293051	-20.0	3.524457	3.488752	0.148385
2023-04-06 18:47:39	1882943955.445637	-20.0	3.525	3.489064	0.146809
2023-04-06 18:47:40	1888709843.356529	-20.0	3.526371	3.488574	0.146857
2023-04-06 18:47:40	1894487263.043242	-20.0	3.523457	3.48844	0.145946
2023-04-06 18:47:41	1900276237.569328	-20.0	3.522743	3.488514	0.146289
2023-04-06 18:47:41	1906076790.044467	-20.0	3.526371	3.488871	0.145402
2023-04-06 18:47:42	1911888943.624556	-20.0	3.522557	3.488648	0.14557
2023-04-06 18:47:42	1917712721.511805	-20.0	3.527986	3.488618	0.14497
2023-04-06 18:47:43	1923548146.954829	-20.0	3.526757	3.488708	0.144162
2023-04-06 18:47:43	1929395243.248738	-20.0	3.525214	3.48835	0.144378
2023-04-06 18:47:44	1935254033.735236	-20.0	3.525857	3.488559	0.141083
2023-04-06 18:47:44	1941124541.802706	-20.0	3.525071	3.488618	0.141219
2023-04-06 18:47:45	1947006790.886312	-20.0	3.528043	3.48847	0.143738
2023-04-06 18:47:46	1952900804.468084	-20.0	3.5275	3.488024	0.143131
2023-04-06 18:47:46	1958806606.07702	-20.0	3.525071	3.488529	0.141571
2023-04-06 18:47:47	1964724219.289175	-20.0	3.528	3.488648	0.142699
2023-04-06 18:47:47	1970653667.727753	-20.0	3.527471	3.48835	0.14405
2023-04-06 18:47:48	1976594975.063208	-20.0	3.5271	3.488752	0.143291
2023-04-06 18:47:48	1982548165.013335	-20.0	3.525071	3.488693	0.139028
2023-04-06 18:47:49	1988513261.343361	-20.0	3.525471	3.489064	0.140524
2023-04-06 18:47:49	1994490287.866048	-20.0	3.529186	3.488648	0.14385
