2023-03-31 14:53:59	50000000.0	19.0	5.070186	5.018757	0.0
2023-03-31 14:54:00	52100000.0	19.0	5.070186	5.018787	0.0
2023-03-31 14:54:00	54204200.0	19.0	5.070314	5.018832	0.0
2023-03-31 14:54:01	56312608.4	19.0	5.070314	5.018832	0.0
2023-03-31 14:54:01	58425233.6168	19.0	5.0707	5.018817	0.0
2023-03-31 14:54:02	60542084.084034	19.0	5.0701	5.018817	0.0
2023-03-31 14:54:02	62663168.252202	19.0	5.070057	5.018787	0.0
2023-03-31 14:54:03	64788494.588706	19.0	5.070128	5.018817	0.0
2023-03-31 14:54:03	66918071.577883	19.0	5.070114	5.018847	0.0
2023-03-31 14:54:04	69051907.721039	19.0	5.069971	5.018936	0.0
2023-03-31 14:54:04	71190011.536481	19.0	5.070114	5.018936	0.0
2023-03-31 14:54:05	73332391.559554	19.0	5.070029	5.018936	0.0
2023-03-31 14:54:05	75479056.342673	19.0	5.070128	5.018921	0.0
2023-03-31 14:54:06	77630014.455359	19.0	5.070014	5.018877	0.0
2023-03-31 14:54:06	79785274.484269	19.0	5.070043	5.018906	0.0
2023-03-31 14:54:07	81944845.033238	19.0	5.070029	5.01895	0.0
2023-03-31 14:54:07	84108734.723304	19.0	5.0702	5.018921	0.0
2023-03-31 14:54:08	86276952.192751	19.0	5.0701	5.018936	0.0
2023-03-31 14:54:08	88449506.097137	19.0	5.070229	5.018921	0.0
2023-03-31 14:54:09	90626405.109331	19.0	5.0706	5.018862	0.0
2023-03-31 14:54:09	92807657.91955	19.0	5.070385	5.01895	0.0
2023-03-31 14:54:10	94993273.235389	19.0	5.070171	5.018936	0.0
2023-03-31 14:54:10	97183259.781859	19.0	5.070229	5.018965	0.0
2023-03-31 14:54:11	99377626.301423	19.0	5.070014	5.01895	0.0
2023-03-31 14:54:11	101576381.554026	19.0	5.070029	5.01904	0.0
2023-03-31 14:54:12	103779534.317134	19.0	5.070014	5.019129	0.0
2023-03-31 14:54:13	105987093.385768	19.0	5.070114	5.019263	0.0
2023-03-31 14:54:13	108199067.57254	19.0	5.070029	5.019278	0.0
2023-03-31 14:54:14	110415465.707685	19.0	5.070057	5.019308	0.0
2023-03-31 14:54:14	112636296.6391	19.0	5.070043	5.019367	0.0
2023-03-31 14:54:15	114861569.232378	19.0	5.070014	5.019456	0.0
2023-03-31 14:54:15	117091292.370843	19.0	5.07	5.019501	0.0
2023-03-31 14:54:16	119325474.955585	19.0	5.070086	5.019546	0.0
2023-03-31 14:54:16	121564125.905496	19.0	5.07	5.019634	0.0
2023-03-31 14:54:17	123807254.157307	19.0	5.070043	5.019665	0.0
2023-03-31 14:54:17	126054868.665622	19.0	5.0702	5.019739	0.0
2023-03-31 14:54:18	128306978.402953	19.0	5.070529	5.019857	0.0
2023-03-31 14:54:18	130563592.359759	19.0	5.070514	5.019917	0.0
2023-03-31 14:54:19	132824719.544478	19.0	5.070486	5.020066	0.0
2023-03-31 14:54:19	135090368.983567	19.0	5.0709	5.02014	0.0
2023-03-31 14:54:20	137360549.721534	19.0	5.070914	5.020155	0.0
2023-03-31 14:54:20	139635270.820978	19.0	5.0707	5.020259	0.0
2023-03-31 14:54:21	141914541.362619	19.0	5.070428	5.020334	0.0
2023-03-31 14:54:21	144198370.445345	19.0	5.070329	5.020437	0.0
2023-03-31 14:54:22	146486767.186235	19.0	5.070114	5.020497	0.0
2023-03-31 14:54:23	148779740.720608	19.0	5.070243	5.020512	0.0
2023-03-31 14:54:23	151077300.202049	19.0	5.070071	5.020452	0.0
2023-03-31 14:54:24	153379454.802453	19.0	5.069971	5.020393	0.0
2023-03-31 14:54:24	155686213.712058	19.0	5.070143	5.02066	0.0
2023-03-31 14:54:25	157997586.139482	19.0	5.070114	5.021597	0.0
2023-03-31 14:54:25	160313581.311761	19.0	5.070285	5.022667	0.0
2023-03-31 14:54:26	162634208.474385	19.0	5.070171	5.023039	0.0
2023-03-31 14:54:26	164959476.891333	19.0	5.070714	5.022608	0.0
2023-03-31 14:54:27	167289395.845116	19.0	5.070428	5.021924	0.0
2023-03-31 14:54:27	169623974.636806	19.0	5.070157	5.021642	0.0
2023-03-31 14:54:28	171963222.58608	19.0	5.070186	5.021374	0.0
2023-03-31 14:54:28	174307149.031252	19.0	5.070157	5.02124	0.0
2023-03-31 14:54:29	176655763.329315	19.0	5.070586	5.021404	0.0
2023-03-31 14:54:29	179009074.855973	19.0	5.070843	5.021374	0.0
2023-03-31 14:54:30	181367093.005685	19.0	5.070629	5.021315	0.0
2023-03-31 14:54:30	183729827.191697	19.0	5.070357	5.021047	0.0
2023-03-31 14:54:31	186097286.84608	19.0	5.070329	5.02075	0.0
2023-03-31 14:54:31	188469481.419772	19.0	5.070357	5.020705	0.0
2023-03-31 14:54:32	190846420.382612	19.0	5.0709	5.020616	0.0
2023-03-31 14:54:32	193228113.223377	19.0	5.070357	5.020601	0.0
2023-03-31 14:54:33	195614569.449824	19.0	5.070314	5.020646	0.0
2023-03-31 14:54:33	198005798.588723	19.0	5.070471	5.020735	0.0
2023-03-31 14:54:34	200401810.185901	19.0	5.0702	5.020824	0.0
2023-03-31 14:54:35	202802613.806273	19.0	5.070486	5.020854	0.0
2023-03-31 14:54:35	205208219.033885	19.0	5.070114	5.020809	0.0
2023-03-31 14:54:36	207618635.471953	19.0	5.070471	5.020735	0.0
2023-03-31 14:54:36	210033872.742897	19.0	5.070986	5.02078	0.0
2023-03-31 14:54:37	212453940.488383	19.0	5.070714	5.020765	0.0
2023-03-31 14:54:37	214878848.369359	19.0	5.070471	5.020809	0.0
2023-03-31 14:54:38	217308606.066098	19.0	5.070814	5.020809	0.0
2023-03-31 14:54:38	219743223.27823	19.0	5.070886	5.020794	0.0
2023-03-31 14:54:39	222182709.724787	19.0	5.070886	5.020765	0.0
2023-03-31 14:54:39	224627075.144236	19.0	5.070814	5.020735	0.0
2023-03-31 14:54:40	227076329.294525	19.0	5.070771	5.02072	0.0
2023-03-31 14:54:40	229530481.953114	19.0	5.070757	5.020735	0.0
2023-03-31 14:54:41	231989542.91702	19.0	5.070971	5.02072	0.0
2023-03-31 14:54:41	234453522.002854	19.0	5.0707	5.02066	0.0
2023-03-31 14:54:42	236922429.04686	19.0	5.072329	5.020675	0.0
2023-03-31 14:54:42	239396273.904953	19.0	5.0717	5.02069	0.0
2023-03-31 14:54:43	241875066.452763	19.0	5.072557	5.02069	0.0
2023-03-31 14:54:43	244358816.585669	19.0	5.072643	5.02072	0.0
2023-03-31 14:54:44	246847534.21884	19.0	5.071843	5.02075	0.0
2023-03-31 14:54:44	249341229.287278	19.0	5.071186	5.02075	0.0
2023-03-31 14:54:45	251839911.745852	19.0	5.073057	5.02075	0.0
2023-03-31 14:54:46	254343591.569344	19.0	5.072785	5.020809	0.0
2023-03-31 14:54:46	256852278.752483	19.0	5.073729	5.020869	0.0
2023-03-31 14:54:47	259365983.309988	19.0	5.074528	5.020943	0.0
2023-03-31 14:54:47	261884715.276608	19.0	5.074471	5.021032	0.0
2023-03-31 14:54:48	264408484.707161	19.0	5.075271	5.021091	0.0
2023-03-31 14:54:48	266937301.676575	19.0	5.075243	5.021136	0.0
2023-03-31 14:54:49	269471176.279928	19.0	5.077686	5.021122	0.0
2023-03-31 14:54:49	272010118.632488	19.0	5.077043	5.021106	0.0
2023-03-31 14:54:50	274554138.869753	19.0	5.076957	5.021047	0.0
2023-03-31 14:54:50	277103247.147493	19.0	5.075857	5.020988	0.0
2023-03-31 14:54:51	279657453.641788	19.0	5.077686	5.020928	0.0
2023-03-31 14:54:51	282216768.549071	19.0	5.076629	5.021003	0.0
2023-03-31 14:54:52	284781202.08617	19.0	5.074686	5.021018	0.0
2023-03-31 14:54:52	287350764.490342	19.0	5.073	5.021091	0.0
2023-03-31 14:54:53	289925466.019323	19.0	5.072271	5.021077	0.0
2023-03-31 14:54:53	292505316.951361	19.0	5.071414	5.021032	0.0
2023-03-31 14:54:54	295090327.585264	19.0	5.071342	5.021018	0.0
2023-03-31 14:54:54	297680508.240435	19.0	5.071828	5.021018	0.0
2023-03-31 14:54:55	300275869.256915	19.0	5.070629	5.020988	0.0
2023-03-31 14:54:55	302876420.995429	19.0	5.071286	5.020973	0.034602
2023-03-31 14:54:56	305482173.83742	19.0	5.070614	5.020973	0.0
2023-03-31 14:54:56	308093138.185095	19.0	5.070614	5.020943	0.0
2023-03-31 14:54:57	310709324.461465	19.0	5.071	5.020988	0.0
2023-03-31 14:54:57	313330743.110388	19.0	5.071186	5.021018	0.0
2023-03-31 14:54:58	315957404.596609	19.0	5.071342	5.021018	0.0
2023-03-31 14:54:59	318589319.405802	19.0	5.0719	5.021091	0.0
2023-03-31 14:54:59	321226498.044614	19.0	5.072085	5.021225	0.0
2023-03-31 14:55:00	323868951.040703	19.0	5.0716	5.021329	0.0
2023-03-31 14:55:00	326516688.942784	19.0	5.073029	5.021538	0.0
2023-03-31 14:55:01	329169722.32067	19.0	5.073328	5.021582	0.0
2023-03-31 14:55:01	331828061.765311	19.0	5.073057	5.021538	0.0
2023-03-31 14:55:02	334491717.888842	19.0	5.071814	5.021493	0.0
2023-03-31 14:55:02	337160701.324619	19.0	5.071057	5.021329	0.0
2023-03-31 14:55:03	339835022.727269	19.0	5.071871	5.021196	0.0
2023-03-31 14:55:03	342514692.772723	19.0	5.072271	5.020988	0.0
2023-03-31 14:55:04	345199722.158269	19.0	5.071186	5.020824	0.0
2023-03-31 14:55:04	347890121.602585	19.0	5.0716	5.020675	0.0
2023-03-31 14:55:05	350585901.84579	19.0	5.072986	5.020571	0.0
2023-03-31 14:55:05	353287073.649482	19.0	5.072357	5.020467	0.0
2023-03-31 14:55:06	355993647.796781	19.0	5.071986	5.020497	0.0
2023-03-31 14:55:06	358705635.092375	19.0	5.0728	5.020467	0.0
2023-03-31 14:55:07	361423046.362559	19.0	5.072386	5.020467	0.0
2023-03-31 14:55:07	364145892.455284	19.0	5.072128	5.020467	0.0
2023-03-31 14:55:08	366874184.240195	19.0	5.072057	5.020349	0.0
2023-03-31 14:55:08	369607932.608675	19.0	5.071814	5.020319	0.0
2023-03-31 14:55:09	372347148.473893	19.0	5.072986	5.020288	0.0
2023-03-31 14:55:10	375091842.77084	19.0	5.071428	5.020185	0.0
2023-03-31 14:55:10	377842026.456382	19.0	5.072429	5.02014	0.0
2023-03-31 14:55:11	380597710.509295	19.0	5.070843	5.020066	0.0
2023-03-31 14:55:11	383358905.930314	19.0	5.074557	5.020051	0.0
2023-03-31 14:55:12	386125623.742174	19.0	5.072014	5.020155	0.0
2023-03-31 14:55:12	388897874.989658	19.0	5.072114	5.020274	0.0
2023-03-31 14:55:13	391675670.739638	19.0	5.073414	5.020422	0.0
2023-03-31 14:55:13	394459022.081117	19.0	5.072357	5.020646	0.0
2023-03-31 14:55:14	397247940.125279	19.0	5.072528	5.02075	0.0
2023-03-31 14:55:14	400042436.00553	19.0	5.072643	5.020913	0.0
2023-03-31 14:55:15	402842520.877541	19.0	5.072743	5.021136	0.0
2023-03-31 14:55:15	405648205.919296	19.0	5.075129	5.021374	0.0
2023-03-31 14:55:16	408459502.331135	19.0	5.077343	5.021463	0.0
2023-03-31 14:55:16	411276421.335797	19.0	5.075829	5.021106	0.0
2023-03-31 14:55:17	414098974.178468	19.0	5.0739	5.020482	0.0
2023-03-31 14:55:17	416927172.126825	19.0	5.074457	5.019962	0.0
2023-03-31 14:55:18	419761026.471079	19.0	5.073557	5.019382	0.0
2023-03-31 14:55:18	422600548.524021	19.0	5.072657	5.018965	0.0
2023-03-31 14:55:19	425445749.621069	19.0	5.073043	5.019025	0.0
2023-03-31 14:55:19	428296641.120311	19.0	5.072671	5.018877	0.0
2023-03-31 14:55:20	431153234.402552	19.0	5.072528	5.019233	0.0
2023-03-31 14:55:20	434015540.871357	19.0	5.070943	5.018728	0.0
2023-03-31 14:55:21	436883571.9531	19.0	5.070828	5.018802	0.0
2023-03-31 14:55:21	439757339.097006	19.0	5.071443	5.018565	0.0
2023-03-31 14:55:22	442636853.7752	19.0	5.0714	5.018549	0.0
2023-03-31 14:55:23	445522127.48275	19.0	5.071772	5.018996	0.0
2023-03-31 14:55:23	448413171.737716	19.0	5.071643	5.019159	0.0
2023-03-31 14:55:24	451309998.081191	19.0	5.073029	5.019263	0.0
2023-03-31 14:55:24	454212618.077354	19.0	5.074686	5.01968	0.0
2023-03-31 14:55:25	457121043.313508	19.0	5.0747	5.019962	0.0
2023-03-31 14:55:25	460035285.400135	19.0	5.072528	5.020155	0.0
2023-03-31 14:55:26	462955355.970936	19.0	5.072843	5.020586	0.0
2023-03-31 14:55:26	465881266.682878	19.0	5.072114	5.020675	0.0
2023-03-31 14:55:27	468813029.216243	19.0	5.072957	5.021077	0.0
2023-03-31 14:55:27	471750655.274676	19.0	5.073071	5.021315	0.0
2023-03-31 14:55:28	474694156.585225	19.0	5.072072	5.021478	0.0
2023-03-31 14:55:28	477643544.898396	19.0	5.074643	5.021612	0.0
2023-03-31 14:55:29	480598831.988192	19.0	5.0746	5.021716	0.0
2023-03-31 14:55:29	483560029.652169	19.0	5.076771	5.021716	0.0
2023-03-31 14:55:30	486527149.711473	19.0	5.074286	5.021508	0.0
2023-03-31 14:55:30	489500204.010896	19.0	5.075929	5.021359	0.0
2023-03-31 14:55:31	492479204.418918	19.0	5.076157	5.021329	0.0
2023-03-31 14:55:31	495464162.827756	19.0	5.073729	5.021359	0.0
2023-03-31 14:55:32	498455091.153411	19.0	5.075	5.021359	0.0
2023-03-31 14:55:32	501452001.335718	19.0	5.073129	5.021419	0.0
2023-03-31 14:55:33	504454905.338389	19.0	5.072871	5.021389	0.0
2023-03-31 14:55:34	507463815.149066	19.0	5.071357	5.021449	0.0
2023-03-31 14:55:34	510478742.779364	19.0	5.071772	5.021374	0.0
2023-03-31 14:55:35	513499700.264923	19.0	5.071386	5.021315	0.0
2023-03-31 14:55:35	516526699.665453	19.0	5.071214	5.021225	0.0
2023-03-31 14:55:36	519559753.064784	19.0	5.070543	5.021062	0.0
2023-03-31 14:55:36	522598872.570913	19.0	5.071014	5.021018	0.0
2023-03-31 14:55:37	525644070.316055	19.0	5.071543	5.021091	0.0
2023-03-31 14:55:37	528695358.456687	19.0	5.071414	5.0213	0.0
2023-03-31 14:55:38	531752749.173601	19.0	5.071214	5.021449	0.0
2023-03-31 14:55:38	534816254.671948	19.0	5.071342	5.021508	0.0
2023-03-31 14:55:39	537885887.181292	19.0	5.0718	5.021553	0.0
2023-03-31 14:55:39	540961658.955654	19.0	5.072157	5.021478	0.0
2023-03-31 14:55:40	544043582.273566	19.0	5.072085	5.021374	0.0
2023-03-31 14:55:40	547131669.438113	19.0	5.072628	5.021211	0.0
2023-03-31 14:55:41	550225932.776989	19.0	5.072957	5.020884	0.0
2023-03-31 14:55:41	553326384.642543	19.0	5.073643	5.020408	0.0
2023-03-31 14:55:42	556433037.411828	19.0	5.072114	5.01968	0.0
2023-03-31 14:55:42	559545903.486652	19.0	5.075243	5.018267	0.0
2023-03-31 14:55:43	562664995.293625	19.0	5.072857	5.017419	0.0
2023-03-31 14:55:43	565790325.284212	19.0	5.0724	5.01678	0.0
2023-03-31 14:55:44	568921905.934781	19.0	5.073957	5.016557	0.0
2023-03-31 14:55:44	572059749.74665	19.0	5.072257	5.016527	0.0
2023-03-31 14:55:45	575203869.246144	19.0	5.072586	5.016943	0.0
2023-03-31 14:55:45	578354276.984636	19.0	5.072914	5.017672	0.0
2023-03-31 14:55:46	581510985.538605	19.0	5.072785	5.018148	0.0
2023-03-31 14:55:46	584674007.509682	19.0	5.072157	5.018653	0.0
2023-03-31 14:55:47	587843355.524702	19.0	5.072671	5.019218	0.0
2023-03-31 14:55:47	591019042.235751	19.0	5.073243	5.019739	0.0
2023-03-31 14:55:48	594201080.320223	19.0	5.072729	5.020735	0.0
2023-03-31 14:55:49	597389482.480863	19.0	5.0723	5.021746	0.0
2023-03-31 14:55:49	600584261.445825	19.0	5.0741	5.022429	0.0
2023-03-31 14:55:50	603785429.968717	19.0	5.073786	5.023664	0.0
2023-03-31 14:55:50	606993000.828654	19.0	5.0755	5.024526	0.0
2023-03-31 14:55:51	610206986.830311	19.0	5.0776	5.025463	0.0
2023-03-31 14:55:51	613427400.803972	19.0	5.075514	5.02573	0.0
2023-03-31 14:55:52	616654255.60558	19.0	5.075214	5.025373	0.0
2023-03-31 14:55:52	619887564.116791	19.0	5.073215	5.024853	0.0
2023-03-31 14:55:53	623127339.245025	19.0	5.070643	5.023872	0.0
2023-03-31 14:55:53	626373593.923515	19.0	5.070786	5.023069	0.0
2023-03-31 14:55:54	629626341.111362	19.0	5.072371	5.022623	0.0
2023-03-31 14:55:54	632885593.793584	19.0	5.072043	5.022222	0.0
2023-03-31 14:55:55	636151364.981171	19.0	5.0719	5.022132	0.0
2023-03-31 14:55:55	639423667.711134	19.0	5.072386	5.022236	0.0
2023-03-31 14:55:56	642702515.046556	19.0	5.072414	5.02237	0.0
2023-03-31 14:55:56	645987920.076649	19.0	5.072371	5.022504	0.0
2023-03-31 14:55:57	649279895.916803	19.0	5.072128	5.022682	0.0
2023-03-31 14:55:57	652578455.708636	19.0	5.071557	5.022801	0.0
2023-03-31 14:55:58	655883612.620053	19.0	5.073029	5.023084	0.0
2023-03-31 14:55:58	659195379.845294	19.0	5.0726	5.023634	0.0
2023-03-31 14:55:59	662513770.604984	19.0	5.074214	5.024259	0.0
2023-03-31 14:55:59	665838798.146194	19.0	5.074943	5.02469	0.0
2023-03-31 14:56:00	669170475.742486	19.0	5.073729	5.024808	0.0
2023-03-31 14:56:00	672508816.693971	19.0	5.074057	5.024392	0.0
2023-03-31 14:56:01	675853834.327359	19.0	5.072028	5.024005	0.0
2023-03-31 14:56:01	679205541.996014	19.0	5.074014	5.023366	0.0
2023-03-31 14:56:02	682563953.080006	19.0	5.073314	5.022742	0.0
2023-03-31 14:56:02	685929080.986166	19.0	5.073471	5.022296	0.0
2023-03-31 14:56:03	689300939.148138	19.0	5.0717	5.021746	0.0
2023-03-31 14:56:04	692679541.026435	19.0	5.072	5.021567	0.0
2023-03-31 14:56:04	696064900.108487	19.0	5.0721	5.021003	0.0
2023-03-31 14:56:05	699457029.908704	19.0	5.071243	5.02078	0.0
2023-03-31 14:56:05	702855943.968522	19.0	5.071	5.020809	0.0
2023-03-31 14:56:06	706261655.856459	19.0	5.070557	5.020408	0.0
2023-03-31 14:56:06	709674179.168172	19.0	5.0717	5.020378	0.0
2023-03-31 14:56:07	713093527.526508	19.0	5.071157	5.020408	0.0
2023-03-31 14:56:07	716519714.581561	19.0	5.071	5.020616	0.0
2023-03-31 14:56:08	719952754.010724	19.0	5.071471	5.020646	0.0
2023-03-31 14:56:08	723392659.518746	19.0	5.071557	5.020571	0.0
2023-03-31 14:56:09	726839444.837783	19.0	5.071357	5.020705	0.0
2023-03-31 14:56:09	730293123.727459	19.0	5.072471	5.021077	0.0
2023-03-31 14:56:10	733753709.974914	19.0	5.071871	5.021597	0.0
2023-03-31 14:56:10	737221217.394863	19.0	5.072143	5.02188	0.0
2023-03-31 14:56:11	740695659.829653	19.0	5.071614	5.022028	0.0
2023-03-31 14:56:11	744177051.149312	19.0	5.0724	5.022088	0.0
2023-03-31 14:56:12	747665405.251611	19.0	5.072186	5.021984	0.0
2023-03-31 14:56:12	751160736.062114	19.0	5.0722	5.022118	0.0
2023-03-31 14:56:13	754663057.534239	19.0	5.0731	5.022296	0.0
2023-03-31 14:56:13	758172383.649307	19.0	5.074243	5.022459	0.0
2023-03-31 14:56:14	761688728.416606	19.0	5.073228	5.022444	0.0
2023-03-31 14:56:14	765212105.873439	19.0	5.072471	5.022326	0.0
2023-03-31 14:56:15	768742530.085186	19.0	5.072914	5.022147	0.0
2023-03-31 14:56:15	772280015.145356	19.0	5.073657	5.022147	0.0
2023-03-31 14:56:16	775824575.175647	19.0	5.072329	5.022103	0.0
2023-03-31 14:56:16	779376224.325998	19.0	5.073343	5.021924	0.0
2023-03-31 14:56:17	782934976.77465	19.0	5.073343	5.021582	0.0
2023-03-31 14:56:18	786500846.728199	19.0	5.072371	5.021106	0.0
2023-03-31 14:56:18	790073848.421656	19.0	5.072843	5.02066	0.0
2023-03-31 14:56:19	793653996.118499	19.0	5.072414	5.020393	0.0
2023-03-31 14:56:19	797241304.110736	19.0	5.073143	5.020349	0.0
2023-03-31 14:56:20	800835786.718958	19.0	5.072785	5.02072	0.0
2023-03-31 14:56:20	804437458.292396	19.0	5.074057	5.021567	0.0
2023-03-31 14:56:21	808046333.20898	19.0	5.073386	5.022103	0.0
2023-03-31 14:56:21	811662425.875398	19.0	5.073643	5.022667	0.0
2023-03-31 14:56:22	815285750.727149	19.0	5.074028	5.022742	0.0
2023-03-31 14:56:22	818916322.228604	19.0	5.073686	5.022593	0.0
2023-03-31 14:56:23	822554154.873061	19.0	5.072257	5.022459	0.0
2023-03-31 14:56:23	826199263.182807	19.0	5.072614	5.022459	0.0
2023-03-31 14:56:24	829851661.709173	19.0	5.072614	5.022653	0.0
2023-03-31 14:56:24	833511365.032591	19.0	5.072457	5.022801	0.0
2023-03-31 14:56:25	837178387.762656	19.0	5.072628	5.023084	0.0
2023-03-31 14:56:25	840852744.538182	19.0	5.073557	5.023322	0.0
2023-03-31 14:56:26	844534450.027258	19.0	5.075585	5.023634	0.0
2023-03-31 14:56:26	848223518.927312	19.0	5.075671	5.024065	0.0
2023-03-31 14:56:27	851919965.965167	19.0	5.073757	5.024407	0.0
2023-03-31 14:56:27	855623805.897097	19.0	5.078914	5.024794	0.0
2023-03-31 14:56:28	859335053.508892	19.0	5.078771	5.025166	0.0
2023-03-31 14:56:28	863053723.615909	19.0	5.0801	5.025537	0.0
2023-03-31 14:56:29	866779831.063141	19.0	5.081643	5.025879	0.0
2023-03-31 14:56:29	870513390.725268	19.0	5.081157	5.026117	0.0
2023-03-31 14:56:30	874254417.506718	19.0	5.075929	5.026146	0.0
2023-03-31 14:56:30	878002926.341731	19.0	5.075014	5.026072	0.0
2023-03-31 14:56:31	881758932.194415	19.0	5.0761	5.026102	0.0
2023-03-31 14:56:32	885522450.058804	19.0	5.078414	5.02631	0.0
2023-03-31 14:56:32	889293494.958921	19.0	5.0777	5.026726	0.0
2023-03-31 14:56:33	893072081.948839	19.0	5.081143	5.027113	0.0
2023-03-31 14:56:33	896858226.112737	19.0	5.082157	5.027544	0.0
2023-03-31 14:56:34	900651942.564962	19.0	5.084343	5.027901	0.0
2023-03-31 14:56:34	904453246.450092	19.0	5.084685	5.028139	0.0
2023-03-31 14:56:35	908262152.942992	19.0	5.085871	5.028213	0.0
2023-03-31 14:56:35	912078677.248878	19.0	5.087185	5.028376	0.0
2023-03-31 14:56:36	915902834.603376	19.0	5.086986	5.028763	0.0
2023-03-31 14:56:36	919734640.272583	19.0	5.088	5.029521	0.0
2023-03-31 14:56:37	923574109.553128	19.0	5.089571	5.030294	0.0
2023-03-31 14:56:37	927421257.772234	19.0	5.089486	5.030607	0.0
2023-03-31 14:56:38	931276100.287779	19.0	5.0897	5.030532	0.0
2023-03-31 14:56:38	935138652.488354	19.0	5.089886	5.030532	0.0
2023-03-31 14:56:39	939008929.793331	19.0	5.089757	5.030577	0.0
2023-03-31 14:56:39	942886947.652918	19.0	5.09	5.03083	0.0
2023-03-31 14:56:40	946772721.548224	19.0	5.089886	5.031171	0.0
2023-03-31 14:56:40	950666266.99132	19.0	5.089929	5.031781	0.0
2023-03-31 14:56:41	954567599.525303	19.0	5.089957	5.03242	0.0
2023-03-31 14:56:41	958476734.724353	19.0	5.089943	5.033268	0.0
2023-03-31 14:56:42	962393688.193802	19.0	5.089957	5.034249	0.0
2023-03-31 14:56:42	966318475.57019	19.0	5.090043	5.035141	0.0
2023-03-31 14:56:43	970251112.52133	19.0	5.090114	5.036465	0.0
2023-03-31 14:56:43	974191614.746373	19.0	5.090229	5.037683	0.0
2023-03-31 14:56:44	978139997.975865	19.0	5.090586	5.039423	0.0
2023-03-31 14:56:44	982096277.971817	19.0	5.091214	5.040404	0.0
2023-03-31 14:56:45	986060470.527761	19.0	5.091428	5.041118	0.0
2023-03-31 14:56:45	990032591.468816	19.0	5.090914	5.041905	0.0
2023-03-31 14:56:46	994012656.651754	19.0	5.092085	5.041623	0.0
2023-03-31 14:56:47	998000681.965057	19.0	5.091785	5.04146	0.0
2023-03-31 14:56:47	1001996683.328988	19.0	5.090929	5.041251	0.0
2023-03-31 14:56:48	1006000676.695646	19.0	5.090943	5.041013	0.0
2023-03-31 14:56:48	1010012678.049037	19.0	5.090757	5.040835	0.0
2023-03-31 14:56:49	1014032703.405135	19.0	5.090657	5.040434	0.0
2023-03-31 14:56:49	1018060768.811945	19.0	5.090171	5.040018	0.0
2023-03-31 14:56:50	1022096890.349569	19.0	5.090128	5.039215	0.0
2023-03-31 14:56:50	1026141084.130268	19.0	5.090043	5.038501	0.0
2023-03-31 14:56:51	1030193366.298529	19.0	5.09	5.037981	0.0
2023-03-31 14:56:51	1034253753.031126	19.0	5.089957	5.037252	0.0
2023-03-31 14:56:52	1038322260.537188	19.0	5.089985	5.036925	0.0
2023-03-31 14:56:52	1042398905.058263	19.0	5.089957	5.036717	0.0
2023-03-31 14:56:53	1046483702.868379	19.0	5.089971	5.036494	0.0
2023-03-31 14:56:53	1050576670.274116	19.0	5.09	5.036167	0.0
2023-03-31 14:56:54	1054677823.614664	19.0	5.090014	5.035453	0.0
2023-03-31 14:56:54	1058787179.261894	19.0	5.089914	5.034829	0.0
2023-03-31 14:56:55	1062904753.620417	19.0	5.0899	5.033848	0.0
2023-03-31 14:56:55	1067030563.127658	19.0	5.089843	5.033312	0.0
2023-03-31 14:56:56	1071164624.253914	19.0	5.089728	5.032688	0.0
2023-03-31 14:56:56	1075306953.502421	19.0	5.089929	5.032495	0.0
2023-03-31 14:56:57	1079457567.409426	19.0	5.089957	5.032391	0.0
2023-03-31 14:56:57	1083616482.544245	19.0	5.089828	5.032271	0.0
2023-03-31 14:56:58	1087783715.509334	19.0	5.089685	5.032317	0.0
2023-03-31 14:56:58	1091959282.940352	19.0	5.0896	5.032405	0.0
2023-03-31 14:56:59	1096143201.506233	19.0	5.089685	5.032807	0.0
2023-03-31 14:56:59	1100335487.909245	19.0	5.089871	5.033312	0.0
2023-03-31 14:57:00	1104536158.885064	19.0	5.089886	5.033877	0.0
2023-03-31 14:57:00	1108745231.202834	19.0	5.089871	5.034071	0.0
2023-03-31 14:57:01	1112962721.66524	19.0	5.089857	5.034234	0.0
2023-03-31 14:57:01	1117188647.10857	19.0	5.089971	5.034993	0.0
2023-03-31 14:57:02	1121423024.402787	19.0	5.089957	5.035929	0.0
2023-03-31 14:57:02	1125665870.451593	19.0	5.089957	5.036613	0.0
2023-03-31 14:57:03	1129917202.192496	19.0	5.090071	5.037401	0.0
2023-03-31 14:57:04	1134177036.596881	19.0	5.090271	5.038055	0.0
2023-03-31 14:57:04	1138445390.670075	19.0	5.0903	5.039453	0.0
2023-03-31 14:57:05	1142722281.451415	19.0	5.0903	5.040181	0.0
2023-03-31 14:57:05	1147007726.014318	19.0	5.090443	5.041073	0.0
2023-03-31 14:57:06	1151301741.466347	19.0	5.096371	5.042813	0.0
2023-03-31 14:57:06	1155604344.94928	19.0	5.0998	5.044582	0.0
2023-03-31 14:57:07	1159915553.639178	19.0	5.109428	5.047332	0.0
2023-03-31 14:57:07	1164235384.746456	19.0	5.109943	5.0498	0.0
2023-03-31 14:57:08	1168563855.515949	19.0	5.110014	5.052699	0.0
2023-03-31 14:57:08	1172900983.226981	19.0	5.110657	5.054052	0.0
2023-03-31 14:57:09	1177246785.193435	19.0	5.110114	5.05371	0.0
2023-03-31 14:57:09	1181601278.763822	19.0	5.11	5.052312	0.0
2023-03-31 14:57:10	1185964481.32135	19.0	5.109929	5.049502	0.0
2023-03-31 14:57:10	1190336410.283992	19.0	5.109714	5.047525	0.0
2023-03-31 14:57:11	1194717083.10456	19.0	5.109471	5.046708	0.0
2023-03-31 14:57:11	1199106517.27077	19.0	5.109886	5.047347	0.0
2023-03-31 14:57:12	1203504730.305311	19.0	5.110157	5.050484	0.0
2023-03-31 14:57:12	1207911739.765922	19.0	5.112286	5.055152	0.0
2023-03-31 14:57:13	1212327563.245454	19.0	5.1272	5.063046	0.0
2023-03-31 14:57:13	1216752218.371944	19.0	5.130057	5.069291	0.0
2023-03-31 14:57:14	1221185722.808688	19.0	5.132771	5.077631	0.0
2023-03-31 14:57:14	1225628094.254306	19.0	5.140071	5.082998	0.0
2023-03-31 14:57:15	1230079350.442814	19.0	5.140914	5.085689	0.0
2023-03-31 14:57:15	1234539509.1437	19.0	5.136543	5.086566	0.0
2023-03-31 14:57:16	1239008588.161987	19.0	5.136314	5.086834	0.0
2023-03-31 14:57:16	1243486605.338311	19.0	5.140429	5.087949	0.0
2023-03-31 14:57:17	1247973578.548988	19.0	5.145628	5.089302	0.0
2023-03-31 14:57:18	1252469525.706086	19.0	5.145643	5.09116	0.0
2023-03-31 14:57:18	1256974464.757498	19.0	5.149157	5.092543	0.0
2023-03-31 14:57:19	1261488413.687013	19.0	5.149742	5.093034	0.0
2023-03-31 14:57:19	1266011390.514387	19.0	5.149742	5.093524	0.0
2023-03-31 14:57:20	1270543413.295416	19.0	5.149842	5.093703	0.0
2023-03-31 14:57:20	1275084500.122006	19.0	5.149828	5.093792	0.0
2023-03-31 14:57:21	1279634669.12225	19.0	5.149872	5.092796	0.0
2023-03-31 14:57:21	1284193938.460495	19.0	5.149071	5.091621	0.0
2023-03-31 14:57:22	1288762326.337416	19.0	5.139386	5.089436	0.0
2023-03-31 14:57:22	1293339850.990091	19.0	5.136843	5.086596	0.0
2023-03-31 14:57:23	1297926530.692071	19.0	5.130614	5.08169	0.0
2023-03-31 14:57:23	1302522383.753455	19.0	5.129971	5.076501	0.0
2023-03-31 14:57:24	1307127428.520962	19.0	5.129957	5.07436	0.0
2023-03-31 14:57:24	1311741683.378004	19.0	5.130057	5.074955	0.0
2023-03-31 14:57:25	1316365166.74476	19.0	5.130657	5.077007	0.0
2023-03-31 14:57:25	1320997897.078249	19.0	5.130657	5.079014	0.0
2023-03-31 14:57:26	1325639892.872406	19.0	5.130371	5.079341	0.0
2023-03-31 14:57:26	1330291172.65815	19.0	5.130171	5.077884	0.0
2023-03-31 14:57:27	1334951755.003467	19.0	5.129942	5.074732	0.0
2023-03-31 14:57:27	1339621658.513474	19.0	5.129729	5.071298	0.0
2023-03-31 14:57:28	1344300901.830501	19.0	5.120143	5.068994	0.0
2023-03-31 14:57:28	1348989503.634162	19.0	5.112143	5.065574	0.0
2023-03-31 14:57:29	1353687482.64143	19.0	5.1101	5.061233	0.0
2023-03-31 14:57:29	1358394857.606713	19.0	5.109814	5.058022	0.0
2023-03-31 14:57:30	1363111647.321927	19.0	5.107585	5.053993	0.0
2023-03-31 14:57:30	1367837870.61657	19.0	5.104771	5.05096	0.0
2023-03-31 14:57:31	1372573546.357804	19.0	5.099786	5.048194	0.0
2023-03-31 14:57:32	1377318693.450519	19.0	5.093071	5.044923	0.0
2023-03-31 14:57:32	1382073330.83742	19.0	5.091743	5.04308	0.0
2023-03-31 14:57:33	1386837477.499095	19.0	5.091043	5.041147	0.0
2023-03-31 14:57:33	1391611152.454093	19.0	5.090743	5.039928	0.0
2023-03-31 14:57:34	1396394374.759001	19.0	5.090543	5.038367	0.0
2023-03-31 14:57:34	1401187163.508519	19.0	5.090471	5.036419	0.0
2023-03-31 14:57:35	1405989537.835536	19.0	5.0905	5.03465	0.0
2023-03-31 14:57:35	1410801516.911207	19.0	5.09	5.031573	0.0
2023-03-31 14:57:36	1415623119.94503	19.0	5.090029	5.02799	0.0
2023-03-31 14:57:36	1420454366.18492	19.0	5.089929	5.025344	0.0
2023-03-31 14:57:37	1425295274.91729	19.0	5.089943	5.023188	0.0
2023-03-31 14:57:37	1430145865.467124	19.0	5.089914	5.022831	0.0
2023-03-31 14:57:38	1435006157.198059	19.0	5.089857	5.023798	0.0
2023-03-31 14:57:38	1439876169.512455	19.0	5.089957	5.025641	0.0
2023-03-31 14:57:39	1444755921.85148	19.0	5.089914	5.027261	0.0
2023-03-31 14:57:39	1449645433.695183	19.0	5.089985	5.029343	0.0
2023-03-31 14:57:40	1454544724.562573	19.0	5.089929	5.032063	0.0
2023-03-31 14:57:40	1459453814.011698	19.0	5.089957	5.033937	0.0
2023-03-31 14:57:41	1464372721.639722	19.0	5.090029	5.035974	0.0
2023-03-31 14:57:41	1469301467.083001	19.0	5.0901	5.036836	0.0
2023-03-31 14:57:42	1474240070.017167	19.0	5.090114	5.037327	0.0
2023-03-31 14:57:43	1479188550.157202	19.0	5.089985	5.037668	0.0
2023-03-31 14:57:43	1484146927.257516	19.0	5.090086	5.037431	0.0
2023-03-31 14:57:44	1489115221.112031	19.0	5.089957	5.036643	0.0
2023-03-31 14:57:44	1494093451.554255	19.0	5.089943	5.035319	0.0
2023-03-31 14:57:45	1499081638.457364	19.0	5.089957	5.034175	0.0
2023-03-31 14:57:45	1504079801.734278	19.0	5.089943	5.032866	0.0
2023-03-31 14:57:46	1509087961.337747	19.0	5.0897	5.031469	0.0
2023-03-31 14:57:46	1514106137.260423	19.0	5.089614	5.03028	0.0
2023-03-31 14:57:47	1519134349.534944	19.0	5.0888	5.02912	0.0
2023-03-31 14:57:47	1524172618.234014	19.0	5.0882	5.027529	0.0
2023-03-31 14:57:48	1529220963.470482	19.0	5.085986	5.02573	0.0
2023-03-31 14:57:48	1534279405.397423	19.0	5.0775	5.024615	0.0
2023-03-31 14:57:49	1539347964.208217	19.0	5.076086	5.024734	0.0
2023-03-31 14:57:49	1544426660.136634	19.0	5.076686	5.02576	0.0
2023-03-31 14:57:50	1549515513.456907	19.0	5.074771	5.026176	0.0
2023-03-31 14:57:50	1554614544.483821	19.0	5.075957	5.026563	0.0
2023-03-31 14:57:51	1559723773.572788	19.0	5.075057	5.026652	0.0
2023-03-31 14:57:51	1564843221.119934	19.0	5.0767	5.026518	0.0
2023-03-31 14:57:52	1569972907.562174	19.0	5.077428	5.026533	0.0
2023-03-31 14:57:52	1575112853.377298	19.0	5.074971	5.026563	0.0
2023-03-31 14:57:53	1580263079.084053	19.0	5.075357	5.026325	0.0
2023-03-31 14:57:53	1585423605.242221	19.0	5.076828	5.026028	0.0
2023-03-31 14:57:54	1590594452.452705	19.0	5.078114	5.02573	0.0
2023-03-31 14:57:54	1595775641.357611	19.0	5.074514	5.025344	0.0
2023-03-31 14:57:55	1600967192.640326	19.0	5.075571	5.025061	0.0
2023-03-31 14:57:55	1606169127.025607	19.0	5.074343	5.024719	0.0
2023-03-31 14:57:56	1611381465.279658	19.0	5.078114	5.024213	0.0
2023-03-31 14:57:57	1616604228.210217	19.0	5.0764	5.024184	0.0
2023-03-31 14:57:57	1621837436.666638	19.0	5.079729	5.023857	0.0
2023-03-31 14:57:58	1627081111.539971	19.0	5.077343	5.02356	0.0
2023-03-31 14:57:58	1632335273.763051	19.0	5.0758	5.023159	0.0
2023-03-31 14:57:59	1637599944.310577	19.0	5.075728	5.021865	0.0
2023-03-31 14:57:59	1642875144.199198	19.0	5.077414	5.019665	0.0
2023-03-31 14:58:00	1648160894.487597	19.0	5.074386	5.018297	0.0
2023-03-31 14:58:00	1653457216.276572	19.0	5.074914	5.015963	0.0
2023-03-31 14:58:01	1658764130.709125	19.0	5.076057	5.01452	0.0
2023-03-31 14:58:01	1664081658.970543	19.0	5.074757	5.015219	0.0
2023-03-31 14:58:02	1669409822.288484	19.0	5.074	5.017048	0.0
2023-03-31 14:58:02	1674748641.933061	19.0	5.073771	5.018029	0.0
2023-03-31 14:58:03	1680098139.216928	19.0	5.074943	5.018163	0.0
2023-03-31 14:58:03	1685458335.495361	19.0	5.077886	5.018342	0.0
2023-03-31 14:58:04	1690829252.166352	19.0	5.075914	5.018713	0.0
2023-03-31 14:58:04	1696210910.670685	19.0	5.076657	5.018921	0.0
2023-03-31 14:58:05	1701603332.492026	19.0	5.076543	5.018624	0.0
2023-03-31 14:58:05	1707006539.15701	19.0	5.079014	5.018312	0.0
2023-03-31 14:58:06	1712420552.235324	19.0	5.075671	5.018103	0.0
2023-03-31 14:58:06	1717845393.339795	19.0	5.075757	5.017122	0.0
2023-03-31 14:58:07	1723281084.126474	19.0	5.075614	5.016364	0.0
2023-03-31 14:58:07	1728727646.294727	19.0	5.073071	5.015873	0.0
2023-03-31 14:58:08	1734185101.587317	19.0	5.0742	5.016052	0.0
2023-03-31 14:58:08	1739653471.790491	19.0	5.074214	5.016795	0.0
2023-03-31 14:58:09	1745132778.734072	19.0	5.0727	5.017449	0.0
2023-03-31 14:58:10	1750623044.291541	19.0	5.074443	5.018208	0.0
2023-03-31 14:58:10	1756124290.380124	19.0	5.073928	5.018549	0.0
2023-03-31 14:58:11	1761636538.960884	19.0	5.0723	5.018862	0.0
2023-03-31 14:58:11	1767159812.038806	19.0	5.073557	5.019382	0.0
2023-03-31 14:58:12	1772694131.662883	19.0	5.074471	5.020408	0.0
2023-03-31 14:58:12	1778239519.926209	19.0	5.074057	5.021597	0.0
2023-03-31 14:58:13	1783795998.966061	19.0	5.074129	5.022727	0.0
2023-03-31 14:58:13	1789363590.963994	19.0	5.074228	5.02353	0.0
2023-03-31 14:58:14	1794942318.145921	19.0	5.074543	5.024377	0.0
2023-03-31 14:58:14	1800532202.782213	19.0	5.076514	5.024749	0.0
2023-03-31 14:58:15	1806133267.187778	19.0	5.075243	5.024868	0.0
2023-03-31 14:58:15	1811745533.722153	19.0	5.0734	5.024779	0.0
2023-03-31 14:58:16	1817369024.789598	19.0	5.074271	5.024675	0.0
2023-03-31 14:58:16	1823003762.839177	19.0	5.0743	5.02457	0.0
2023-03-31 14:58:17	1828649770.364855	19.0	5.074314	5.024422	0.0
2023-03-31 14:58:17	1834307069.905585	19.0	5.076914	5.024318	0.0
2023-03-31 14:58:18	1839975684.045396	19.0	5.074943	5.024259	0.0
2023-03-31 14:58:18	1845655635.413487	19.0	5.073429	5.024213	0.0
2023-03-31 14:58:19	1851346946.684314	19.0	5.073171	5.024213	0.0
2023-03-31 14:58:20	1857049640.577683	19.0	5.074043	5.024184	0.0
2023-03-31 14:58:20	1862763739.858838	19.0	5.0796	5.024229	0.0
2023-03-31 14:58:21	1868489267.338556	19.0	5.076	5.024199	0.0
2023-03-31 14:58:21	1874226245.873233	19.0	5.076871	5.024154	0.0
2023-03-31 14:58:22	1879974698.36498	19.0	5.074257	5.024021	0.0
2023-03-31 14:58:22	1885734647.761709	19.0	5.077814	5.024021	0.0
2023-03-31 14:58:23	1891506117.057233	19.0	5.072414	5.024005	0.0
2023-03-31 14:58:23	1897289129.291347	19.0	5.076214	5.024095	0.0
2023-03-31 14:58:24	1903083707.54993	19.0	5.078414	5.024125	0.0
2023-03-31 14:58:24	1908889874.96503	19.0	5.079329	5.024199	0.0
2023-03-31 14:58:25	1914707654.71496	19.0	5.075129	5.024213	0.0
2023-03-31 14:58:25	1920537070.02439	19.0	5.076028	5.024259	0.0
2023-03-31 14:58:26	1926378144.164438	19.0	5.075914	5.024273	0.0
2023-03-31 14:58:26	1932230900.452767	19.0	5.077314	5.024347	0.0
2023-03-31 14:58:27	1938095362.253673	19.0	5.075971	5.024407	0.0
2023-03-31 14:58:27	1943971552.97818	19.0	5.077014	5.024436	0.0
2023-03-31 14:58:28	1949859496.084136	19.0	5.076814	5.024422	0.0
2023-03-31 14:58:28	1955759215.076305	19.0	5.078886	5.024452	0.0
2023-03-31 14:58:29	1961670733.506457	19.0	5.080357	5.024436	0.0
2023-03-31 14:58:29	1967594074.97347	19.0	5.0736	5.024436	0.0
2023-03-31 14:58:30	1973529263.123417	19.0	5.0752	5.024422	0.0
2023-03-31 14:58:30	1979476321.649664	19.0	5.075929	5.024347	0.0
2023-03-31 14:58:31	1985435274.292963	19.0	5.074057	5.024347	0.0
2023-03-31 14:58:31	1991406144.841549	19.0	5.075657	5.024333	0.0
2023-03-31 14:58:32	1997388957.131232	19.0	5.074572	5.024318	0.0
2023-03-31 14:58:32	2003383735.045495	19.0	5.073786	5.024363	0.0
2023-03-31 14:58:33	2009390502.515586	19.0	5.072514	5.024363	0.0
2023-03-31 14:58:34	2015409283.520617	19.0	5.073729	5.024363	0.0
2023-03-31 14:58:34	2021440102.087658	19.0	5.073257	5.024347	0.0
2023-03-31 14:58:35	2027482982.291833	19.0	5.073628	5.024363	0.0
2023-03-31 14:58:35	2033537948.256417	19.0	5.072757	5.024377	0.0
2023-03-31 14:58:36	2039605024.15293	19.0	5.072957	5.024377	0.0
2023-03-31 14:58:36	2045684234.201236	19.0	5.075028	5.024392	0.0
2023-03-31 14:58:37	2051775602.669638	19.0	5.077085	5.024407	0.0
2023-03-31 14:58:37	2057879153.874977	19.0	5.072371	5.024436	0.0
2023-03-31 14:58:38	2063994912.182727	19.0	5.073871	5.024436	0.0
2023-03-31 14:58:38	2070122902.007092	19.0	5.074172	5.024407	0.0
2023-03-31 14:58:39	2076263147.811107	19.0	5.073414	5.024422	0.0
2023-03-31 14:58:39	2082415674.106729	19.0	5.074514	5.024481	0.0
2023-03-31 14:58:40	2088580505.454942	19.0	5.074843	5.024452	0.0
2023-03-31 14:58:40	2094757666.465852	19.0	5.073729	5.024452	0.0
2023-03-31 14:58:41	2100947181.798784	19.0	5.074142	5.024467	0.0
2023-03-31 14:58:41	2107149076.162381	19.0	5.073786	5.024497	0.0
2023-03-31 14:58:42	2113363374.314706	19.0	5.075914	5.024467	0.0
2023-03-31 14:58:42	2119590101.063335	19.0	5.074843	5.024392	0.0
2023-03-31 14:58:43	2125829281.265462	19.0	5.073657	5.024511	0.0
2023-03-31 14:58:43	2132080939.827993	19.0	5.073686	5.024481	0.0
2023-03-31 14:58:44	2138345101.707649	19.0	5.073243	5.024526	0.0
2023-03-31 14:58:45	2144621791.911065	19.0	5.073386	5.0246	0.0
2023-03-31 14:58:45	2150911035.494887	19.0	5.073871	5.024645	0.0
2023-03-31 14:58:46	2157212857.565876	19.0	5.074186	5.024675	0.0
2023-03-31 14:58:46	2163527283.281008	19.0	5.0756	5.024719	0.0
2023-03-31 14:58:47	2169854337.84757	19.0	5.074214	5.024913	0.0
2023-03-31 14:58:47	2176194046.523265	19.0	5.076643	5.024957	0.0
2023-03-31 14:58:48	2182546434.616312	19.0	5.074614	5.024957	0.0
2023-03-31 14:58:48	2188911527.485545	19.0	5.076229	5.024972	0.0
2023-03-31 14:58:49	2195289350.540516	19.0	5.076942	5.024882	0.0
2023-03-31 14:58:49	2201679929.241597	19.0	5.076057	5.024838	0.0
2023-03-31 14:58:50	2208083289.10008	19.0	5.074328	5.024823	0.0
2023-03-31 14:58:50	2214499455.67828	19.0	5.073928	5.024779	0.0
2023-03-31 14:58:51	2220928454.589637	19.0	5.074086	5.024764	0.0
2023-03-31 14:58:51	2227370311.498816	19.0	5.072686	5.024764	0.0
2023-03-31 14:58:52	2233825052.121814	19.0	5.075743	5.024749	0.0
2023-03-31 14:58:52	2240292702.226058	19.0	5.075486	5.024749	0.0
2023-03-31 14:58:53	2246773287.63051	19.0	5.075243	5.024749	0.0
2023-03-31 14:58:53	2253266834.205771	19.0	5.075743	5.024794	0.0
2023-03-31 14:58:54	2259773367.874183	19.0	5.077614	5.024823	0.0
2023-03-31 14:58:54	2266292914.609931	19.0	5.0744	5.024838	0.0
2023-03-31 14:58:55	2272825500.439151	19.0	5.075686	5.024808	0.0
2023-03-31 14:58:55	2279371151.440029	19.0	5.075386	5.024823	0.0
2023-03-31 14:58:56	2285929893.742909	19.0	5.076128	5.024734	0.0
2023-03-31 14:58:57	2292501753.530395	19.0	5.075357	5.024749	0.0
2023-03-31 14:58:57	2299086757.037456	19.0	5.0751	5.024779	0.0
2023-03-31 14:58:58	2305684930.551531	19.0	5.076428	5.024808	0.0
2023-03-31 14:58:58	2312296300.412634	19.0	5.075814	5.024794	0.0
2023-03-31 14:58:59	2318920893.013459	19.0	5.074657	5.024808	0.0
2023-03-31 14:58:59	2325558734.799486	19.0	5.076972	5.024764	0.0
2023-03-31 14:59:00	2332209852.269085	19.0	5.078557	5.024704	0.0
2023-03-31 14:59:00	2338874271.973623	19.0	5.076143	5.02466	0.0
2023-03-31 14:59:01	2345552020.51757	19.0	5.077028	5.024615	0.0
2023-03-31 14:59:01	2352243124.558606	19.0	5.0787	5.024497	0.0
2023-03-31 14:59:02	2358947610.807723	19.0	5.076886	5.024377	0.0
2023-03-31 14:59:02	2365665506.029338	19.0	5.076486	5.024347	0.0
2023-03-31 14:59:03	2372396837.041397	19.0	5.075	5.024154	0.0
2023-03-31 14:59:03	2379141630.71548	19.0	5.075486	5.023991	0.0
2023-03-31 14:59:04	2385899913.976911	19.0	5.076171	5.023857	0.0
2023-03-31 14:59:04	2392671713.804864	19.0	5.074886	5.023916	0.0
2023-03-31 14:59:05	2399457057.232474	19.0	5.077643	5.023916	0.0
2023-03-31 14:59:05	2406255971.346939	19.0	5.0746	5.023694	0.0
2023-03-31 14:59:06	2413068483.289633	19.0	5.075743	5.024169	0.0
2023-03-31 14:59:06	2419894620.256212	19.0	5.078928	5.024199	0.0
2023-03-31 14:59:07	2426734409.496725	19.0	5.075657	5.024511	0.0
2023-03-31 14:59:07	2433587878.315718	19.0	5.077286	5.02463	0.0
2023-03-31 14:59:08	2440455054.07235	19.0	5.077386	5.024719	0.0
2023-03-31 14:59:08	2447335964.180494	19.0	5.076828	5.024882	0.0
2023-03-31 14:59:09	2454230636.108855	19.0	5.079457	5.024942	0.0
2023-03-31 14:59:09	2461139097.381073	19.0	5.082443	5.025032	0.0
2023-03-31 14:59:10	2468061375.575835	19.0	5.081328	5.025046	0.0
2023-03-31 14:59:11	2474997498.326987	19.0	5.079471	5.025061	0.0
2023-03-31 14:59:11	2481947493.323641	19.0	5.081686	5.025061	0.0
2023-03-31 14:59:12	2488911388.310288	19.0	5.0819	5.025076	0.0
2023-03-31 14:59:12	2495889211.086908	19.0	5.0769	5.025076	0.0
2023-03-31 14:59:13	2502880989.509082	19.0	5.078828	5.025091	0.0
2023-03-31 14:59:13	2509886751.488101	19.0	5.078943	5.025091	0.0
2023-03-31 14:59:14	2516906524.991077	19.0	5.0759	5.025106	0.0
2023-03-31 14:59:14	2523940338.041059	19.0	5.077943	5.025091	0.0
2023-03-31 14:59:15	2530988218.717141	19.0	5.0771	5.025002	0.0
2023-03-31 14:59:15	2538050195.154575	19.0	5.080157	5.025016	0.0
2023-03-31 14:59:16	2545126295.544885	19.0	5.075829	5.025032	0.0
2023-03-31 14:59:16	2552216548.135974	19.0	5.075728	5.025061	0.0
2023-03-31 14:59:17	2559320981.232246	19.0	5.073714	5.025002	0.0
2023-03-31 14:59:17	2566439623.194711	19.0	5.078671	5.024957	0.0
2023-03-31 14:59:18	2573572502.4411	19.0	5.077586	5.024942	0.0
2023-03-31 14:59:18	2580719647.445982	19.0	5.081157	5.024942	0.0
2023-03-31 14:59:19	2587881086.740874	19.0	5.0759	5.024928	0.0
2023-03-31 14:59:19	2595056848.914356	19.0	5.0765	5.024972	0.0
2023-03-31 14:59:20	2602246962.612185	19.0	5.076914	5.024987	0.0
2023-03-31 14:59:20	2609451456.537409	19.0	5.075229	5.025046	0.0
2023-03-31 14:59:21	2616670359.450484	19.0	5.0791	5.025002	0.0
2023-03-31 14:59:21	2623903700.169385	19.0	5.076957	5.025016	0.0
2023-03-31 14:59:22	2631151507.569724	19.0	5.076714	5.024987	0.0
2023-03-31 14:59:22	2638413810.584864	19.0	5.078614	5.024987	0.0
2023-03-31 14:59:23	2645690638.206033	19.0	5.0779	5.024987	0.0
2023-03-31 14:59:24	2652982019.482445	19.0	5.079314	5.024972	0.0
2023-03-31 14:59:24	2660287983.52141	19.0	5.079957	5.024972	0.0
2023-03-31 14:59:25	2667608559.488453	19.0	5.0779	5.024987	0.0
2023-03-31 14:59:25	2674943776.60743	19.0	5.080414	5.025002	0.0
2023-03-31 14:59:26	2682293664.160645	19.0	5.080729	5.024972	0.0
2023-03-31 14:59:26	2689658251.488966	19.0	5.079114	5.024942	0.0
2023-03-31 14:59:27	2697037567.991944	19.0	5.079729	5.024928	0.0
2023-03-31 14:59:27	2704431643.127928	19.0	5.074585	5.024928	0.0
2023-03-31 14:59:28	2711840506.414184	19.0	5.077871	5.024928	0.0
2023-03-31 14:59:28	2719264187.427012	19.0	5.078414	5.024882	0.0
2023-03-31 14:59:29	2726702715.801867	19.0	5.079228	5.024882	0.0
2023-03-31 14:59:29	2734156121.23347	19.0	5.076385	5.024868	0.0
2023-03-31 14:59:30	2741624433.475937	19.0	5.080786	5.024868	0.0
2023-03-31 14:59:30	2749107682.342889	19.0	5.080928	5.024898	0.0
2023-03-31 14:59:31	2756605897.707575	19.0	5.0747	5.024882	0.0
2023-03-31 14:59:31	2764119109.50299	19.0	5.076214	5.024913	0.0
2023-03-31 14:59:32	2771647347.721996	19.0	5.079557	5.024942	0.0
2023-03-31 14:59:32	2779190642.41744	19.0	5.076671	5.024972	0.0
2023-03-31 14:59:33	2786749023.702275	19.0	5.078329	5.024987	0.0
2023-03-31 14:59:33	2794322521.74968	19.0	5.081471	5.024972	0.0
2023-03-31 14:59:34	2801911166.79318	19.0	5.077743	5.024987	0.0
2023-03-31 14:59:34	2809514989.126766	19.0	5.078714	5.025016	0.0
2023-03-31 14:59:35	2817134019.105019	19.0	5.076229	5.025046	0.0
2023-03-31 14:59:36	2824768287.143229	19.0	5.0757	5.025046	0.0
2023-03-31 14:59:36	2832417823.717515	19.0	5.075371	5.025016	0.0
2023-03-31 14:59:37	2840082659.364951	19.0	5.074414	5.025032	0.0
2023-03-31 14:59:37	2847762824.683681	19.0	5.074414	5.025032	0.0
2023-03-31 14:59:38	2855458350.333048	19.0	5.0743	5.025046	0.0
2023-03-31 14:59:38	2863169267.033714	19.0	5.075728	5.025046	0.0
2023-03-31 14:59:39	2870895605.567781	19.0	5.076871	5.025046	0.0
2023-03-31 14:59:39	2878637396.778917	19.0	5.074471	5.025091	0.0
2023-03-31 14:59:40	2886394671.572474	19.0	5.075	5.025046	0.0
2023-03-31 14:59:40	2894167460.915619	19.0	5.074071	5.025032	0.0
2023-03-31 14:59:41	2901955795.837451	19.0	5.075	5.025046	0.0
2023-03-31 14:59:41	2909759707.429125	19.0	5.075985	5.025046	0.0
2023-03-31 14:59:42	2917579226.843984	19.0	5.0758	5.025076	0.0
2023-03-31 14:59:42	2925414385.297672	19.0	5.078914	5.025106	0.0
2023-03-31 14:59:43	2933265214.068267	19.0	5.077571	5.025106	0.0
2023-03-31 14:59:43	2941131744.496404	19.0	5.076843	5.025121	0.0
2023-03-31 14:59:44	2949014007.985396	19.0	5.076629	5.025166	0.0
2023-03-31 14:59:44	2956912036.001367	19.0	5.077157	5.025166	0.0
2023-03-31 14:59:45	2964825860.07337	19.0	5.0766	5.025166	0.0
2023-03-31 14:59:45	2972755511.793517	19.0	5.075529	5.02515	0.0
2023-03-31 14:59:46	2980701022.817104	19.0	5.076343	5.025091	0.0
2023-03-31 14:59:47	2988662424.862738	19.0	5.074814	5.025121	0.0
2023-03-31 14:59:47	2996639749.712463	19.0	5.074114	5.025136	0.0
