2023-03-31 13:45:27	50000000.0	19.0	14.95356	14.837631	0.495041
2023-03-31 13:45:27	52100000.0	19.0	14.95366	14.83769	0.495449
2023-03-31 13:45:28	54204200.0	19.0	14.95693	14.837826	0.495249
2023-03-31 13:45:28	56312608.4	19.0	14.95313	14.837749	0.495129
2023-03-31 13:45:29	58425233.6168	19.0	14.95391	14.837885	0.494937
2023-03-31 13:45:29	60542084.084034	19.0	14.95131	14.837885	0.495233
2023-03-31 13:45:30	62663168.252202	19.0	14.95267	14.837809	0.495145
2023-03-31 13:45:30	64788494.588706	19.0	14.95223	14.837841	0.495241
2023-03-31 13:45:31	66918071.577883	19.0	14.9533	14.8379	0.494865
2023-03-31 13:45:31	69051907.721039	19.0	14.95214	14.837795	0.495361
2023-03-31 13:45:32	71190011.536481	19.0	14.95317	14.837826	0.495025
2023-03-31 13:45:33	73332391.559554	19.0	14.95457	14.837931	0.495041
2023-03-31 13:45:33	75479056.342673	19.0	14.95409	14.837944	0.495017
2023-03-31 13:45:34	77630014.455359	19.0	14.95427	14.837915	0.495249
2023-03-31 13:45:34	79785274.484269	19.0	14.95326	14.837931	0.495377
2023-03-31 13:45:35	81944845.033238	19.0	14.95199	14.837975	0.495073
2023-03-31 13:45:35	84108734.723304	19.0	14.95474	14.8379	0.495257
2023-03-31 13:45:36	86276952.192751	19.0	14.95326	14.838003	0.495025
2023-03-31 13:45:36	88449506.097137	19.0	14.95264	14.838108	0.494714
2023-03-31 13:45:37	90626405.109331	19.0	14.95173	14.838078	0.49477
2023-03-31 13:45:37	92807657.91955	19.0	14.95173	14.83778	0.495673
2023-03-31 13:45:38	94993273.235389	19.0	14.95146	14.837841	0.495249
2023-03-31 13:45:38	97183259.781859	19.0	14.9517	14.837841	0.495041
2023-03-31 13:45:39	99377626.301423	19.0	14.95203	14.837795	0.495177
2023-03-31 13:45:39	101576381.554026	19.0	14.95386	14.837706	0.495137
2023-03-31 13:45:40	103779534.317134	19.0	14.9549	14.837765	0.494826
2023-03-31 13:45:40	105987093.385768	19.0	14.95363	14.83769	0.495297
2023-03-31 13:45:41	108199067.57254	19.0	14.9541	14.837706	0.495297
2023-03-31 13:45:41	110415465.707685	19.0	14.95393	14.837765	0.495385
2023-03-31 13:45:42	112636296.6391	19.0	14.95323	14.837749	0.495305
2023-03-31 13:45:43	114861569.232378	19.0	14.95416	14.837675	0.495337
2023-03-31 13:45:43	117091292.370843	19.0	14.95216	14.837721	0.495393
2023-03-31 13:45:44	119325474.955585	19.0	14.95553	14.837734	0.495081
2023-03-31 13:45:44	121564125.905496	19.0	14.95303	14.83769	0.495353
2023-03-31 13:45:45	123807254.157307	19.0	14.9546	14.837795	0.495313
2023-03-31 13:45:45	126054868.665622	19.0	14.9546	14.837841	0.495161
2023-03-31 13:45:46	128306978.402953	19.0	14.95347	14.837841	0.495313
2023-03-31 13:45:46	130563592.359759	19.0	14.95468	14.837841	0.495089
2023-03-31 13:45:47	132824719.544478	19.0	14.9514	14.8379	0.495305
2023-03-31 13:45:47	135090368.983567	19.0	14.95207	14.837931	0.495193
2023-03-31 13:45:48	137360549.721534	19.0	14.95114	14.837959	0.495225
2023-03-31 13:45:48	139635270.820978	19.0	14.95151	14.83799	0.495249
2023-03-31 13:45:49	141914541.362619	19.0	14.95106	14.837931	0.495145
2023-03-31 13:45:49	144198370.445345	19.0	14.95238	14.837944	0.49505
2023-03-31 13:45:50	146486767.186235	19.0	14.95316	14.837975	0.494882
2023-03-31 13:45:50	148779740.720608	19.0	14.95179	14.8379	0.495441
2023-03-31 13:45:51	151077300.202049	19.0	14.95384	14.837931	0.494994
2023-03-31 13:45:51	153379454.802453	19.0	14.95383	14.837915	0.495113
2023-03-31 13:45:52	155686213.712058	19.0	14.9517	14.837841	0.495201
2023-03-31 13:45:52	157997586.139482	19.0	14.95117	14.838123	0.494945
2023-03-31 13:45:53	160313581.311761	19.0	14.95079	14.838806	0.495497
2023-03-31 13:45:54	162634208.474385	19.0	14.95054	14.839268	0.495305
2023-03-31 13:45:54	164959476.891333	19.0	14.95064	14.839268	0.495145
2023-03-31 13:45:55	167289395.845116	19.0	14.95114	14.838852	0.495201
2023-03-31 13:45:55	169623974.636806	19.0	14.95139	14.838583	0.495505
2023-03-31 13:45:56	171963222.58608	19.0	14.95144	14.838449	0.495097
2023-03-31 13:45:56	174307149.031252	19.0	14.95187	14.838419	0.495257
2023-03-31 13:45:57	176655763.329315	19.0	14.95139	14.838524	0.495273
2023-03-31 13:45:57	179009074.855973	19.0	14.95093	14.838671	0.494945
2023-03-31 13:45:58	181367093.005685	19.0	14.95104	14.838627	0.495169
2023-03-31 13:45:58	183729827.191697	19.0	14.95153	14.838375	0.495233
2023-03-31 13:45:59	186097286.84608	19.0	14.95227	14.838242	0.494778
2023-03-31 13:45:59	188469481.419772	19.0	14.95374	14.837975	0.495185
2023-03-31 13:46:00	190846420.382612	19.0	14.95211	14.838003	0.49505
2023-03-31 13:46:00	193228113.223377	19.0	14.95153	14.838078	0.495137
2023-03-31 13:46:01	195614569.449824	19.0	14.95161	14.838078	0.495145
2023-03-31 13:46:01	198005798.588723	19.0	14.95294	14.838123	0.495249
2023-03-31 13:46:02	200401810.185901	19.0	14.95564	14.838375	0.495377
2023-03-31 13:46:02	202802613.806273	19.0	14.95284	14.83839	0.495041
2023-03-31 13:46:03	205208219.033885	19.0	14.95223	14.838167	0.495025
2023-03-31 13:46:03	207618635.471953	19.0	14.95507	14.838152	0.495249
2023-03-31 13:46:04	210033872.742897	19.0	14.95444	14.838198	0.495297
2023-03-31 13:46:05	212453940.488383	19.0	14.95339	14.838242	0.495329
2023-03-31 13:46:05	214878848.369359	19.0	14.95243	14.838137	0.495585
2023-03-31 13:46:06	217308606.066098	19.0	14.95424	14.838152	0.495313
2023-03-31 13:46:06	219743223.27823	19.0	14.95339	14.838285	0.495257
2023-03-31 13:46:07	222182709.724787	19.0	14.95457	14.838301	0.495017
2023-03-31 13:46:07	224627075.144236	19.0	14.9536	14.838167	0.495233
2023-03-31 13:46:08	227076329.294525	19.0	14.9532	14.838093	0.495337
2023-03-31 13:46:08	229530481.953114	19.0	14.9525	14.838152	0.495177
2023-03-31 13:46:09	231989542.91702	19.0	14.95144	14.838049	0.495625
2023-03-31 13:46:09	234453522.002854	19.0	14.95234	14.837885	0.495353
2023-03-31 13:46:10	236922429.04686	19.0	14.9527	14.837856	0.495521
2023-03-31 13:46:10	239396273.904953	19.0	14.95238	14.837931	0.495329
2023-03-31 13:46:11	241875066.452763	19.0	14.95321	14.837959	0.495377
2023-03-31 13:46:11	244358816.585669	19.0	14.95221	14.837944	0.495193
2023-03-31 13:46:12	246847534.21884	19.0	14.95189	14.837944	0.495097
2023-03-31 13:46:12	249341229.287278	19.0	14.95076	14.837915	0.495361
2023-03-31 13:46:13	251839911.745852	19.0	14.95176	14.837931	0.495809
2023-03-31 13:46:13	254343591.569344	19.0	14.95346	14.838123	0.49505
2023-03-31 13:46:14	256852278.752483	19.0	14.95143	14.838167	0.495201
2023-03-31 13:46:14	259365983.309988	19.0	14.95127	14.838211	0.495361
2023-03-31 13:46:15	261884715.276608	19.0	14.95116	14.838331	0.495233
2023-03-31 13:46:15	264408484.707161	19.0	14.95137	14.838524	0.494961
2023-03-31 13:46:16	266937301.676575	19.0	14.95263	14.838537	0.495113
2023-03-31 13:46:17	269471176.279928	19.0	14.95374	14.838612	0.495073
2023-03-31 13:46:17	272010118.632488	19.0	14.95304	14.838688	0.495057
2023-03-31 13:46:18	274554138.869753	19.0	14.95531	14.838583	0.495177
2023-03-31 13:46:18	277103247.147493	19.0	14.95231	14.838419	0.495329
2023-03-31 13:46:19	279657453.641788	19.0	14.95253	14.838449	0.495361
2023-03-31 13:46:19	282216768.549071	19.0	14.95474	14.838449	0.495185
2023-03-31 13:46:20	284781202.08617	19.0	14.95154	14.838524	0.495233
2023-03-31 13:46:20	287350764.490342	19.0	14.953	14.838612	0.495297
2023-03-31 13:46:21	289925466.019323	19.0	14.95557	14.838671	0.495137
2023-03-31 13:46:21	292505316.951361	19.0	14.95287	14.838568	0.495489
2023-03-31 13:46:22	295090327.585264	19.0	14.9528	14.838537	0.494977
2023-03-31 13:46:22	297680508.240435	19.0	14.95309	14.838465	0.495041
2023-03-31 13:46:23	300275869.256915	19.0	14.95387	14.838419	0.495305
2023-03-31 13:46:23	302876420.995429	19.0	14.95373	14.838404	0.495489
2023-03-31 13:46:24	305482173.83742	19.0	14.95403	14.838478	0.495065
2023-03-31 13:46:24	308093138.185095	19.0	14.95283	14.838493	0.495497
2023-03-31 13:46:25	310709324.461465	19.0	14.95221	14.838612	0.495193
2023-03-31 13:46:25	313330743.110388	19.0	14.95196	14.838821	0.495153
2023-03-31 13:46:26	315957404.596609	19.0	14.95683	14.838837	0.495449
2023-03-31 13:46:27	318589319.405802	19.0	14.95319	14.838852	0.495481
2023-03-31 13:46:27	321226498.044614	19.0	14.95478	14.839045	0.495289
2023-03-31 13:46:28	323868951.040703	19.0	14.95447	14.839193	0.495473
2023-03-31 13:46:28	326516688.942784	19.0	14.95651	14.839327	0.495193
2023-03-31 13:46:29	329169722.32067	19.0	14.95439	14.839296	0.495065
2023-03-31 13:46:29	331828061.765311	19.0	14.95787	14.839281	0.495169
2023-03-31 13:46:30	334491717.888842	19.0	14.95507	14.839222	0.494977
2023-03-31 13:46:30	337160701.324619	19.0	14.95666	14.839045	0.495097
2023-03-31 13:46:31	339835022.727269	19.0	14.95539	14.838867	0.495241
2023-03-31 13:46:31	342514692.772723	19.0	14.95619	14.838793	0.495257
2023-03-31 13:46:32	345199722.158269	19.0	14.95454	14.838642	0.495313
2023-03-31 13:46:32	347890121.602585	19.0	14.95429	14.838612	0.495177
2023-03-31 13:46:33	350585901.84579	19.0	14.9549	14.838568	0.495161
2023-03-31 13:46:33	353287073.649482	19.0	14.95358	14.838493	0.495289
2023-03-31 13:46:34	355993647.796781	19.0	14.95431	14.838465	0.495489
2023-03-31 13:46:34	358705635.092375	19.0	14.95434	14.838449	0.495257
2023-03-31 13:46:35	361423046.362559	19.0	14.95613	14.838345	0.495233
2023-03-31 13:46:36	364145892.455284	19.0	14.95273	14.838301	0.495017
2023-03-31 13:46:36	366874184.240195	19.0	14.95347	14.83827	0.495217
2023-03-31 13:46:37	369607932.608675	19.0	14.95124	14.838226	0.495241
2023-03-31 13:46:37	372347148.473893	19.0	14.95151	14.838226	0.495273
2023-03-31 13:46:38	375091842.77084	19.0	14.95154	14.838242	0.495001
2023-03-31 13:46:38	377842026.456382	19.0	14.9528	14.838211	0.495193
2023-03-31 13:46:39	380597710.509295	19.0	14.95347	14.838301	0.494889
2023-03-31 13:46:39	383358905.930314	19.0	14.95159	14.838257	0.495249
2023-03-31 13:46:40	386125623.742174	19.0	14.95283	14.83839	0.495185
2023-03-31 13:46:40	388897874.989658	19.0	14.952	14.838657	0.495281
2023-03-31 13:46:41	391675670.739638	19.0	14.95531	14.83894	0.495313
2023-03-31 13:46:41	394459022.081117	19.0	14.9562	14.839296	0.495193
2023-03-31 13:46:42	397247940.125279	19.0	14.95586	14.839581	0.494882
2023-03-31 13:46:42	400042436.00553	19.0	14.95741	14.839773	0.495001
2023-03-31 13:46:43	402842520.877541	19.0	14.95451	14.840218	0.495161
2023-03-31 13:46:43	405648205.919296	19.0	14.95636	14.84062	0.495513
2023-03-31 13:46:44	408459502.331135	19.0	14.95681	14.840784	0.495249
2023-03-31 13:46:44	411276421.335797	19.0	14.95611	14.840473	0.495281
2023-03-31 13:46:45	414098974.178468	19.0	14.95319	14.840055	0.495625
2023-03-31 13:46:45	416927172.126825	19.0	14.95311	14.839489	0.495113
2023-03-31 13:46:46	419761026.471079	19.0	14.95597	14.83894	0.495289
2023-03-31 13:46:47	422600548.524021	19.0	14.9524	14.838896	0.495505
2023-03-31 13:46:47	425445749.621069	19.0	14.95391	14.839268	0.495225
2023-03-31 13:46:48	428296641.120311	19.0	14.9543	14.839489	0.495057
2023-03-31 13:46:48	431153234.402552	19.0	14.95419	14.839609	0.494945
2023-03-31 13:46:49	434015540.871357	19.0	14.95364	14.83946	0.495369
2023-03-31 13:46:49	436883571.9531	19.0	14.95556	14.839327	0.495169
2023-03-31 13:46:50	439757339.097006	19.0	14.9535	14.839178	0.495481
2023-03-31 13:46:50	442636853.7752	19.0	14.95816	14.839119	0.495233
2023-03-31 13:46:51	445522127.48275	19.0	14.9565	14.839134	0.494929
2023-03-31 13:46:51	448413171.737716	19.0	14.95259	14.839045	0.495457
2023-03-31 13:46:52	451309998.081191	19.0	14.95404	14.839281	0.495081
2023-03-31 13:46:52	454212618.077354	19.0	14.95589	14.83952	0.495105
2023-03-31 13:46:53	457121043.313508	19.0	14.95653	14.839699	0.495329
2023-03-31 13:46:53	460035285.400135	19.0	14.95574	14.839848	0.495145
2023-03-31 13:46:54	462955355.970936	19.0	14.95569	14.840025	0.495385
2023-03-31 13:46:54	465881266.682878	19.0	14.95656	14.840233	0.495529
2023-03-31 13:46:55	468813029.216243	19.0	14.95807	14.840443	0.495169
2023-03-31 13:46:55	471750655.274676	19.0	14.95871	14.840425	0.495665
2023-03-31 13:46:56	474694156.585225	19.0	14.9558	14.840382	0.494945
2023-03-31 13:46:56	477643544.898396	19.0	14.95803	14.840189	0.495329
2023-03-31 13:46:57	480598831.988192	19.0	14.9541	14.839996	0.495553
2023-03-31 13:46:57	483560029.652169	19.0	14.95621	14.839848	0.495177
2023-03-31 13:46:58	486527149.711473	19.0	14.95227	14.839489	0.495481
2023-03-31 13:46:59	489500204.010896	19.0	14.95223	14.839163	0.495169
2023-03-31 13:46:59	492479204.418918	19.0	14.95199	14.838881	0.495329
2023-03-31 13:47:00	495464162.827756	19.0	14.95289	14.838747	0.495073
2023-03-31 13:47:00	498455091.153411	19.0	14.95657	14.838778	0.49505
2023-03-31 13:47:01	501452001.335718	19.0	14.9535	14.838852	0.495305
2023-03-31 13:47:01	504454905.338389	19.0	14.9551	14.83894	0.495121
2023-03-31 13:47:02	507463815.149066	19.0	14.95583	14.838734	0.495377
2023-03-31 13:47:02	510478742.779364	19.0	14.95354	14.838778	0.494945
2023-03-31 13:47:03	513499700.264923	19.0	14.95777	14.838671	0.495257
2023-03-31 13:47:03	516526699.665453	19.0	14.95747	14.838821	0.494882
2023-03-31 13:47:04	519559753.064784	19.0	14.95629	14.838778	0.495289
2023-03-31 13:47:04	522598872.570913	19.0	14.95797	14.838806	0.495225
2023-03-31 13:47:05	525644070.316055	19.0	14.95643	14.838806	0.495505
2023-03-31 13:47:05	528695358.456687	19.0	14.95687	14.838896	0.495153
2023-03-31 13:47:06	531752749.173601	19.0	14.95696	14.838955	0.495249
2023-03-31 13:47:06	534816254.671948	19.0	14.95726	14.838852	0.495353
2023-03-31 13:47:07	537885887.181292	19.0	14.95766	14.838955	0.494945
2023-03-31 13:47:07	540961658.955654	19.0	14.95601	14.838793	0.495169
2023-03-31 13:47:08	544043582.273566	19.0	14.95747	14.838642	0.495185
2023-03-31 13:47:09	547131669.438113	19.0	14.95539	14.838509	0.495169
2023-03-31 13:47:09	550225932.776989	19.0	14.95877	14.838583	0.495249
2023-03-31 13:47:10	553326384.642543	19.0	14.95804	14.838226	0.495393
2023-03-31 13:47:10	556433037.411828	19.0	14.95769	14.837542	0.495057
2023-03-31 13:47:11	559545903.486652	19.0	14.95363	14.836561	0.495249
2023-03-31 13:47:11	562664995.293625	19.0	14.95209	14.836117	0.494945
2023-03-31 13:47:12	565790325.284212	19.0	14.95447	14.835669	0.494977
2023-03-31 13:47:12	568921905.934781	19.0	14.95347	14.835299	0.495209
2023-03-31 13:47:13	572059749.74665	19.0	14.95457	14.835432	0.494922
2023-03-31 13:47:13	575203869.246144	19.0	14.95368	14.835951	0.495281
2023-03-31 13:47:14	578354276.984636	19.0	14.95491	14.836664	0.495313
2023-03-31 13:47:14	581510985.538605	19.0	14.95467	14.837128	0.495097
2023-03-31 13:47:15	584674007.509682	19.0	14.95324	14.837439	0.495097
2023-03-31 13:47:15	587843355.524702	19.0	14.9565	14.837959	0.495193
2023-03-31 13:47:16	591019042.235751	19.0	14.95523	14.838552	0.495145
2023-03-31 13:47:16	594201080.320223	19.0	14.95787	14.839401	0.495137
2023-03-31 13:47:17	597389482.480863	19.0	14.95607	14.840189	0.495377
2023-03-31 13:47:17	600584261.445825	19.0	14.96027	14.840933	0.495241
2023-03-31 13:47:18	603785429.968717	19.0	14.95943	14.842062	0.495017
2023-03-31 13:47:19	606993000.828654	19.0	14.9632	14.843327	0.495441
2023-03-31 13:47:19	610206986.830311	19.0	14.9626	14.844055	0.495177
2023-03-31 13:47:20	613427400.803972	19.0	14.96111	14.844397	0.495785
2023-03-31 13:47:20	616654255.60558	19.0	14.96243	14.843904	0.495385
2023-03-31 13:47:21	619887564.116791	19.0	14.96077	14.842953	0.495433
2023-03-31 13:47:21	623127339.245025	19.0	14.95681	14.841631	0.495081
2023-03-31 13:47:22	626373593.923515	19.0	14.95488	14.839996	0.495265
2023-03-31 13:47:22	629626341.111362	19.0	14.9558	14.839222	0.495281
2023-03-31 13:47:23	632885593.793584	19.0	14.95539	14.838612	0.495025
2023-03-31 13:47:23	636151364.981171	19.0	14.95426	14.838434	0.495161
2023-03-31 13:47:24	639423667.711134	19.0	14.95329	14.838449	0.495137
2023-03-31 13:47:24	642702515.046556	19.0	14.95447	14.838612	0.494953
2023-03-31 13:47:25	645987920.076649	19.0	14.95557	14.838806	0.495225
2023-03-31 13:47:25	649279895.916803	19.0	14.9567	14.839134	0.495129
2023-03-31 13:47:26	652578455.708636	19.0	14.95743	14.839474	0.495065
2023-03-31 13:47:26	655883612.620053	19.0	14.95867	14.839937	0.495345
2023-03-31 13:47:27	659195379.845294	19.0	14.95931	14.840887	0.495689
2023-03-31 13:47:27	662513770.604984	19.0	14.96054	14.842241	0.495641
2023-03-31 13:47:28	665838798.146194	19.0	14.9611	14.842983	0.495297
2023-03-31 13:47:28	669170475.742486	19.0	14.96143	14.843475	0.495329
2023-03-31 13:47:29	672508816.693971	19.0	14.9624	14.843311	0.495161
2023-03-31 13:47:30	675853834.327359	19.0	14.9614	14.842747	0.495417
2023-03-31 13:47:30	679205541.996014	19.0	14.96021	14.841988	0.494834
2023-03-31 13:47:31	682563953.080006	19.0	14.95894	14.841095	0.495265
2023-03-31 13:47:31	685929080.986166	19.0	14.9583	14.84074	0.495729
2023-03-31 13:47:32	689300939.148138	19.0	14.9585	14.840635	0.494929
2023-03-31 13:47:32	692679541.026435	19.0	14.958	14.840248	0.495385
2023-03-31 13:47:33	696064900.108487	19.0	14.95813	14.84004	0.495273
2023-03-31 13:47:33	699457029.908704	19.0	14.9604	14.839804	0.495497
2023-03-31 13:47:34	702855943.968522	19.0	14.9588	14.839758	0.495393
2023-03-31 13:47:34	706261655.856459	19.0	14.95949	14.839848	0.495177
2023-03-31 13:47:35	709674179.168172	19.0	14.9571	14.839996	0.495217
2023-03-31 13:47:35	713093527.526508	19.0	14.95823	14.840143	0.495209
2023-03-31 13:47:36	716519714.581561	19.0	14.95783	14.840292	0.495433
2023-03-31 13:47:36	719952754.010724	19.0	14.95857	14.840443	0.495537
2023-03-31 13:47:37	723392659.518746	19.0	14.96004	14.840874	0.495305
2023-03-31 13:47:37	726839444.837783	19.0	14.95993	14.841394	0.495529
2023-03-31 13:47:38	730293123.727459	19.0	14.96074	14.841972	0.495329
2023-03-31 13:47:38	733753709.974914	19.0	14.96407	14.842672	0.495425
2023-03-31 13:47:39	737221217.394863	19.0	14.96184	14.843386	0.494977
2023-03-31 13:47:40	740695659.829653	19.0	14.96267	14.843609	0.495169
2023-03-31 13:47:40	744177051.149312	19.0	14.96239	14.843801	0.495281
2023-03-31 13:47:41	747665405.251611	19.0	14.9658	14.843937	0.495449
2023-03-31 13:47:41	751160736.062114	19.0	14.96226	14.843996	0.495521
2023-03-31 13:47:42	754663057.534239	19.0	14.96286	14.84404	0.495689
2023-03-31 13:47:42	758172383.649307	19.0	14.96353	14.844217	0.495545
2023-03-31 13:47:43	761688728.416606	19.0	14.96511	14.844292	0.495433
2023-03-31 13:47:43	765212105.873439	19.0	14.96169	14.844515	0.495153
2023-03-31 13:47:44	768742530.085186	19.0	14.96394	14.84453	0.495433
2023-03-31 13:47:44	772280015.145356	19.0	14.96437	14.844751	0.495569
2023-03-31 13:47:45	775824575.175647	19.0	14.96406	14.844992	0.495281
2023-03-31 13:47:45	779376224.325998	19.0	14.96517	14.844873	0.495601
2023-03-31 13:47:46	782934976.77465	19.0	14.96446	14.844902	0.495417
2023-03-31 13:47:46	786500846.728199	19.0	14.96468	14.844902	0.495657
2023-03-31 13:47:47	790073848.421656	19.0	14.96827	14.844976	0.495601
2023-03-31 13:47:47	793653996.118499	19.0	14.96709	14.845482	0.495577
2023-03-31 13:47:48	797241304.110736	19.0	14.96897	14.846121	0.495761
2023-03-31 13:47:48	800835786.718958	19.0	14.96747	14.847294	0.495601
2023-03-31 13:47:49	804437458.292396	19.0	14.96784	14.84844	0.495409
2023-03-31 13:47:49	808046333.20898	19.0	14.96866	14.849033	0.495649
2023-03-31 13:47:50	811662425.875398	19.0	14.96876	14.849777	0.495625
2023-03-31 13:47:50	815285750.727149	19.0	14.96946	14.850151	0.495569
2023-03-31 13:47:51	818916322.228604	19.0	14.96876	14.8503	0.495353
2023-03-31 13:47:52	822554154.873061	19.0	14.9678	14.850225	0.495801
2023-03-31 13:47:52	826199263.182807	19.0	14.9702	14.85058	0.495529
2023-03-31 13:47:53	829851661.709173	19.0	14.9707	14.85128	0.495465
2023-03-31 13:47:53	833511365.032591	19.0	14.97019	14.852276	0.495673
2023-03-31 13:47:54	837178387.762656	19.0	14.97054	14.853271	0.495769
2023-03-31 13:47:54	840852744.538182	19.0	14.9716	14.854567	0.495777
2023-03-31 13:47:55	844534450.027258	19.0	14.97397	14.856173	0.495841
2023-03-31 13:47:55	848223518.927312	19.0	14.97827	14.857464	0.495849
2023-03-31 13:47:56	851919965.965167	19.0	14.979	14.858995	0.495841
2023-03-31 13:47:56	855623805.897097	19.0	14.98059	14.860214	0.496153
2023-03-31 13:47:57	859335053.508892	19.0	14.98063	14.86142	0.496105
2023-03-31 13:47:57	863053723.615909	19.0	14.9821	14.86252	0.496097
2023-03-31 13:47:58	866779831.063141	19.0	14.98501	14.863039	0.496481
2023-03-31 13:47:58	870513390.725268	19.0	14.98366	14.862787	0.495889
2023-03-31 13:47:59	874254417.506718	19.0	14.98147	14.862	0.496017
2023-03-31 13:47:59	878002926.341731	19.0	14.98131	14.861225	0.496033
2023-03-31 13:48:00	881758932.194415	19.0	14.981	14.861017	0.496081
2023-03-31 13:48:00	885522450.058804	19.0	14.98189	14.861135	0.495737
2023-03-31 13:48:01	889293494.958921	19.0	14.98037	14.861612	0.496121
2023-03-31 13:48:02	893072081.948839	19.0	14.98096	14.862087	0.495841
2023-03-31 13:48:02	896858226.112737	19.0	14.98146	14.862638	0.496121
2023-03-31 13:48:03	900651942.564962	19.0	14.98296	14.863205	0.496209
2023-03-31 13:48:03	904453246.450092	19.0	14.98156	14.863308	0.496073
2023-03-31 13:48:04	908262152.942992	19.0	14.98196	14.863159	0.496289
2023-03-31 13:48:04	912078677.248878	19.0	14.98106	14.863382	0.496097
2023-03-31 13:48:05	915902834.603376	19.0	14.98417	14.863857	0.496265
2023-03-31 13:48:05	919734640.272583	19.0	14.98303	14.864794	0.496049
2023-03-31 13:48:06	923574109.553128	19.0	14.98388	14.865004	0.496041
2023-03-31 13:48:06	927421257.772234	19.0	14.9861	14.864452	0.496113
2023-03-31 13:48:07	931276100.287779	19.0	14.98358	14.863159	0.496009
2023-03-31 13:48:07	935138652.488354	19.0	14.98081	14.862133	0.495777
2023-03-31 13:48:08	939008929.793331	19.0	14.97983	14.861568	0.495809
2023-03-31 13:48:08	942886947.652918	19.0	14.98007	14.861374	0.495953
2023-03-31 13:48:09	946772721.548224	19.0	14.98108	14.861465	0.496017
2023-03-31 13:48:09	950666266.99132	19.0	14.98327	14.861553	0.496193
2023-03-31 13:48:10	954567599.525303	19.0	14.98404	14.861658	0.495745
2023-03-31 13:48:10	958476734.724353	19.0	14.98118	14.861866	0.496009
2023-03-31 13:48:11	962393688.193802	19.0	14.98254	14.862072	0.496169
2023-03-31 13:48:11	966318475.57019	19.0	14.98309	14.862341	0.495873
2023-03-31 13:48:12	970251112.52133	19.0	14.98454	14.862564	0.496129
2023-03-31 13:48:13	974191614.746373	19.0	14.9828	14.862312	0.495825
2023-03-31 13:48:13	978139997.975865	19.0	14.98199	14.861032	0.496081
2023-03-31 13:48:14	982096277.971817	19.0	14.98027	14.858727	0.495905
2023-03-31 13:48:14	986060470.527761	19.0	14.98023	14.856943	0.495921
2023-03-31 13:48:15	990032591.468816	19.0	14.97463	14.854744	0.495633
2023-03-31 13:48:15	994012656.651754	19.0	14.97339	14.852989	0.495713
2023-03-31 13:48:16	998000681.965057	19.0	14.97156	14.851622	0.495729
2023-03-31 13:48:16	1001996683.328988	19.0	14.97024	14.850344	0.495465
2023-03-31 13:48:17	1006000676.695646	19.0	14.96977	14.849079	0.495745
2023-03-31 13:48:17	1010012678.049037	19.0	14.96919	14.848322	0.495577
2023-03-31 13:48:18	1014032703.405135	19.0	14.96839	14.847519	0.495417
2023-03-31 13:48:18	1018060768.811945	19.0	14.96773	14.846672	0.495585
2023-03-31 13:48:19	1022096890.349569	19.0	14.96564	14.84618	0.495529
2023-03-31 13:48:19	1026141084.130268	19.0	14.96507	14.845869	0.495073
2023-03-31 13:48:20	1030193366.298529	19.0	14.96717	14.845823	0.495721
2023-03-31 13:48:20	1034253753.031126	19.0	14.96797	14.846478	0.495649
2023-03-31 13:48:21	1038322260.537188	19.0	14.96774	14.847027	0.495321
2023-03-31 13:48:21	1042398905.058263	19.0	14.96744	14.847294	0.495297
2023-03-31 13:48:22	1046483702.868379	19.0	14.9689	14.847624	0.495441
2023-03-31 13:48:23	1050576670.274116	19.0	14.96927	14.847757	0.495513
2023-03-31 13:48:23	1054677823.614664	19.0	14.96667	14.847757	0.495305
2023-03-31 13:48:24	1058787179.261894	19.0	14.96859	14.84746	0.495329
2023-03-31 13:48:24	1062904753.620417	19.0	14.96756	14.847027	0.495753
2023-03-31 13:48:25	1067030563.127658	19.0	14.96524	14.846447	0.495537
2023-03-31 13:48:25	1071164624.253914	19.0	14.96383	14.845854	0.495265
2023-03-31 13:48:26	1075306953.502421	19.0	14.96427	14.844961	0.495465
2023-03-31 13:48:26	1079457567.409426	19.0	14.96366	14.844322	0.495441
2023-03-31 13:48:27	1083616482.544245	19.0	14.9636	14.843996	0.495393
2023-03-31 13:48:27	1087783715.509334	19.0	14.96323	14.844158	0.495593
2023-03-31 13:48:28	1091959282.940352	19.0	14.9643	14.844843	0.495569
2023-03-31 13:48:28	1096143201.506233	19.0	14.96726	14.845705	0.495257
2023-03-31 13:48:29	1100335487.909245	19.0	14.9675	14.84688	0.495329
2023-03-31 13:48:29	1104536158.885064	19.0	14.96904	14.847757	0.495721
2023-03-31 13:48:30	1108745231.202834	19.0	14.96956	14.848589	0.495961
2023-03-31 13:48:30	1112962721.66524	19.0	14.9704	14.850285	0.495353
2023-03-31 13:48:31	1117188647.10857	19.0	14.97276	14.852425	0.495849
2023-03-31 13:48:32	1121423024.402787	19.0	14.97501	14.853971	0.495713
2023-03-31 13:48:32	1125665870.451593	19.0	14.97669	14.85568	0.495577
2023-03-31 13:48:33	1129917202.192496	19.0	14.97891	14.857687	0.495953
2023-03-31 13:48:33	1134177036.596881	19.0	14.98034	14.85907	0.495633
2023-03-31 13:48:34	1138445390.670075	19.0	14.98064	14.861092	0.495937
2023-03-31 13:48:34	1142722281.451415	19.0	14.98179	14.862654	0.496105
2023-03-31 13:48:35	1147007726.014318	19.0	14.98861	14.864185	0.496153
2023-03-31 13:48:35	1151301741.466347	19.0	14.99144	14.867188	0.495961
2023-03-31 13:48:36	1155604344.94928	19.0	14.9906	14.871292	0.496465
2023-03-31 13:48:36	1159915553.639178	19.0	15.0009	14.875319	0.496801
2023-03-31 13:48:37	1164235384.746456	19.0	15.00934	14.881191	0.496761
2023-03-31 13:48:37	1168563855.515949	19.0	15.01253	14.886738	0.496481
2023-03-31 13:48:38	1172900983.226981	19.0	15.01886	14.891243	0.496777
2023-03-31 13:48:38	1177246785.193435	19.0	15.01913	14.89282	0.497273
2023-03-31 13:48:39	1181601278.763822	19.0	15.01836	14.89282	0.496929
2023-03-31 13:48:39	1185964481.32135	19.0	15.01757	14.890884	0.497169
2023-03-31 13:48:40	1190336410.283992	19.0	15.01061	14.887764	0.496945
2023-03-31 13:48:40	1194717083.10456	19.0	15.01024	14.883646	0.496785
2023-03-31 13:48:41	1199106517.27077	19.0	15.00961	14.882069	0.496785
2023-03-31 13:48:42	1203504730.305311	19.0	15.01087	14.884241	0.496633
2023-03-31 13:48:42	1207911739.765922	19.0	15.0203	14.891674	0.496737
2023-03-31 13:48:43	1212327563.245454	19.0	15.02824	14.901011	0.497153
2023-03-31 13:48:43	1216752218.371944	19.0	15.03853	14.909485	0.497393
2023-03-31 13:48:44	1221185722.808688	19.0	15.04057	14.919712	0.498079
2023-03-31 13:48:44	1225628094.254306	19.0	15.04991	14.927578	0.498614
2023-03-31 13:48:45	1230079350.442814	19.0	15.05596	14.93174	0.499022
2023-03-31 13:48:45	1234539509.1437	19.0	15.05474	14.935116	0.498774
2023-03-31 13:48:46	1239008588.161987	19.0	15.05856	14.937225	0.499142
2023-03-31 13:48:46	1243486605.338311	19.0	15.06064	14.940111	0.498726
2023-03-31 13:48:47	1247973578.548988	19.0	15.0649	14.943531	0.498774
2023-03-31 13:48:47	1252469525.706086	19.0	15.0653	14.94466	0.498758
2023-03-31 13:48:48	1256974464.757498	19.0	15.06217	14.944349	0.499166
2023-03-31 13:48:48	1261488413.687013	19.0	15.0656	14.945581	0.49895
2023-03-31 13:48:49	1266011390.514387	19.0	15.071	14.947159	0.499038
2023-03-31 13:48:49	1270543413.295416	19.0	15.07417	14.948765	0.499126
2023-03-31 13:48:50	1275084500.122006	19.0	15.07236	14.949358	0.49915
2023-03-31 13:48:50	1279634669.12225	19.0	15.07107	14.94878	0.499078
2023-03-31 13:48:51	1284193938.460495	19.0	15.06871	14.946756	0.498934
2023-03-31 13:48:51	1288762326.337416	19.0	15.066	14.944302	0.498934
2023-03-31 13:48:52	1293339850.990091	19.0	15.05987	14.939888	0.498934
2023-03-31 13:48:53	1297926530.692071	19.0	15.05201	14.934536	0.498526
2023-03-31 13:48:53	1302522383.753455	19.0	15.0446	14.925987	0.498438
2023-03-31 13:48:54	1307127428.520962	19.0	15.04044	14.919044	0.498383
2023-03-31 13:48:54	1311741683.378004	19.0	15.04196	14.918465	0.498199
2023-03-31 13:48:55	1316365166.74476	19.0	15.04304	14.920843	0.498207
2023-03-31 13:48:55	1320997897.078249	19.0	15.04351	14.922434	0.498423
2023-03-31 13:48:56	1325639892.872406	19.0	15.04073	14.921677	0.498375
2023-03-31 13:48:56	1330291172.65815	19.0	15.03876	14.918272	0.498239
2023-03-31 13:48:57	1334951755.003467	19.0	15.03191	14.913706	0.498207
2023-03-31 13:48:57	1339621658.513474	19.0	15.02454	14.908787	0.498119
2023-03-31 13:48:58	1344300901.830501	19.0	15.02118	14.904697	0.497345
2023-03-31 13:48:58	1348989503.634162	19.0	15.01877	14.899569	0.497297
2023-03-31 13:48:59	1353687482.64143	19.0	15.01203	14.895138	0.497321
2023-03-31 13:48:59	1358394857.606713	19.0	15.00638	14.888983	0.497225
2023-03-31 13:49:00	1363111647.321927	19.0	15.00077	14.881594	0.496697
2023-03-31 13:49:00	1367837870.61657	19.0	15.0005	14.877327	0.496713
2023-03-31 13:49:01	1372573546.357804	19.0	14.99617	14.873461	0.496977
2023-03-31 13:49:01	1377318693.450519	19.0	14.9949	14.872288	0.496577
2023-03-31 13:49:02	1382073330.83742	19.0	14.99349	14.871693	0.495825
2023-03-31 13:49:02	1386837477.499095	19.0	14.9944	14.871737	0.496017
2023-03-31 13:49:03	1391611152.454093	19.0	14.9954	14.871336	0.496385
2023-03-31 13:49:04	1396394374.759001	19.0	14.99261	14.870592	0.496569
2023-03-31 13:49:04	1401187163.508519	19.0	14.99276	14.869581	0.495953
2023-03-31 13:49:05	1405989537.835536	19.0	14.99346	14.868242	0.496177
2023-03-31 13:49:05	1410801516.911207	19.0	14.99059	14.866295	0.496273
2023-03-31 13:49:06	1415623119.94503	19.0	14.99063	14.861895	0.496329
2023-03-31 13:49:06	1420454366.18492	19.0	14.97846	14.858059	0.496129
2023-03-31 13:49:07	1425295274.91729	19.0	14.97817	14.854507	0.496017
2023-03-31 13:49:07	1430145865.467124	19.0	14.97653	14.852827	0.495769
2023-03-31 13:49:08	1435006157.198059	19.0	14.97743	14.853331	0.495689
2023-03-31 13:49:08	1439876169.512455	19.0	14.97936	14.854803	0.495817
2023-03-31 13:49:09	1444755921.85148	19.0	14.97937	14.856543	0.495825
2023-03-31 13:49:09	1449645433.695183	19.0	14.97904	14.858208	0.495825
2023-03-31 13:49:10	1454544724.562573	19.0	14.98074	14.859695	0.496073
2023-03-31 13:49:10	1459453814.011698	19.0	14.98209	14.861643	0.496201
2023-03-31 13:49:11	1464372721.639722	19.0	14.98394	14.863024	0.496177
2023-03-31 13:49:11	1469301467.083001	19.0	14.98483	14.86396	0.496073
2023-03-31 13:49:12	1474240070.017167	19.0	14.98354	14.864408	0.495977
2023-03-31 13:49:13	1479188550.157202	19.0	14.9853	14.864586	0.496217
2023-03-31 13:49:13	1484146927.257516	19.0	14.98446	14.864527	0.496025
2023-03-31 13:49:14	1489115221.112031	19.0	14.9814	14.863457	0.496161
2023-03-31 13:49:14	1494093451.554255	19.0	14.9806	14.861465	0.496137
2023-03-31 13:49:15	1499081638.457364	19.0	14.97807	14.86014	0.495897
2023-03-31 13:49:15	1504079801.734278	19.0	14.97777	14.858639	0.495841
2023-03-31 13:49:16	1509087961.337747	19.0	14.97644	14.857138	0.495713
2023-03-31 13:49:16	1514106137.260423	19.0	14.97351	14.855175	0.495625
2023-03-31 13:49:17	1519134349.534944	19.0	14.97104	14.852901	0.495913
2023-03-31 13:49:17	1524172618.234014	19.0	14.97007	14.849957	0.495673
2023-03-31 13:49:18	1529220963.470482	19.0	14.96477	14.847504	0.495505
2023-03-31 13:49:18	1534279405.397423	19.0	14.96526	14.843876	0.495097
2023-03-31 13:49:19	1539347964.208217	19.0	14.95998	14.842091	0.495233
2023-03-31 13:49:19	1544426660.136634	19.0	14.95897	14.841228	0.495521
2023-03-31 13:49:20	1549515513.456907	19.0	14.95954	14.84169	0.494945
2023-03-31 13:49:20	1554614544.483821	19.0	14.96019	14.842701	0.495481
2023-03-31 13:49:21	1559723773.572788	19.0	14.96148	14.843519	0.494842
2023-03-31 13:49:21	1564843221.119934	19.0	14.9612	14.843637	0.495329
2023-03-31 13:49:22	1569972907.562174	19.0	14.9607	14.843771	0.495177
2023-03-31 13:49:22	1575112853.377298	19.0	14.96027	14.843609	0.495425
2023-03-31 13:49:23	1580263079.084053	19.0	14.95957	14.843208	0.495129
2023-03-31 13:49:23	1585423605.242221	19.0	14.95983	14.842213	0.495585
2023-03-31 13:49:24	1590594452.452705	19.0	14.95961	14.841438	0.495385
2023-03-31 13:49:24	1595775641.357611	19.0	14.95907	14.840591	0.495185
2023-03-31 13:49:25	1600967192.640326	19.0	14.95817	14.839907	0.495449
2023-03-31 13:49:26	1606169127.025607	19.0	14.95753	14.83897	0.495057
2023-03-31 13:49:26	1611381465.279658	19.0	14.95856	14.838078	0.495057
2023-03-31 13:49:27	1616604228.210217	19.0	14.95796	14.837646	0.495289
2023-03-31 13:49:27	1621837436.666638	19.0	14.95866	14.837156	0.495217
2023-03-31 13:49:28	1627081111.539971	19.0	14.95786	14.836679	0.495161
2023-03-31 13:49:28	1632335273.763051	19.0	14.9576	14.835951	0.495185
2023-03-31 13:49:29	1637599944.310577	19.0	14.95736	14.834227	0.495129
2023-03-31 13:49:29	1642875144.199198	19.0	14.95516	14.831717	0.494706
2023-03-31 13:49:30	1648160894.487597	19.0	14.95546	14.829708	0.494889
2023-03-31 13:49:30	1653457216.276572	19.0	14.95393	14.827805	0.494674
2023-03-31 13:49:31	1658764130.709125	19.0	14.95533	14.826675	0.494826
2023-03-31 13:49:31	1664081658.970543	19.0	14.95599	14.827269	0.494514
2023-03-31 13:49:32	1669409822.288484	19.0	14.95511	14.828592	0.494714
2023-03-31 13:49:32	1674748641.933061	19.0	14.95661	14.829128	0.495017
2023-03-31 13:49:33	1680098139.216928	19.0	14.95726	14.829411	0.494969
2023-03-31 13:49:33	1685458335.495361	19.0	14.95684	14.829855	0.495105
2023-03-31 13:49:34	1690829252.166352	19.0	14.95646	14.830198	0.495137
2023-03-31 13:49:34	1696210910.670685	19.0	14.95679	14.830732	0.494994
2023-03-31 13:49:35	1701603332.492026	19.0	14.95644	14.830391	0.494754
2023-03-31 13:49:36	1707006539.15701	19.0	14.95727	14.830095	0.494889
2023-03-31 13:49:36	1712420552.235324	19.0	14.95836	14.829708	0.494818
2023-03-31 13:49:37	1717845393.339795	19.0	14.9558	14.828964	0.49477
2023-03-31 13:49:37	1723281084.126474	19.0	14.95674	14.828592	0.49473
2023-03-31 13:49:38	1728727646.294727	19.0	14.95481	14.828489	0.494873
2023-03-31 13:49:38	1734185101.587317	19.0	14.9546	14.829395	0.494826
2023-03-31 13:49:39	1739653471.790491	19.0	14.95406	14.830465	0.494897
2023-03-31 13:49:39	1745132778.734072	19.0	14.95384	14.831997	0.495057
2023-03-31 13:49:40	1750623044.291541	19.0	14.95297	14.833097	0.494762
2023-03-31 13:49:40	1756124290.380124	19.0	14.95344	14.833172	0.495121
2023-03-31 13:49:41	1761636538.960884	19.0	14.95358	14.833319	0.495017
2023-03-31 13:49:41	1767159812.038806	19.0	14.95496	14.833633	0.494674
2023-03-31 13:49:42	1772694131.662883	19.0	14.95506	14.83396	0.494857
2023-03-31 13:49:42	1778239519.926209	19.0	14.95169	14.834719	0.495177
2023-03-31 13:49:43	1783795998.966061	19.0	14.95357	14.835789	0.495025
2023-03-31 13:49:43	1789363590.963994	19.0	14.95457	14.836338	0.495273
2023-03-31 13:49:44	1794942318.145921	19.0	14.95466	14.83671	0.495193
2023-03-31 13:49:44	1800532202.782213	19.0	14.95366	14.836918	0.495129
2023-03-31 13:49:45	1806133267.187778	19.0	14.95511	14.836994	0.495233
2023-03-31 13:49:45	1811745533.722153	19.0	14.95591	14.836979	0.494889
2023-03-31 13:49:46	1817369024.789598	19.0	14.95386	14.836918	0.494937
2023-03-31 13:49:47	1823003762.839177	19.0	14.95486	14.836843	0.495273
2023-03-31 13:49:47	1828649770.364855	19.0	14.95689	14.836994	0.494969
2023-03-31 13:49:48	1834307069.905585	19.0	14.95406	14.836931	0.495137
2023-03-31 13:49:48	1839975684.045396	19.0	14.9541	14.836918	0.495177
2023-03-31 13:49:49	1845655635.413487	19.0	14.95508	14.836798	0.495225
2023-03-31 13:49:49	1851346946.684314	19.0	14.95646	14.836843	0.494961
2023-03-31 13:49:50	1857049640.577683	19.0	14.95497	14.836784	0.495481
2023-03-31 13:49:50	1862763739.858838	19.0	14.9549	14.836769	0.495081
2023-03-31 13:49:51	1868489267.338556	19.0	14.95326	14.836664	0.495137
2023-03-31 13:49:51	1874226245.873233	19.0	14.95527	14.836546	0.495345
2023-03-31 13:49:52	1879974698.36498	19.0	14.9555	14.836546	0.495017
2023-03-31 13:49:52	1885734647.761709	19.0	14.95301	14.836531	0.495177
2023-03-31 13:49:53	1891506117.057233	19.0	14.95337	14.836592	0.495089
2023-03-31 13:49:53	1897289129.291347	19.0	14.95264	14.836636	0.495297
2023-03-31 13:49:54	1903083707.54993	19.0	14.95496	14.836754	0.495289
2023-03-31 13:49:54	1908889874.96503	19.0	14.9543	14.836828	0.495201
2023-03-31 13:49:55	1914707654.71496	19.0	14.95441	14.836964	0.495057
2023-03-31 13:49:55	1920537070.02439	19.0	14.95416	14.837067	0.495465
2023-03-31 13:49:56	1926378144.164438	19.0	14.955	14.837156	0.495273
2023-03-31 13:49:56	1932230900.452767	19.0	14.9553	14.837172	0.495201
2023-03-31 13:49:57	1938095362.253673	19.0	14.95434	14.837187	0.495145
2023-03-31 13:49:58	1943971552.97818	19.0	14.9537	14.837067	0.495073
2023-03-31 13:49:58	1949859496.084136	19.0	14.95373	14.836979	0.495377
2023-03-31 13:49:59	1955759215.076305	19.0	14.9525	14.836964	0.495185
2023-03-31 13:49:59	1961670733.506457	19.0	14.95391	14.836948	0.495129
2023-03-31 13:50:00	1967594074.97347	19.0	14.95376	14.836887	0.495345
2023-03-31 13:50:00	1973529263.123417	19.0	14.9551	14.836828	0.495041
2023-03-31 13:50:01	1979476321.649664	19.0	14.954	14.836664	0.495361
2023-03-31 13:50:01	1985435274.292963	19.0	14.95437	14.836651	0.495289
2023-03-31 13:50:02	1991406144.841549	19.0	14.9544	14.83662	0.495193
2023-03-31 13:50:02	1997388957.131232	19.0	14.95527	14.836592	0.495153
2023-03-31 13:50:03	2003383735.045495	19.0	14.95523	14.836576	0.494906
2023-03-31 13:50:03	2009390502.515586	19.0	14.95591	14.836561	0.495097
2023-03-31 13:50:04	2015409283.520617	19.0	14.95423	14.836517	0.495305
2023-03-31 13:50:04	2021440102.087658	19.0	14.954	14.836487	0.495281
2023-03-31 13:50:05	2027482982.291833	19.0	14.95316	14.836412	0.495377
2023-03-31 13:50:05	2033537948.256417	19.0	14.95496	14.836561	0.495129
2023-03-31 13:50:06	2039605024.15293	19.0	14.9564	14.836605	0.495225
2023-03-31 13:50:06	2045684234.201236	19.0	14.95643	14.836546	0.495185
2023-03-31 13:50:07	2051775602.669638	19.0	14.95476	14.836517	0.495281
2023-03-31 13:50:07	2057879153.874977	19.0	14.95586	14.836458	0.495161
2023-03-31 13:50:08	2063994912.182727	19.0	14.95284	14.836412	0.495169
2023-03-31 13:50:09	2070122902.007092	19.0	14.9541	14.836369	0.495097
2023-03-31 13:50:09	2076263147.811107	19.0	14.95286	14.836369	0.494674
2023-03-31 13:50:10	2082415674.106729	19.0	14.95377	14.836294	0.494785
2023-03-31 13:50:10	2088580505.454942	19.0	14.95516	14.83625	0.495057
2023-03-31 13:50:11	2094757666.465852	19.0	14.95353	14.83622	0.495129
2023-03-31 13:50:11	2100947181.798784	19.0	14.95581	14.836145	0.495209
2023-03-31 13:50:12	2107149076.162381	19.0	14.95467	14.836102	0.494994
2023-03-31 13:50:12	2113363374.314706	19.0	14.9555	14.83604	0.495121
2023-03-31 13:50:13	2119590101.063335	19.0	14.95336	14.836056	0.49505
2023-03-31 13:50:13	2125829281.265462	19.0	14.95534	14.835995	0.495297
2023-03-31 13:50:14	2132080939.827993	19.0	14.95414	14.835995	0.494986
2023-03-31 13:50:14	2138345101.707649	19.0	14.95396	14.835981	0.494994
2023-03-31 13:50:15	2144621791.911065	19.0	14.95524	14.835995	0.495129
2023-03-31 13:50:15	2150911035.494887	19.0	14.9537	14.836071	0.494937
2023-03-31 13:50:16	2157212857.565876	19.0	14.95546	14.836056	0.495097
2023-03-31 13:50:16	2163527283.281008	19.0	14.95364	14.836191	0.494834
2023-03-31 13:50:17	2169854337.84757	19.0	14.95496	14.836161	0.495153
2023-03-31 13:50:17	2176194046.523265	19.0	14.954	14.836161	0.495249
2023-03-31 13:50:18	2182546434.616312	19.0	14.95227	14.836161	0.494842
2023-03-31 13:50:18	2188911527.485545	19.0	14.95299	14.836176	0.494714
2023-03-31 13:50:19	2195289350.540516	19.0	14.95556	14.836071	0.495009
2023-03-31 13:50:20	2201679929.241597	19.0	14.95457	14.836056	0.494994
2023-03-31 13:50:20	2208083289.10008	19.0	14.95481	14.836056	0.495241
2023-03-31 13:50:21	2214499455.67828	19.0	14.9549	14.836056	0.495121
2023-03-31 13:50:21	2220928454.589637	19.0	14.95536	14.836025	0.495065
2023-03-31 13:50:22	2227370311.498816	19.0	14.95459	14.835951	0.495297
2023-03-31 13:50:22	2233825052.121814	19.0	14.95523	14.835966	0.495153
2023-03-31 13:50:23	2240292702.226058	19.0	14.95591	14.835995	0.494906
2023-03-31 13:50:23	2246773287.63051	19.0	14.95508	14.835995	0.495217
2023-03-31 13:50:24	2253266834.205771	19.0	14.95316	14.835981	0.495025
2023-03-31 13:50:24	2259773367.874183	19.0	14.9523	14.835995	0.494977
2023-03-31 13:50:25	2266292914.609931	19.0	14.95356	14.83604	0.495097
2023-03-31 13:50:25	2272825500.439151	19.0	14.95593	14.835951	0.495281
2023-03-31 13:50:26	2279371151.440029	19.0	14.95217	14.836025	0.495017
2023-03-31 13:50:26	2285929893.742909	19.0	14.95217	14.83601	0.494929
2023-03-31 13:50:27	2292501753.530395	19.0	14.9562	14.83601	0.495209
2023-03-31 13:50:27	2299086757.037456	19.0	14.95527	14.83601	0.495105
2023-03-31 13:50:28	2305684930.551531	19.0	14.95451	14.83601	0.495409
2023-03-31 13:50:28	2312296300.412634	19.0	14.95166	14.836025	0.495249
2023-03-31 13:50:29	2318920893.013459	19.0	14.9533	14.836161	0.494977
2023-03-31 13:50:29	2325558734.799486	19.0	14.95518	14.83613	0.494913
2023-03-31 13:50:30	2332209852.269085	19.0	14.95449	14.836071	0.495241
2023-03-31 13:50:30	2338874271.973623	19.0	14.9548	14.836056	0.495321
2023-03-31 13:50:31	2345552020.51757	19.0	14.95339	14.836117	0.495153
2023-03-31 13:50:32	2352243124.558606	19.0	14.95563	14.836161	0.495009
2023-03-31 13:50:32	2358947610.807723	19.0	14.95356	14.836161	0.495233
2023-03-31 13:50:33	2365665506.029338	19.0	14.95503	14.83613	0.495369
2023-03-31 13:50:33	2372396837.041397	19.0	14.95371	14.836191	0.495121
2023-03-31 13:50:34	2379141630.71548	19.0	14.95524	14.83622	0.495113
2023-03-31 13:50:34	2385899913.976911	19.0	14.95504	14.836205	0.495105
2023-03-31 13:50:35	2392671713.804864	19.0	14.95611	14.836279	0.494922
2023-03-31 13:50:35	2399457057.232474	19.0	14.95556	14.836264	0.495073
2023-03-31 13:50:36	2406255971.346939	19.0	14.95358	14.836384	0.495033
2023-03-31 13:50:36	2413068483.289633	19.0	14.9524	14.836309	0.495337
2023-03-31 13:50:37	2419894620.256212	19.0	14.95471	14.836384	0.495217
2023-03-31 13:50:37	2426734409.496725	19.0	14.95541	14.836338	0.495169
2023-03-31 13:50:38	2433587878.315718	19.0	14.95551	14.836369	0.495089
2023-03-31 13:50:38	2440455054.07235	19.0	14.9544	14.836369	0.495297
2023-03-31 13:50:39	2447335964.180494	19.0	14.95633	14.836412	0.494994
2023-03-31 13:50:39	2454230636.108855	19.0	14.95653	14.836487	0.494666
2023-03-31 13:50:40	2461139097.381073	19.0	14.95384	14.836412	0.495489
2023-03-31 13:50:40	2468061375.575835	19.0	14.95631	14.836397	0.495137
2023-03-31 13:50:41	2474997498.326987	19.0	14.95613	14.836443	0.495001
2023-03-31 13:50:42	2481947493.323641	19.0	14.95684	14.836428	0.495001
2023-03-31 13:50:42	2488911388.310288	19.0	14.95648	14.836353	0.495233
2023-03-31 13:50:43	2495889211.086908	19.0	14.95693	14.836325	0.495353
2023-03-31 13:50:43	2502880989.509082	19.0	14.95694	14.836412	0.495097
2023-03-31 13:50:44	2509886751.488101	19.0	14.95676	14.836458	0.49505
2023-03-31 13:50:44	2516906524.991077	19.0	14.95289	14.836412	0.495209
2023-03-31 13:50:45	2523940338.041059	19.0	14.95573	14.836412	0.495137
2023-03-31 13:50:45	2530988218.717141	19.0	14.95699	14.836443	0.495073
2023-03-31 13:50:46	2538050195.154575	19.0	14.95393	14.836397	0.495169
2023-03-31 13:50:46	2545126295.544885	19.0	14.95691	14.836443	0.495137
2023-03-31 13:50:47	2552216548.135974	19.0	14.95544	14.836412	0.495241
2023-03-31 13:50:47	2559320981.232246	19.0	14.95643	14.836412	0.495089
2023-03-31 13:50:48	2566439623.194711	19.0	14.95299	14.836369	0.495137
2023-03-31 13:50:48	2573572502.4411	19.0	14.95401	14.836384	0.495201
2023-03-31 13:50:49	2580719647.445982	19.0	14.95367	14.836397	0.495225
2023-03-31 13:50:49	2587881086.740874	19.0	14.95531	14.836384	0.495145
2023-03-31 13:50:50	2595056848.914356	19.0	14.95436	14.836428	0.495081
2023-03-31 13:50:50	2602246962.612185	19.0	14.95597	14.836369	0.495433
2023-03-31 13:50:51	2609451456.537409	19.0	14.95537	14.836458	0.495073
2023-03-31 13:50:51	2616670359.450484	19.0	14.95471	14.836384	0.495537
2023-03-31 13:50:52	2623903700.169385	19.0	14.9573	14.836443	0.494897
2023-03-31 13:50:53	2631151507.569724	19.0	14.95524	14.836428	0.495041
2023-03-31 13:50:53	2638413810.584864	19.0	14.95593	14.836443	0.494986
2023-03-31 13:50:54	2645690638.206033	19.0	14.95497	14.836458	0.494865
2023-03-31 13:50:54	2652982019.482445	19.0	14.95349	14.836338	0.495305
2023-03-31 13:50:55	2660287983.52141	19.0	14.95304	14.836325	0.495313
2023-03-31 13:50:55	2667608559.488453	19.0	14.95349	14.836338	0.495281
2023-03-31 13:50:56	2674943776.60743	19.0	14.95457	14.836353	0.495385
2023-03-31 13:50:56	2682293664.160645	19.0	14.95374	14.836412	0.494977
2023-03-31 13:50:57	2689658251.488966	19.0	14.95317	14.836397	0.495129
2023-03-31 13:50:57	2697037567.991944	19.0	14.9544	14.836369	0.495001
2023-03-31 13:50:58	2704431643.127928	19.0	14.9529	14.836309	0.495033
2023-03-31 13:50:58	2711840506.414184	19.0	14.9532	14.836235	0.495321
2023-03-31 13:50:59	2719264187.427012	19.0	14.95609	14.83622	0.495369
2023-03-31 13:50:59	2726702715.801867	19.0	14.95321	14.83625	0.495297
2023-03-31 13:51:00	2734156121.23347	19.0	14.9542	14.83625	0.495033
2023-03-31 13:51:00	2741624433.475937	19.0	14.95337	14.83625	0.495281
2023-03-31 13:51:01	2749107682.342889	19.0	14.95429	14.836325	0.494961
2023-03-31 13:51:01	2756605897.707575	19.0	14.95324	14.836294	0.495257
2023-03-31 13:51:02	2764119109.50299	19.0	14.95376	14.836279	0.495273
2023-03-31 13:51:03	2771647347.721996	19.0	14.95289	14.83625	0.495161
2023-03-31 13:51:03	2779190642.41744	19.0	14.95446	14.83625	0.495097
2023-03-31 13:51:04	2786749023.702275	19.0	14.9538	14.836205	0.495345
2023-03-31 13:51:04	2794322521.74968	19.0	14.9544	14.836161	0.495385
2023-03-31 13:51:05	2801911166.79318	19.0	14.95353	14.836145	0.494969
2023-03-31 13:51:05	2809514989.126766	19.0	14.95358	14.836191	0.494889
2023-03-31 13:51:06	2817134019.105019	19.0	14.95221	14.836191	0.494857
2023-03-31 13:51:06	2824768287.143229	19.0	14.95354	14.836176	0.495009
2023-03-31 13:51:07	2832417823.717515	19.0	14.95256	14.836176	0.495121
2023-03-31 13:51:07	2840082659.364951	19.0	14.954	14.836205	0.495113
2023-03-31 13:51:08	2847762824.683681	19.0	14.95609	14.836205	0.495145
2023-03-31 13:51:08	2855458350.333048	19.0	14.95601	14.836235	0.495009
2023-03-31 13:51:09	2863169267.033714	19.0	14.95648	14.836264	0.495265
2023-03-31 13:51:09	2870895605.567781	19.0	14.95421	14.836309	0.495001
2023-03-31 13:51:10	2878637396.778917	19.0	14.95574	14.836325	0.494977
2023-03-31 13:51:10	2886394671.572474	19.0	14.95446	14.836264	0.495097
2023-03-31 13:51:11	2894167460.915619	19.0	14.95481	14.836235	0.495089
2023-03-31 13:51:11	2901955795.837451	19.0	14.95313	14.836161	0.495337
2023-03-31 13:51:12	2909759707.429125	19.0	14.95423	14.836176	0.495153
2023-03-31 13:51:12	2917579226.843984	19.0	14.95437	14.836161	0.495457
2023-03-31 13:51:13	2925414385.297672	19.0	14.95531	14.836205	0.495073
2023-03-31 13:51:14	2933265214.068267	19.0	14.9529	14.836176	0.495145
2023-03-31 13:51:14	2941131744.496404	19.0	14.95648	14.836191	0.495081
2023-03-31 13:51:15	2949014007.985396	19.0	14.95446	14.836145	0.495169
2023-03-31 13:51:15	2956912036.001367	19.0	14.95301	14.836205	0.494809
2023-03-31 13:51:16	2964825860.07337	19.0	14.95526	14.836161	0.494977
2023-03-31 13:51:16	2972755511.793517	19.0	14.95429	14.836145	0.495305
2023-03-31 13:51:17	2980701022.817104	19.0	14.95421	14.836145	0.495289
2023-03-31 13:51:17	2988662424.862738	19.0	14.9555	14.836176	0.494994
2023-03-31 13:51:18	2996639749.712463	19.0	14.95513	14.83613	0.495113
