2023-04-19 15:21:24	50000000.0	19.0	20.06064	19.925503	0.49915
2023-04-19 15:21:25	52100000.0	19.0	20.062	19.925266	0.499198
2023-04-19 15:21:25	54204200.0	19.0	20.06113	19.925356	0.498926
2023-04-19 15:21:26	56312608.4	19.0	20.06194	19.925148	0.499094
2023-04-19 15:21:26	58425233.6168	19.0	20.06133	19.925369	0.49915
2023-04-19 15:21:27	60542084.084034	19.0	20.06167	19.925428	0.499342
2023-04-19 15:21:27	62663168.252202	19.0	20.06199	19.925503	0.498974
2023-04-19 15:21:28	64788494.588706	19.0	20.06246	19.925549	0.498982
2023-04-19 15:21:28	66918071.577883	19.0	20.0625	19.925474	0.499262
2023-04-19 15:21:29	69051907.721039	19.0	20.06309	19.925549	0.49931
2023-04-19 15:21:29	71190011.536481	19.0	20.06169	19.925369	0.49903
2023-04-19 15:21:30	73332391.559554	19.0	20.06199	19.9254	0.49919
2023-04-19 15:21:30	75479056.342673	19.0	20.06194	19.925489	0.499038
2023-04-19 15:21:31	77630014.455359	19.0	20.06093	19.925533	0.498974
2023-04-19 15:21:31	79785274.484269	19.0	20.06146	19.925474	0.498774
2023-04-19 15:21:32	81944845.033238	19.0	20.06073	19.925562	0.49887
2023-04-19 15:21:32	84108734.723304	19.0	20.062	19.925669	0.498934
2023-04-19 15:21:33	86276952.192751	19.0	20.06226	19.9254	0.49899
2023-04-19 15:21:33	88449506.097137	19.0	20.06129	19.925459	0.499126
2023-04-19 15:21:34	90626405.109331	19.0	20.06228	19.925369	0.49899
2023-04-19 15:21:35	92807657.91955	19.0	20.0621	19.92531	0.499086
2023-04-19 15:21:35	94993273.235389	19.0	20.06137	19.925325	0.499286
2023-04-19 15:21:36	97183259.781859	19.0	20.06219	19.924881	0.498926
2023-04-19 15:21:36	99377626.301423	19.0	20.06144	19.925102	0.499078
2023-04-19 15:21:37	101576381.554026	19.0	20.06123	19.925192	0.499086
2023-04-19 15:21:37	103779534.317134	19.0	20.06117	19.925369	0.498998
2023-04-19 15:21:38	105987093.385768	19.0	20.06074	19.925192	0.499302
2023-04-19 15:21:38	108199067.57254	19.0	20.06187	19.925459	0.499126
2023-04-19 15:21:39	110415465.707685	19.0	20.06134	19.925236	0.499158
2023-04-19 15:21:39	112636296.6391	19.0	20.06154	19.9254	0.49891
2023-04-19 15:21:40	114861569.232378	19.0	20.06279	19.925192	0.499038
2023-04-19 15:21:40	117091292.370843	19.0	20.06199	19.925192	0.499246
2023-04-19 15:21:41	119325474.955585	19.0	20.06161	19.9254	0.499022
2023-04-19 15:21:41	121564125.905496	19.0	20.06154	19.925369	0.498958
2023-04-19 15:21:42	123807254.157307	19.0	20.0615	19.925549	0.499246
2023-04-19 15:21:42	126054868.665622	19.0	20.06084	19.925518	0.499078
2023-04-19 15:21:43	128306978.402953	19.0	20.06173	19.925653	0.499022
2023-04-19 15:21:43	130563592.359759	19.0	20.05974	19.925489	0.49903
2023-04-19 15:21:44	132824719.544478	19.0	20.06086	19.925459	0.499222
2023-04-19 15:21:44	135090368.983567	19.0	20.06196	19.925177	0.498958
2023-04-19 15:21:45	137360549.721534	19.0	20.06023	19.925325	0.499086
2023-04-19 15:21:45	139635270.820978	19.0	20.06118	19.925266	0.499238
2023-04-19 15:21:46	141914541.362619	19.0	20.06069	19.925518	0.49919
2023-04-19 15:21:47	144198370.445345	19.0	20.0617	19.925428	0.499086
2023-04-19 15:21:47	146486767.186235	19.0	20.05991	19.925161	0.499006
2023-04-19 15:21:48	148779740.720608	19.0	20.06214	19.925415	0.498918
2023-04-19 15:21:48	151077300.202049	19.0	20.06316	19.925562	0.499214
2023-04-19 15:21:49	153379454.802453	19.0	20.06186	19.925549	0.499102
2023-04-19 15:21:49	155686213.712058	19.0	20.06114	19.925266	0.499278
2023-04-19 15:21:50	157997586.139482	19.0	20.06114	19.924984	0.499382
2023-04-19 15:21:50	160313581.311761	19.0	20.06153	19.925028	0.499046
2023-04-19 15:21:51	162634208.474385	19.0	20.06177	19.925133	0.499126
2023-04-19 15:21:51	164959476.891333	19.0	20.06106	19.925236	0.499358
2023-04-19 15:21:52	167289395.845116	19.0	20.05964	19.925102	0.499118
2023-04-19 15:21:52	169623974.636806	19.0	20.06129	19.925043	0.499246
2023-04-19 15:21:53	171963222.58608	19.0	20.06109	19.924999	0.498766
2023-04-19 15:21:53	174307149.031252	19.0	20.06074	19.924984	0.498622
2023-04-19 15:21:54	176655763.329315	19.0	20.06117	19.925133	0.499014
2023-04-19 15:21:54	179009074.855973	19.0	20.06004	19.925089	0.499126
2023-04-19 15:21:55	181367093.005685	19.0	20.06126	19.925014	0.499166
2023-04-19 15:21:55	183729827.191697	19.0	20.06087	19.925089	0.499142
2023-04-19 15:21:56	186097286.84608	19.0	20.06109	19.925192	0.499198
2023-04-19 15:21:56	188469481.419772	19.0	20.06111	19.925177	0.499046
2023-04-19 15:21:57	190846420.382612	19.0	20.06166	19.925295	0.499078
2023-04-19 15:21:58	193228113.223377	19.0	20.06106	19.925713	0.498926
2023-04-19 15:21:58	195614569.449824	19.0	20.06007	19.925474	0.499062
2023-04-19 15:21:59	198005798.588723	19.0	20.05997	19.925562	0.499086
2023-04-19 15:21:59	200401810.185901	19.0	20.0612	19.925325	0.499086
2023-04-19 15:22:00	202802613.806273	19.0	20.06103	19.9254	0.499414
2023-04-19 15:22:00	205208219.033885	19.0	20.06189	19.9254	0.499174
2023-04-19 15:22:01	207618635.471953	19.0	20.06104	19.925831	0.498942
2023-04-19 15:22:01	210033872.742897	19.0	20.06044	19.925549	0.498894
2023-04-19 15:22:02	212453940.488383	19.0	20.0604	19.925518	0.499038
2023-04-19 15:22:02	214878848.369359	19.0	20.06043	19.925549	0.499366
2023-04-19 15:22:03	217308606.066098	19.0	20.06023	19.925369	0.498934
2023-04-19 15:22:03	219743223.27823	19.0	20.06176	19.924955	0.498934
2023-04-19 15:22:04	222182709.724787	19.0	20.06126	19.925058	0.499158
2023-04-19 15:22:04	224627075.144236	19.0	20.05967	19.925074	0.498878
2023-04-19 15:22:05	227076329.294525	19.0	20.06043	19.925028	0.499118
2023-04-19 15:22:05	229530481.953114	19.0	20.05947	19.925385	0.499038
2023-04-19 15:22:06	231989542.91702	19.0	20.0612	19.925058	0.49883
2023-04-19 15:22:06	234453522.002854	19.0	20.06121	19.925325	0.498798
2023-04-19 15:22:07	236922429.04686	19.0	20.06121	19.925385	0.499022
2023-04-19 15:22:07	239396273.904953	19.0	20.06016	19.925133	0.49907
2023-04-19 15:22:08	241875066.452763	19.0	20.05934	19.925459	0.49907
2023-04-19 15:22:08	244358816.585669	19.0	20.05954	19.925251	0.49883
2023-04-19 15:22:09	246847534.21884	19.0	20.0602	19.925251	0.499158
2023-04-19 15:22:09	249341229.287278	19.0	20.06107	19.9254	0.499046
2023-04-19 15:22:10	251839911.745852	19.0	20.0608	19.926085	0.499134
2023-04-19 15:22:10	254343591.569344	19.0	20.06197	19.927139	0.499022
2023-04-19 15:22:11	256852278.752483	19.0	20.06247	19.927853	0.49895
2023-04-19 15:22:12	259365983.309988	19.0	20.06257	19.928463	0.498998
2023-04-19 15:22:12	261884715.276608	19.0	20.06256	19.928329	0.499318
2023-04-19 15:22:13	264408484.707161	19.0	20.06151	19.927868	0.499286
2023-04-19 15:22:13	266937301.676575	19.0	20.06151	19.927645	0.499214
2023-04-19 15:22:14	269471176.279928	19.0	20.06201	19.928076	0.498814
2023-04-19 15:22:14	272010118.632488	19.0	20.06313	19.928434	0.498902
2023-04-19 15:22:15	274554138.869753	19.0	20.06204	19.927691	0.499126
2023-04-19 15:22:15	277103247.147493	19.0	20.06097	19.926575	0.499206
2023-04-19 15:22:16	279657453.641788	19.0	20.06053	19.92592	0.49895
2023-04-19 15:22:16	282216768.549071	19.0	20.0615	19.92592	0.499102
2023-04-19 15:22:17	284781202.08617	19.0	20.06164	19.925697	0.499286
2023-04-19 15:22:17	287350764.490342	19.0	20.06176	19.925697	0.499198
2023-04-19 15:22:18	289925466.019323	19.0	20.06196	19.925503	0.49911
2023-04-19 15:22:18	292505316.951361	19.0	20.06031	19.924984	0.499062
2023-04-19 15:22:19	295090327.585264	19.0	20.06197	19.925177	0.499286
2023-04-19 15:22:19	297680508.240435	19.0	20.06211	19.925014	0.499278
2023-04-19 15:22:20	300275869.256915	19.0	20.06118	19.924999	0.49911
2023-04-19 15:22:20	302876420.995429	19.0	20.06193	19.924955	0.498686
2023-04-19 15:22:21	305482173.83742	19.0	20.06109	19.92485	0.49911
2023-04-19 15:22:22	308093138.185095	19.0	20.06173	19.924894	0.49931
2023-04-19 15:22:22	310709324.461465	19.0	20.06167	19.924835	0.499062
2023-04-19 15:22:23	313330743.110388	19.0	20.06117	19.924717	0.49911
2023-04-19 15:22:23	315957404.596609	19.0	20.06096	19.92491	0.498982
2023-04-19 15:22:24	318589319.405802	19.0	20.06177	19.924776	0.499054
2023-04-19 15:22:24	321226498.044614	19.0	20.06156	19.925043	0.498854
2023-04-19 15:22:25	323868951.040703	19.0	20.0613	19.925148	0.498886
2023-04-19 15:22:25	326516688.942784	19.0	20.06169	19.924835	0.499022
2023-04-19 15:22:26	329169722.32067	19.0	20.06176	19.925161	0.499054
2023-04-19 15:22:26	331828061.765311	19.0	20.06184	19.925444	0.499438
2023-04-19 15:22:27	334491717.888842	19.0	20.06181	19.925369	0.499198
2023-04-19 15:22:27	337160701.324619	19.0	20.0633	19.925758	0.498966
2023-04-19 15:22:28	339835022.727269	19.0	20.06346	19.926128	0.499342
2023-04-19 15:22:28	342514692.772723	19.0	20.06234	19.925964	0.499142
2023-04-19 15:22:29	345199722.158269	19.0	20.06327	19.926159	0.498814
2023-04-19 15:22:29	347890121.602585	19.0	20.06269	19.926188	0.49899
2023-04-19 15:22:30	350585901.84579	19.0	20.06166	19.925549	0.499254
2023-04-19 15:22:30	353287073.649482	19.0	20.06173	19.925117	0.49911
2023-04-19 15:22:31	355993647.796781	19.0	20.06138	19.924686	0.498774
2023-04-19 15:22:31	358705635.092375	19.0	20.06147	19.924641	0.499182
2023-04-19 15:22:32	361423046.362559	19.0	20.06137	19.924404	0.49879
2023-04-19 15:22:32	364145892.455284	19.0	20.06156	19.924597	0.499062
2023-04-19 15:22:33	366874184.240195	19.0	20.06137	19.924612	0.499166
2023-04-19 15:22:34	369607932.608675	19.0	20.06173	19.924566	0.498974
2023-04-19 15:22:34	372347148.473893	19.0	20.06111	19.924776	0.499046
2023-04-19 15:22:35	375091842.77084	19.0	20.06121	19.924641	0.498766
2023-04-19 15:22:35	377842026.456382	19.0	20.06123	19.924566	0.498814
2023-04-19 15:22:36	380597710.509295	19.0	20.06273	19.924582	0.498894
2023-04-19 15:22:36	383358905.930314	19.0	20.06264	19.925236	0.498846
2023-04-19 15:22:37	386125623.742174	19.0	20.06248	19.925787	0.498958
2023-04-19 15:22:37	388897874.989658	19.0	20.06279	19.926292	0.499118
2023-04-19 15:22:38	391675670.739638	19.0	20.06411	19.927288	0.499134
2023-04-19 15:22:38	394459022.081117	19.0	20.06536	19.927927	0.499182
2023-04-19 15:22:39	397247940.125279	19.0	20.06751	19.928507	0.498894
2023-04-19 15:22:39	400042436.00553	19.0	20.06634	19.929104	0.499246
2023-04-19 15:22:40	402842520.877541	19.0	20.06668	19.929966	0.49891
2023-04-19 15:22:40	405648205.919296	19.0	20.07064	19.930767	0.49919
2023-04-19 15:22:41	408459502.331135	19.0	20.06878	19.930975	0.49919
2023-04-19 15:22:41	411276421.335797	19.0	20.06726	19.930128	0.499262
2023-04-19 15:22:42	414098974.178468	19.0	20.06597	19.928789	0.498934
2023-04-19 15:22:42	416927172.126825	19.0	20.0635	19.927616	0.499366
2023-04-19 15:22:43	419761026.471079	19.0	20.06271	19.92592	0.49903
2023-04-19 15:22:43	422600548.524021	19.0	20.0611	19.925161	0.49915
2023-04-19 15:22:44	425445749.621069	19.0	20.06056	19.924776	0.499102
2023-04-19 15:22:44	428296641.120311	19.0	20.0614	19.924656	0.499158
2023-04-19 15:22:45	431153234.402552	19.0	20.06158	19.924597	0.499374
2023-04-19 15:22:45	434015540.871357	19.0	20.06057	19.924389	0.499102
2023-04-19 15:22:46	436883571.9531	19.0	20.06239	19.925043	0.499198
2023-04-19 15:22:46	439757339.097006	19.0	20.06214	19.925058	0.49903
2023-04-19 15:22:47	442636853.7752	19.0	20.06163	19.924835	0.498974
2023-04-19 15:22:48	445522127.48275	19.0	20.06267	19.925058	0.499142
2023-04-19 15:22:48	448413171.737716	19.0	20.06354	19.925117	0.499102
2023-04-19 15:22:49	451309998.081191	19.0	20.06176	19.924894	0.499174
2023-04-19 15:22:49	454212618.077354	19.0	20.06184	19.925161	0.499166
2023-04-19 15:22:50	457121043.313508	19.0	20.06244	19.925074	0.498814
2023-04-19 15:22:50	460035285.400135	19.0	20.06309	19.925043	0.499062
2023-04-19 15:22:51	462955355.970936	19.0	20.06241	19.925058	0.499206
2023-04-19 15:22:51	465881266.682878	19.0	20.06243	19.925058	0.498982
2023-04-19 15:22:52	468813029.216243	19.0	20.06097	19.924791	0.499038
2023-04-19 15:22:52	471750655.274676	19.0	20.06228	19.924671	0.499126
2023-04-19 15:22:53	474694156.585225	19.0	20.06193	19.925028	0.498782
2023-04-19 15:22:53	477643544.898396	19.0	20.06099	19.924894	0.49899
2023-04-19 15:22:54	480598831.988192	19.0	20.06106	19.924656	0.498702
2023-04-19 15:22:54	483560029.652169	19.0	20.06127	19.924271	0.498782
2023-04-19 15:22:55	486527149.711473	19.0	20.06101	19.92424	0.499022
2023-04-19 15:22:55	489500204.010896	19.0	20.06046	19.92424	0.498766
2023-04-19 15:22:56	492479204.418918	19.0	20.06084	19.924181	0.498838
2023-04-19 15:22:56	495464162.827756	19.0	20.06061	19.924137	0.498998
2023-04-19 15:22:57	498455091.153411	19.0	20.06163	19.924271	0.49899
2023-04-19 15:22:57	501452001.335718	19.0	20.06134	19.92494	0.499046
2023-04-19 15:22:58	504454905.338389	19.0	20.06157	19.924866	0.498734
2023-04-19 15:22:58	507463815.149066	19.0	20.06121	19.925251	0.498766
2023-04-19 15:22:59	510478742.779364	19.0	20.06073	19.926085	0.498958
2023-04-19 15:22:59	513499700.264923	19.0	20.06136	19.926262	0.499406
2023-04-19 15:23:00	516526699.665453	19.0	20.06383	19.926723	0.499006
2023-04-19 15:23:00	519559753.064784	19.0	20.06207	19.927273	0.498998
2023-04-19 15:23:01	522598872.570913	19.0	20.06273	19.927258	0.49899
2023-04-19 15:23:02	525644070.316055	19.0	20.06274	19.926754	0.499366
2023-04-19 15:23:02	528695358.456687	19.0	20.06223	19.926426	0.499094
2023-04-19 15:23:03	531752749.173601	19.0	20.06309	19.926054	0.499246
2023-04-19 15:23:03	534816254.671948	19.0	20.0626	19.926039	0.499254
2023-04-19 15:23:04	537885887.181292	19.0	20.06267	19.926365	0.499246
2023-04-19 15:23:04	540961658.955654	19.0	20.06354	19.926546	0.499094
2023-04-19 15:23:05	544043582.273566	19.0	20.06244	19.926828	0.499022
2023-04-19 15:23:05	547131669.438113	19.0	20.06224	19.927719	0.498934
2023-04-19 15:23:06	550225932.776989	19.0	20.06429	19.928045	0.499078
2023-04-19 15:23:06	553326384.642543	19.0	20.06341	19.928596	0.498926
2023-04-19 15:23:07	556433037.411828	19.0	20.06451	19.928879	0.499006
2023-04-19 15:23:07	559545903.486652	19.0	20.06533	19.929325	0.499158
2023-04-19 15:23:08	562664995.293625	19.0	20.0663	19.929577	0.499078
2023-04-19 15:23:08	565790325.284212	19.0	20.06806	19.930128	0.498982
2023-04-19 15:23:09	568921905.934781	19.0	20.06714	19.930233	0.499198
2023-04-19 15:23:09	572059749.74665	19.0	20.06534	19.930099	0.499214
2023-04-19 15:23:10	575203869.246144	19.0	20.06471	19.929192	0.498814
2023-04-19 15:23:10	578354276.984636	19.0	20.06373	19.928493	0.499126
2023-04-19 15:23:11	581510985.538605	19.0	20.06247	19.927942	0.499014
2023-04-19 15:23:11	584674007.509682	19.0	20.06294	19.927498	0.499326
2023-04-19 15:23:12	587843355.524702	19.0	20.06194	19.927229	0.499126
2023-04-19 15:23:13	591019042.235751	19.0	20.06257	19.927288	0.498774
2023-04-19 15:23:13	594201080.320223	19.0	20.06318	19.927214	0.498926
2023-04-19 15:23:14	597389482.480863	19.0	20.06356	19.927616	0.499126
2023-04-19 15:23:14	600584261.445825	19.0	20.06458	19.928104	0.498886
2023-04-19 15:23:15	603785429.968717	19.0	20.06433	19.928879	0.499126
2023-04-19 15:23:15	606993000.828654	19.0	20.06666	19.929667	0.498974
2023-04-19 15:23:16	610206986.830311	19.0	20.06839	19.930588	0.49903
2023-04-19 15:23:16	613427400.803972	19.0	20.06777	19.931765	0.499118
2023-04-19 15:23:17	616654255.60558	19.0	20.0725	19.933189	0.499118
2023-04-19 15:23:17	619887564.116791	19.0	20.07409	19.934633	0.499006
2023-04-19 15:23:18	623127339.245025	19.0	20.07617	19.936121	0.499182
2023-04-19 15:23:18	626373593.923515	19.0	20.07713	19.938156	0.499598
2023-04-19 15:23:19	629626341.111362	19.0	20.07874	19.939762	0.49919
2023-04-19 15:23:19	632885593.793584	19.0	20.08029	19.941353	0.499294
2023-04-19 15:23:20	636151364.981171	19.0	20.08054	19.94223	0.499262
2023-04-19 15:23:20	639423667.711134	19.0	20.08081	19.942423	0.499606
2023-04-19 15:23:21	642702515.046556	19.0	20.08024	19.941561	0.49935
2023-04-19 15:23:21	645987920.076649	19.0	20.08064	19.940981	0.499286
2023-04-19 15:23:22	649279895.916803	19.0	20.08088	19.941084	0.499166
2023-04-19 15:23:22	652578455.708636	19.0	20.08194	19.94162	0.499702
2023-04-19 15:23:23	655883612.620053	19.0	20.08224	19.943331	0.499694
2023-04-19 15:23:23	659195379.845294	19.0	20.08356	19.944756	0.499222
2023-04-19 15:23:24	662513770.604984	19.0	20.08426	19.946587	0.499646
2023-04-19 15:23:24	665838798.146194	19.0	20.08773	19.949574	0.499438
2023-04-19 15:23:25	669170475.742486	19.0	20.08966	19.953707	0.499422
2023-04-19 15:23:26	672508816.693971	19.0	20.09754	19.956562	0.499686
2023-04-19 15:23:26	675853834.327359	19.0	20.10111	19.963474	0.500117
2023-04-19 15:23:27	679205541.996014	19.0	20.10776	19.968693	0.500173
2023-04-19 15:23:27	682563953.080006	19.0	20.11743	19.97641	0.500613
2023-04-19 15:23:28	685929080.986166	19.0	20.12234	19.982861	0.500445
2023-04-19 15:23:28	689300939.148138	19.0	20.13003	19.990934	0.500885
2023-04-19 15:23:29	692679541.026435	19.0	20.13966	19.996569	0.500741
2023-04-19 15:23:29	696064900.108487	19.0	20.14666	20.004301	0.501373
2023-04-19 15:23:30	699457029.908704	19.0	20.15928	20.015419	0.501165
2023-04-19 15:23:30	702855943.968522	19.0	20.16477	20.023865	0.501349
2023-04-19 15:23:31	706261655.856459	19.0	20.17639	20.03405	0.50162
2023-04-19 15:23:31	709674179.168172	19.0	20.18109	20.042137	0.501812
2023-04-19 15:23:32	713093527.526508	19.0	20.1919	20.048843	0.502092
2023-04-19 15:23:32	716519714.581561	19.0	20.1978	20.056007	0.502532
2023-04-19 15:23:33	719952754.010724	19.0	20.19658	20.058922	0.502444
2023-04-19 15:23:33	723392659.518746	19.0	20.19356	20.057703	0.502588
2023-04-19 15:23:34	726839444.837783	19.0	20.19308	20.057108	0.50254
2023-04-19 15:23:34	730293123.727459	19.0	20.2006	20.059591	0.502604
2023-04-19 15:23:35	733753709.974914	19.0	20.21156	20.068289	0.50254
2023-04-19 15:23:35	737221217.394863	19.0	20.22989	20.080732	0.503075
2023-04-19 15:23:36	740695659.829653	19.0	20.25303	20.102289	0.503667
2023-04-19 15:23:36	744177051.149312	19.0	20.28037	20.131161	0.504043
2023-04-19 15:23:37	747665405.251611	19.0	20.31018	20.155914	0.50477
2023-04-19 15:23:37	751160736.062114	19.0	20.33648	20.185427	0.50541
2023-04-19 15:23:38	754663057.534239	19.0	20.34747	20.200026	0.505874
2023-04-19 15:23:38	758172383.649307	19.0	20.35666	20.210285	0.506073
2023-04-19 15:23:39	761688728.416606	19.0	20.35206	20.211697	0.506489
2023-04-19 15:23:40	765212105.873439	19.0	20.35001	20.209764	0.506449
2023-04-19 15:23:40	768742530.085186	19.0	20.3416	20.204618	0.506193
2023-04-19 15:23:41	772280015.145356	19.0	20.32847	20.195148	0.506113
2023-04-19 15:23:41	775824575.175647	19.0	20.30676	20.179434	0.505178
2023-04-19 15:23:42	779376224.325998	19.0	20.28107	20.151991	0.504842
2023-04-19 15:23:42	782934976.77465	19.0	20.25654	20.129673	0.504339
2023-04-19 15:23:43	786500846.728199	19.0	20.23291	20.103998	0.503339
2023-04-19 15:23:43	790073848.421656	19.0	20.21773	20.083675	0.50286
2023-04-19 15:23:44	793653996.118499	19.0	20.20421	20.073818	0.5025
2023-04-19 15:23:44	797241304.110736	19.0	20.2033	20.067366	0.50278
2023-04-19 15:23:45	800835786.718958	19.0	20.20937	20.068302	0.502716
2023-04-19 15:23:45	804437458.292396	19.0	20.22034	20.075871	0.502676
2023-04-19 15:23:46	808046333.20898	19.0	20.23401	20.087763	0.503443
2023-04-19 15:23:46	811662425.875398	19.0	20.24013	20.093651	0.503627
2023-04-19 15:23:47	815285750.727149	19.0	20.23977	20.096178	0.503291
2023-04-19 15:23:47	818916322.228604	19.0	20.23811	20.095213	0.503395
2023-04-19 15:23:48	822554154.873061	19.0	20.22956	20.091557	0.503019
2023-04-19 15:23:48	826199263.182807	19.0	20.22087	20.085476	0.503227
2023-04-19 15:23:49	829851661.709173	19.0	20.20083	20.07156	0.502716
2023-04-19 15:23:49	833511365.032591	19.0	20.18076	20.051504	0.5025
2023-04-19 15:23:50	837178387.762656	19.0	20.16333	20.035521	0.501916
2023-04-19 15:23:50	840852744.538182	19.0	20.15069	20.01615	0.501612
2023-04-19 15:23:51	844534450.027258	19.0	20.13887	20.004211	0.500957
2023-04-19 15:23:51	848223518.927312	19.0	20.12408	19.9897	0.500805
2023-04-19 15:23:52	851919965.965167	19.0	20.11856	19.981598	0.500269
2023-04-19 15:23:52	855623805.897097	19.0	20.11126	19.973049	0.500389
2023-04-19 15:23:53	859335053.508892	19.0	20.10498	19.967043	0.500293
2023-04-19 15:23:54	863053723.615909	19.0	20.10303	19.963654	0.500005
2023-04-19 15:23:54	866779831.063141	19.0	20.10077	19.960426	0.499878
2023-04-19 15:23:55	870513390.725268	19.0	20.09826	19.957499	0.500149
2023-04-19 15:23:55	874254417.506718	19.0	20.09421	19.955744	0.499566
2023-04-19 15:23:56	878002926.341731	19.0	20.09016	19.95335	0.49967
2023-04-19 15:23:56	881758932.194415	19.0	20.08711	19.951551	0.499654
2023-04-19 15:23:57	885522450.058804	19.0	20.08407	19.949293	0.49971
2023-04-19 15:23:57	889293494.958921	19.0	20.08173	19.946676	0.499726
2023-04-19 15:23:58	893072081.948839	19.0	20.07906	19.942928	0.499462
2023-04-19 15:23:58	896858226.112737	19.0	20.07771	19.939613	0.499446
2023-04-19 15:23:59	900651942.564962	19.0	20.07598	19.937428	0.499214
2023-04-19 15:23:59	904453246.450092	19.0	20.07117	19.935585	0.499382
2023-04-19 15:24:00	908262152.942992	19.0	20.07049	19.93429	0.499238
2023-04-19 15:24:00	912078677.248878	19.0	20.06876	19.932535	0.498854
2023-04-19 15:24:01	915902834.603376	19.0	20.06717	19.931583	0.499262
2023-04-19 15:24:01	919734640.272583	19.0	20.06627	19.930395	0.499038
2023-04-19 15:24:02	923574109.553128	19.0	20.0635	19.929266	0.499118
2023-04-19 15:24:02	927421257.772234	19.0	20.06454	19.928135	0.499238
2023-04-19 15:24:03	931276100.287779	19.0	20.06253	19.927229	0.499006
2023-04-19 15:24:03	935138652.488354	19.0	20.0619	19.926426	0.498846
2023-04-19 15:24:04	939008929.793331	19.0	20.06103	19.925905	0.499014
2023-04-19 15:24:04	942886947.652918	19.0	20.06193	19.925192	0.499198
2023-04-19 15:24:05	946772721.548224	19.0	20.06137	19.925161	0.49887
2023-04-19 15:24:05	950666266.99132	19.0	20.06194	19.92485	0.49931
2023-04-19 15:24:06	954567599.525303	19.0	20.06154	19.924835	0.498966
2023-04-19 15:24:06	958476734.724353	19.0	20.06064	19.924597	0.499014
2023-04-19 15:24:07	962393688.193802	19.0	20.0606	19.924671	0.499078
2023-04-19 15:24:07	966318475.57019	19.0	20.0611	19.924625	0.499102
2023-04-19 15:24:08	970251112.52133	19.0	20.0611	19.924761	0.49895
2023-04-19 15:24:09	974191614.746373	19.0	20.06101	19.92494	0.499214
2023-04-19 15:24:09	978139997.975865	19.0	20.06059	19.924582	0.498974
2023-04-19 15:24:10	982096277.971817	19.0	20.06133	19.925102	0.499102
2023-04-19 15:24:10	986060470.527761	19.0	20.06167	19.925295	0.498942
2023-04-19 15:24:11	990032591.468816	19.0	20.06161	19.925282	0.499182
2023-04-19 15:24:11	994012656.651754	19.0	20.0617	19.925192	0.499166
2023-04-19 15:24:12	998000681.965057	19.0	20.06038	19.925058	0.49907
2023-04-19 15:24:12	1001996683.328988	19.0	20.06138	19.924866	0.49907
2023-04-19 15:24:13	1006000676.695646	19.0	20.0612	19.924553	0.49879
2023-04-19 15:24:13	1010012678.049037	19.0	20.06097	19.923914	0.499238
2023-04-19 15:24:14	1014032703.405135	19.0	20.06009	19.923483	0.498918
2023-04-19 15:24:14	1018060768.811945	19.0	20.06037	19.922546	0.49867
2023-04-19 15:24:15	1022096890.349569	19.0	20.05961	19.921949	0.49923
2023-04-19 15:24:15	1026141084.130268	19.0	20.05978	19.921595	0.499254
2023-04-19 15:24:16	1030193366.298529	19.0	20.05978	19.921297	0.499086
2023-04-19 15:24:16	1034253753.031126	19.0	20.06046	19.921431	0.49891
2023-04-19 15:24:17	1038322260.537188	19.0	20.0605	19.922174	0.499022
2023-04-19 15:24:17	1042398905.058263	19.0	20.06066	19.922649	0.499222
2023-04-19 15:24:18	1046483702.868379	19.0	20.0608	19.922619	0.498982
2023-04-19 15:24:19	1050576670.274116	19.0	20.06042	19.922827	0.498974
2023-04-19 15:24:19	1054677823.614664	19.0	20.05961	19.922857	0.499006
2023-04-19 15:24:20	1058787179.261894	19.0	20.05986	19.923275	0.498918
2023-04-19 15:24:20	1062904753.620417	19.0	20.06069	19.923319	0.498918
2023-04-19 15:24:21	1067030563.127658	19.0	20.05986	19.923468	0.499166
2023-04-19 15:24:21	1071164624.253914	19.0	20.06026	19.92363	0.499134
2023-04-19 15:24:22	1075306953.502421	19.0	20.05927	19.923988	0.499246
2023-04-19 15:24:22	1079457567.409426	19.0	20.06043	19.924019	0.49919
2023-04-19 15:24:23	1083616482.544245	19.0	20.06	19.924492	0.499118
2023-04-19 15:24:23	1087783715.509334	19.0	20.06053	19.924582	0.49923
2023-04-19 15:24:24	1091959282.940352	19.0	20.06031	19.924984	0.499078
2023-04-19 15:24:24	1096143201.506233	19.0	20.06136	19.924925	0.499078
2023-04-19 15:24:25	1100335487.909245	19.0	20.0607	19.924866	0.498982
2023-04-19 15:24:25	1104536158.885064	19.0	20.05967	19.924625	0.499158
2023-04-19 15:24:26	1108745231.202834	19.0	20.0609	19.924448	0.499014
2023-04-19 15:24:26	1112962721.66524	19.0	20.06167	19.924582	0.499046
2023-04-19 15:24:27	1117188647.10857	19.0	20.0625	19.924286	0.498862
2023-04-19 15:24:27	1121423024.402787	19.0	20.06138	19.92384	0.49879
2023-04-19 15:24:28	1125665870.451593	19.0	20.06178	19.924166	0.498894
2023-04-19 15:24:28	1129917202.192496	19.0	20.06141	19.924553	0.498742
2023-04-19 15:24:29	1134177036.596881	19.0	20.0619	19.924747	0.498966
2023-04-19 15:24:30	1138445390.670075	19.0	20.06156	19.925043	0.49931
2023-04-19 15:24:30	1142722281.451415	19.0	20.06189	19.924597	0.498942
2023-04-19 15:24:31	1147007726.014318	19.0	20.06201	19.923779	0.49891
2023-04-19 15:24:31	1151301741.466347	19.0	20.06191	19.922886	0.499174
2023-04-19 15:24:32	1155604344.94928	19.0	20.06257	19.92259	0.498958
2023-04-19 15:24:32	1159915553.639178	19.0	20.06223	19.922947	0.499062
2023-04-19 15:24:33	1164235384.746456	19.0	20.06289	19.923141	0.498518
2023-04-19 15:24:33	1168563855.515949	19.0	20.06183	19.923096	0.499094
2023-04-19 15:24:34	1172900983.226981	19.0	20.06266	19.923363	0.499134
2023-04-19 15:24:34	1177246785.193435	19.0	20.0631	19.923645	0.499078
2023-04-19 15:24:35	1181601278.763822	19.0	20.0628	19.924166	0.498878
2023-04-19 15:24:35	1185964481.32135	19.0	20.06276	19.924925	0.499158
2023-04-19 15:24:36	1190336410.283992	19.0	20.06359	19.925577	0.499278
2023-04-19 15:24:36	1194717083.10456	19.0	20.06443	19.926695	0.498998
2023-04-19 15:24:37	1199106517.27077	19.0	20.06339	19.927198	0.499126
2023-04-19 15:24:37	1203504730.305311	19.0	20.06353	19.927526	0.498918
2023-04-19 15:24:38	1207911739.765922	19.0	20.06406	19.928045	0.499078
2023-04-19 15:24:38	1212327563.245454	19.0	20.06476	19.928507	0.498926
2023-04-19 15:24:39	1216752218.371944	19.0	20.06547	19.929041	0.49887
2023-04-19 15:24:39	1221185722.808688	19.0	20.06503	19.929056	0.499198
2023-04-19 15:24:40	1225628094.254306	19.0	20.06457	19.929056	0.499006
2023-04-19 15:24:40	1230079350.442814	19.0	20.06491	19.928938	0.499118
2023-04-19 15:24:41	1234539509.1437	19.0	20.06439	19.928804	0.49895
2023-04-19 15:24:41	1239008588.161987	19.0	20.06416	19.928907	0.499174
2023-04-19 15:24:42	1243486605.338311	19.0	20.06449	19.928789	0.499214
2023-04-19 15:24:42	1247973578.548988	19.0	20.06466	19.929041	0.499022
2023-04-19 15:24:43	1252469525.706086	19.0	20.06267	19.929325	0.49923
2023-04-19 15:24:43	1256974464.757498	19.0	20.06377	19.929089	0.498926
2023-04-19 15:24:44	1261488413.687013	19.0	20.06196	19.928017	0.49931
2023-04-19 15:24:45	1266011390.514387	19.0	20.06277	19.927645	0.498806
2023-04-19 15:24:45	1270543413.295416	19.0	20.0626	19.927242	0.499022
2023-04-19 15:24:46	1275084500.122006	19.0	20.06253	19.927242	0.49923
2023-04-19 15:24:46	1279634669.12225	19.0	20.06191	19.926857	0.499054
2023-04-19 15:24:47	1284193938.460495	19.0	20.06193	19.926723	0.499278
2023-04-19 15:24:47	1288762326.337416	19.0	20.06063	19.926575	0.499326
2023-04-19 15:24:48	1293339850.990091	19.0	20.06158	19.92598	0.499118
2023-04-19 15:24:48	1297926530.692071	19.0	20.06101	19.925489	0.498998
2023-04-19 15:24:49	1302522383.753455	19.0	20.06038	19.92491	0.498734
2023-04-19 15:24:49	1307127428.520962	19.0	20.05956	19.924625	0.498958
2023-04-19 15:24:50	1311741683.378004	19.0	20.06003	19.924404	0.499246
2023-04-19 15:24:50	1316365166.74476	19.0	20.06046	19.924166	0.498974
2023-04-19 15:24:51	1320997897.078249	19.0	20.06007	19.923334	0.499166
2023-04-19 15:24:51	1325639892.872406	19.0	20.06094	19.923349	0.498918
2023-04-19 15:24:52	1330291172.65815	19.0	20.05996	19.923527	0.498766
2023-04-19 15:24:52	1334951755.003467	19.0	20.06109	19.923885	0.499014
2023-04-19 15:24:53	1339621658.513474	19.0	20.061	19.924047	0.49875
2023-04-19 15:24:53	1344300901.830501	19.0	20.05974	19.924196	0.499158
2023-04-19 15:24:54	1348989503.634162	19.0	20.0597	19.92384	0.498718
2023-04-19 15:24:54	1353687482.64143	19.0	20.05956	19.923809	0.498974
2023-04-19 15:24:55	1358394857.606713	19.0	20.06026	19.924078	0.499142
2023-04-19 15:24:56	1363111647.321927	19.0	20.06077	19.923586	0.499214
2023-04-19 15:24:56	1367837870.61657	19.0	20.06043	19.923676	0.499054
2023-04-19 15:24:57	1372573546.357804	19.0	20.05997	19.923542	0.499062
2023-04-19 15:24:57	1377318693.450519	19.0	20.06011	19.923393	0.498846
2023-04-19 15:24:58	1382073330.83742	19.0	20.06037	19.923201	0.499054
2023-04-19 15:24:58	1386837477.499095	19.0	20.06071	19.923929	0.499102
2023-04-19 15:24:59	1391611152.454093	19.0	20.06049	19.923616	0.499118
2023-04-19 15:24:59	1396394374.759001	19.0	20.06016	19.923542	0.499286
2023-04-19 15:25:00	1401187163.508519	19.0	20.05944	19.923229	0.499294
2023-04-19 15:25:00	1405989537.835536	19.0	20.05961	19.923349	0.499206
2023-04-19 15:25:01	1410801516.911207	19.0	20.05996	19.923155	0.49911
2023-04-19 15:25:01	1415623119.94503	19.0	20.05981	19.923082	0.499134
2023-04-19 15:25:02	1420454366.18492	19.0	20.06023	19.923111	0.49927
2023-04-19 15:25:02	1425295274.91729	19.0	20.06083	19.923126	0.49891
2023-04-19 15:25:03	1430145865.467124	19.0	20.06003	19.923229	0.498934
2023-04-19 15:25:03	1435006157.198059	19.0	20.05964	19.923378	0.499262
2023-04-19 15:25:04	1439876169.512455	19.0	20.06014	19.923437	0.498974
2023-04-19 15:25:04	1444755921.85148	19.0	20.0591	19.923319	0.49911
2023-04-19 15:25:05	1449645433.695183	19.0	20.0601	19.923542	0.49883
2023-04-19 15:25:05	1454544724.562573	19.0	20.05953	19.923452	0.498854
2023-04-19 15:25:06	1459453814.011698	19.0	20.05813	19.923378	0.499102
2023-04-19 15:25:06	1464372721.639722	19.0	20.05954	19.923052	0.49903
2023-04-19 15:25:07	1469301467.083001	19.0	20.05958	19.922916	0.499134
2023-04-19 15:25:07	1474240070.017167	19.0	20.05994	19.922901	0.498926
2023-04-19 15:25:08	1479188550.157202	19.0	20.05957	19.922827	0.499022
2023-04-19 15:25:09	1484146927.257516	19.0	20.05964	19.923067	0.49903
2023-04-19 15:25:09	1489115221.112031	19.0	20.0606	19.92259	0.498862
2023-04-19 15:25:10	1494093451.554255	19.0	20.06056	19.922619	0.499334
2023-04-19 15:25:10	1499081638.457364	19.0	20.06047	19.922783	0.499142
2023-04-19 15:25:11	1504079801.734278	19.0	20.05967	19.922441	0.498982
2023-04-19 15:25:11	1509087961.337747	19.0	20.05733	19.922457	0.498734
2023-04-19 15:25:12	1514106137.260423	19.0	20.05834	19.922039	0.498958
2023-04-19 15:25:12	1519134349.534944	19.0	20.06017	19.922024	0.499102
2023-04-19 15:25:13	1524172618.234014	19.0	20.05898	19.922293	0.49911
2023-04-19 15:25:13	1529220963.470482	19.0	20.0598	19.922472	0.499046
2023-04-19 15:25:14	1534279405.397423	19.0	20.0592	19.922457	0.498878
2023-04-19 15:25:14	1539347964.208217	19.0	20.05886	19.922382	0.498966
2023-04-19 15:25:15	1544426660.136634	19.0	20.05886	19.921995	0.499046
2023-04-19 15:25:15	1549515513.456907	19.0	20.06047	19.921936	0.498918
2023-04-19 15:25:16	1554614544.483821	19.0	20.06066	19.922293	0.498998
2023-04-19 15:25:16	1559723773.572788	19.0	20.05916	19.922279	0.499174
2023-04-19 15:25:17	1564843221.119934	19.0	20.05937	19.922665	0.49919
2023-04-19 15:25:17	1569972907.562174	19.0	20.05901	19.922709	0.499142
2023-04-19 15:25:18	1575112853.377298	19.0	20.05937	19.922916	0.49903
2023-04-19 15:25:18	1580263079.084053	19.0	20.0598	19.922606	0.498966
2023-04-19 15:25:19	1585423605.242221	19.0	20.0605	19.922619	0.498942
2023-04-19 15:25:19	1590594452.452705	19.0	20.06	19.922665	0.498958
2023-04-19 15:25:20	1595775641.357611	19.0	20.06014	19.922485	0.49907
2023-04-19 15:25:20	1600967192.640326	19.0	20.06049	19.922205	0.49875
2023-04-19 15:25:21	1606169127.025607	19.0	20.0598	19.922798	0.499054
2023-04-19 15:25:22	1611381465.279658	19.0	20.05986	19.922575	0.499118
2023-04-19 15:25:22	1616604228.210217	19.0	20.05919	19.922649	0.499222
2023-04-19 15:25:23	1621837436.666638	19.0	20.0603	19.922783	0.498894
2023-04-19 15:25:23	1627081111.539971	19.0	20.06046	19.922665	0.499326
2023-04-19 15:25:24	1632335273.763051	19.0	20.0591	19.922619	0.499278
2023-04-19 15:25:24	1637599944.310577	19.0	20.05974	19.923111	0.49923
2023-04-19 15:25:25	1642875144.199198	19.0	20.05877	19.922531	0.499158
2023-04-19 15:25:25	1648160894.487597	19.0	20.05964	19.922516	0.49903
2023-04-19 15:25:26	1653457216.276572	19.0	20.06007	19.922693	0.498894
2023-04-19 15:25:26	1658764130.709125	19.0	20.06046	19.922382	0.498958
2023-04-19 15:25:27	1664081658.970543	19.0	20.05957	19.922665	0.499126
2023-04-19 15:25:27	1669409822.288484	19.0	20.06003	19.923008	0.499158
2023-04-19 15:25:28	1674748641.933061	19.0	20.05941	19.922901	0.49903
2023-04-19 15:25:28	1680098139.216928	19.0	20.05964	19.922977	0.499166
2023-04-19 15:25:29	1685458335.495361	19.0	20.0599	19.922813	0.499094
2023-04-19 15:25:29	1690829252.166352	19.0	20.05936	19.922752	0.498878
2023-04-19 15:25:30	1696210910.670685	19.0	20.05857	19.922665	0.499366
2023-04-19 15:25:30	1701603332.492026	19.0	20.05893	19.922873	0.49915
2023-04-19 15:25:31	1707006539.15701	19.0	20.05934	19.922947	0.499134
2023-04-19 15:25:31	1712420552.235324	19.0	20.05746	19.922857	0.499038
2023-04-19 15:25:32	1717845393.339795	19.0	20.05964	19.922739	0.499102
2023-04-19 15:25:32	1723281084.126474	19.0	20.06009	19.922752	0.499014
2023-04-19 15:25:33	1728727646.294727	19.0	20.05951	19.922441	0.49887
2023-04-19 15:25:34	1734185101.587317	19.0	20.06026	19.921949	0.498662
2023-04-19 15:25:34	1739653471.790491	19.0	20.06137	19.922115	0.498958
2023-04-19 15:25:35	1745132778.734072	19.0	20.0602	19.921535	0.498934
2023-04-19 15:25:35	1750623044.291541	19.0	20.06031	19.921816	0.499038
2023-04-19 15:25:36	1756124290.380124	19.0	20.0585	19.922308	0.499326
2023-04-19 15:25:36	1761636538.960884	19.0	20.05966	19.922115	0.499102
2023-04-19 15:25:37	1767159812.038806	19.0	20.05896	19.922398	0.498942
2023-04-19 15:25:37	1772694131.662883	19.0	20.0591	19.922264	0.499006
2023-04-19 15:25:38	1778239519.926209	19.0	20.05834	19.922398	0.499174
2023-04-19 15:25:38	1783795998.966061	19.0	20.06026	19.922413	0.498734
2023-04-19 15:25:39	1789363590.963994	19.0	20.06111	19.922413	0.499094
2023-04-19 15:25:39	1794942318.145921	19.0	20.05987	19.922367	0.49883
2023-04-19 15:25:40	1800532202.782213	19.0	20.05921	19.922279	0.499294
2023-04-19 15:25:40	1806133267.187778	19.0	20.06016	19.921995	0.499134
2023-04-19 15:25:41	1811745533.722153	19.0	20.0596	19.922264	0.499014
2023-04-19 15:25:41	1817369024.789598	19.0	20.05967	19.922218	0.498934
2023-04-19 15:25:42	1823003762.839177	19.0	20.06091	19.92207	0.498782
2023-04-19 15:25:42	1828649770.364855	19.0	20.05961	19.922441	0.49883
2023-04-19 15:25:43	1834307069.905585	19.0	20.05986	19.922649	0.499214
2023-04-19 15:25:43	1839975684.045396	19.0	20.05907	19.922426	0.499182
2023-04-19 15:25:44	1845655635.413487	19.0	20.05977	19.922323	0.499174
2023-04-19 15:25:44	1851346946.684314	19.0	20.06049	19.922501	0.499118
2023-04-19 15:25:45	1857049640.577683	19.0	20.05901	19.922441	0.498934
2023-04-19 15:25:45	1862763739.858838	19.0	20.05973	19.922382	0.499038
2023-04-19 15:25:46	1868489267.338556	19.0	20.05978	19.92256	0.499094
2023-04-19 15:25:47	1874226245.873233	19.0	20.06037	19.922575	0.499094
2023-04-19 15:25:47	1879974698.36498	19.0	20.05987	19.922472	0.499054
2023-04-19 15:25:48	1885734647.761709	19.0	20.06089	19.922827	0.498998
2023-04-19 15:25:48	1891506117.057233	19.0	20.06044	19.922842	0.499054
2023-04-19 15:25:49	1897289129.291347	19.0	20.06071	19.922977	0.499022
2023-04-19 15:25:49	1903083707.54993	19.0	20.06124	19.922901	0.498934
2023-04-19 15:25:50	1908889874.96503	19.0	20.06036	19.922634	0.499094
2023-04-19 15:25:50	1914707654.71496	19.0	20.06104	19.922827	0.499094
2023-04-19 15:25:51	1920537070.02439	19.0	20.06104	19.922857	0.499134
2023-04-19 15:25:51	1926378144.164438	19.0	20.06097	19.922886	0.499102
2023-04-19 15:25:52	1932230900.452767	19.0	20.05953	19.922649	0.498958
2023-04-19 15:25:52	1938095362.253673	19.0	20.06084	19.922709	0.49891
2023-04-19 15:25:53	1943971552.97818	19.0	20.06137	19.922665	0.499014
2023-04-19 15:25:53	1949859496.084136	19.0	20.06069	19.922634	0.498998
2023-04-19 15:25:54	1955759215.076305	19.0	20.06127	19.922665	0.498814
2023-04-19 15:25:54	1961670733.506457	19.0	20.0618	19.922857	0.49947
2023-04-19 15:25:55	1967594074.97347	19.0	20.06076	19.922857	0.499206
2023-04-19 15:25:55	1973529263.123417	19.0	20.06067	19.92256	0.498878
2023-04-19 15:25:56	1979476321.649664	19.0	20.06161	19.922813	0.498694
2023-04-19 15:25:56	1985435274.292963	19.0	20.06093	19.922827	0.499062
2023-04-19 15:25:57	1991406144.841549	19.0	20.06134	19.922886	0.499054
2023-04-19 15:25:57	1997388957.131232	19.0	20.06087	19.922634	0.499054
2023-04-19 15:25:58	2003383735.045495	19.0	20.06109	19.922693	0.498782
2023-04-19 15:25:58	2009390502.515586	19.0	20.06127	19.922546	0.499022
2023-04-19 15:25:59	2015409283.520617	19.0	20.06091	19.922709	0.498982
2023-04-19 15:26:00	2021440102.087658	19.0	20.06187	19.92268	0.499078
2023-04-19 15:26:00	2027482982.291833	19.0	20.061	19.92256	0.499006
2023-04-19 15:26:01	2033537948.256417	19.0	20.061	19.922813	0.498902
2023-04-19 15:26:01	2039605024.15293	19.0	20.06239	19.922634	0.499302
2023-04-19 15:26:02	2045684234.201236	19.0	20.05984	19.922886	0.499278
2023-04-19 15:26:02	2051775602.669638	19.0	20.06099	19.922827	0.49887
2023-04-19 15:26:03	2057879153.874977	19.0	20.06017	19.922798	0.498902
2023-04-19 15:26:03	2063994912.182727	19.0	20.06046	19.922531	0.499022
2023-04-19 15:26:04	2070122902.007092	19.0	20.06079	19.922516	0.498942
2023-04-19 15:26:04	2076263147.811107	19.0	20.05984	19.922813	0.49919
2023-04-19 15:26:05	2082415674.106729	19.0	20.05987	19.92256	0.498918
2023-04-19 15:26:05	2088580505.454942	19.0	20.05974	19.922739	0.499046
2023-04-19 15:26:06	2094757666.465852	19.0	20.0601	19.922798	0.498998
2023-04-19 15:26:06	2100947181.798784	19.0	20.05891	19.922857	0.498862
2023-04-19 15:26:07	2107149076.162381	19.0	20.06036	19.922709	0.498822
2023-04-19 15:26:07	2113363374.314706	19.0	20.05963	19.92268	0.498862
2023-04-19 15:26:08	2119590101.063335	19.0	20.06007	19.922606	0.498886
2023-04-19 15:26:08	2125829281.265462	19.0	20.05913	19.922649	0.499262
2023-04-19 15:26:09	2132080939.827993	19.0	20.05939	19.922649	0.498846
2023-04-19 15:26:09	2138345101.707649	19.0	20.06003	19.922709	0.498854
2023-04-19 15:26:10	2144621791.911065	19.0	20.06091	19.92259	0.49895
2023-04-19 15:26:10	2150911035.494887	19.0	20.06049	19.922873	0.498662
2023-04-19 15:26:11	2157212857.565876	19.0	20.0606	19.922768	0.498918
2023-04-19 15:26:11	2163527283.281008	19.0	20.06017	19.922798	0.499134
2023-04-19 15:26:12	2169854337.84757	19.0	20.05956	19.922768	0.498934
2023-04-19 15:26:12	2176194046.523265	19.0	20.05978	19.922752	0.498798
2023-04-19 15:26:13	2182546434.616312	19.0	20.06091	19.922827	0.498862
2023-04-19 15:26:14	2188911527.485545	19.0	20.05949	19.92296	0.498918
2023-04-19 15:26:14	2195289350.540516	19.0	20.06024	19.922947	0.498758
2023-04-19 15:26:15	2201679929.241597	19.0	20.06037	19.922752	0.498862
2023-04-19 15:26:15	2208083289.10008	19.0	20.06016	19.922873	0.499062
2023-04-19 15:26:16	2214499455.67828	19.0	20.06	19.922649	0.499022
2023-04-19 15:26:16	2220928454.589637	19.0	20.0597	19.922649	0.499198
2023-04-19 15:26:17	2227370311.498816	19.0	20.0601	19.922993	0.49907
2023-04-19 15:26:17	2233825052.121814	19.0	20.06017	19.922501	0.49919
2023-04-19 15:26:18	2240292702.226058	19.0	20.05981	19.923021	0.499078
2023-04-19 15:26:18	2246773287.63051	19.0	20.05956	19.922993	0.499142
2023-04-19 15:26:19	2253266834.205771	19.0	20.05921	19.922857	0.499102
2023-04-19 15:26:19	2259773367.874183	19.0	20.06006	19.922606	0.49899
2023-04-19 15:26:20	2266292914.609931	19.0	20.05883	19.922501	0.498998
2023-04-19 15:26:20	2272825500.439151	19.0	20.05937	19.922665	0.49907
2023-04-19 15:26:21	2279371151.440029	19.0	20.0603	19.922768	0.499022
2023-04-19 15:26:21	2285929893.742909	19.0	20.06037	19.92268	0.499334
2023-04-19 15:26:22	2292501753.530395	19.0	20.05963	19.922205	0.49923
2023-04-19 15:26:22	2299086757.037456	19.0	20.06	19.922575	0.499022
2023-04-19 15:26:23	2305684930.551531	19.0	20.05986	19.922724	0.498918
2023-04-19 15:26:23	2312296300.412634	19.0	20.05956	19.922531	0.499006
2023-04-19 15:26:24	2318920893.013459	19.0	20.06001	19.922693	0.49915
2023-04-19 15:26:24	2325558734.799486	19.0	20.06024	19.92256	0.499286
2023-04-19 15:26:25	2332209852.269085	19.0	20.06071	19.92256	0.499206
2023-04-19 15:26:25	2338874271.973623	19.0	20.0607	19.922886	0.49907
2023-04-19 15:26:26	2345552020.51757	19.0	20.05891	19.922739	0.499142
2023-04-19 15:26:26	2352243124.558606	19.0	20.05896	19.922398	0.499142
2023-04-19 15:26:27	2358947610.807723	19.0	20.05901	19.922338	0.498822
2023-04-19 15:26:28	2365665506.029338	19.0	20.05991	19.922752	0.498918
2023-04-19 15:26:28	2372396837.041397	19.0	20.05994	19.922827	0.499214
2023-04-19 15:26:29	2379141630.71548	19.0	20.05859	19.922827	0.499094
2023-04-19 15:26:29	2385899913.976911	19.0	20.0589	19.92268	0.499166
2023-04-19 15:26:30	2392671713.804864	19.0	20.05859	19.922531	0.49903
2023-04-19 15:26:30	2399457057.232474	19.0	20.05863	19.922531	0.499014
2023-04-19 15:26:31	2406255971.346939	19.0	20.0591	19.922752	0.498926
2023-04-19 15:26:31	2413068483.289633	19.0	20.05904	19.922531	0.498894
2023-04-19 15:26:32	2419894620.256212	19.0	20.05821	19.922619	0.49891
2023-04-19 15:26:32	2426734409.496725	19.0	20.05898	19.922382	0.499038
2023-04-19 15:26:33	2433587878.315718	19.0	20.05777	19.922606	0.499198
2023-04-19 15:26:33	2440455054.07235	19.0	20.05958	19.922516	0.499142
2023-04-19 15:26:34	2447335964.180494	19.0	20.05939	19.922665	0.499078
2023-04-19 15:26:34	2454230636.108855	19.0	20.05937	19.922426	0.49927
2023-04-19 15:26:35	2461139097.381073	19.0	20.05733	19.922575	0.498998
2023-04-19 15:26:35	2468061375.575835	19.0	20.05757	19.922338	0.499166
2023-04-19 15:26:36	2474997498.326987	19.0	20.05944	19.922649	0.499158
2023-04-19 15:26:36	2481947493.323641	19.0	20.05843	19.922634	0.499054
2023-04-19 15:26:37	2488911388.310288	19.0	20.05919	19.922426	0.499118
2023-04-19 15:26:37	2495889211.086908	19.0	20.05824	19.922724	0.499078
2023-04-19 15:26:38	2502880989.509082	19.0	20.05903	19.922649	0.498822
2023-04-19 15:26:38	2509886751.488101	19.0	20.05914	19.922693	0.49903
2023-04-19 15:26:39	2516906524.991077	19.0	20.0586	19.922516	0.498878
2023-04-19 15:26:39	2523940338.041059	19.0	20.05857	19.922472	0.499014
2023-04-19 15:26:40	2530988218.717141	19.0	20.05791	19.922352	0.498894
2023-04-19 15:26:40	2538050195.154575	19.0	20.05874	19.922501	0.499078
2023-04-19 15:26:41	2545126295.544885	19.0	20.05861	19.922516	0.498934
2023-04-19 15:26:41	2552216548.135974	19.0	20.05758	19.922575	0.498822
2023-04-19 15:26:42	2559320981.232246	19.0	20.05737	19.922619	0.499166
2023-04-19 15:26:42	2566439623.194711	19.0	20.05749	19.922413	0.499206
2023-04-19 15:26:43	2573572502.4411	19.0	20.05771	19.922665	0.49887
2023-04-19 15:26:44	2580719647.445982	19.0	20.05786	19.922501	0.499038
2023-04-19 15:26:44	2587881086.740874	19.0	20.0576	19.922426	0.498982
2023-04-19 15:26:45	2595056848.914356	19.0	20.05898	19.92296	0.499078
2023-04-19 15:26:45	2602246962.612185	19.0	20.05954	19.92256	0.499022
2023-04-19 15:26:46	2609451456.537409	19.0	20.05814	19.922916	0.499166
2023-04-19 15:26:46	2616670359.450484	19.0	20.05878	19.922575	0.498678
2023-04-19 15:26:47	2623903700.169385	19.0	20.05963	19.922709	0.499102
2023-04-19 15:26:47	2631151507.569724	19.0	20.06014	19.922634	0.499014
2023-04-19 15:26:48	2638413810.584864	19.0	20.05951	19.922842	0.499102
2023-04-19 15:26:48	2645690638.206033	19.0	20.06006	19.922575	0.499062
2023-04-19 15:26:49	2652982019.482445	19.0	20.05874	19.922516	0.499142
2023-04-19 15:26:49	2660287983.52141	19.0	20.05968	19.922413	0.49911
2023-04-19 15:26:50	2667608559.488453	19.0	20.05973	19.922842	0.498934
2023-04-19 15:26:50	2674943776.60743	19.0	20.05998	19.922606	0.499022
2023-04-19 15:26:51	2682293664.160645	19.0	20.0584	19.922813	0.499294
2023-04-19 15:26:51	2689658251.488966	19.0	20.0583	19.922649	0.499286
2023-04-19 15:26:52	2697037567.991944	19.0	20.05939	19.922457	0.499262
2023-04-19 15:26:52	2704431643.127928	19.0	20.05997	19.922501	0.49931
2023-04-19 15:26:53	2711840506.414184	19.0	20.06	19.922546	0.499398
2023-04-19 15:26:54	2719264187.427012	19.0	20.06073	19.922665	0.499046
2023-04-19 15:26:54	2726702715.801867	19.0	20.05986	19.922398	0.499022
2023-04-19 15:26:55	2734156121.23347	19.0	20.0589	19.922338	0.498998
2023-04-19 15:26:55	2741624433.475937	19.0	20.0592	19.922546	0.499006
2023-04-19 15:26:56	2749107682.342889	19.0	20.0601	19.92259	0.498806
2023-04-19 15:26:56	2756605897.707575	19.0	20.05851	19.922606	0.498934
2023-04-19 15:26:57	2764119109.50299	19.0	20.05973	19.92259	0.499486
2023-04-19 15:26:57	2771647347.721996	19.0	20.05964	19.922619	0.49899
2023-04-19 15:26:58	2779190642.41744	19.0	20.05998	19.922457	0.498982
2023-04-19 15:26:58	2786749023.702275	19.0	20.05904	19.922665	0.499038
2023-04-19 15:26:59	2794322521.74968	19.0	20.06063	19.922842	0.498846
2023-04-19 15:26:59	2801911166.79318	19.0	20.06046	19.922649	0.499094
2023-04-19 15:27:00	2809514989.126766	19.0	20.05914	19.922739	0.498846
2023-04-19 15:27:00	2817134019.105019	19.0	20.05863	19.922634	0.499174
2023-04-19 15:27:01	2824768287.143229	19.0	20.05934	19.922709	0.499118
2023-04-19 15:27:01	2832417823.717515	19.0	20.06027	19.922813	0.498726
2023-04-19 15:27:02	2840082659.364951	19.0	20.0583	19.92256	0.499406
2023-04-19 15:27:02	2847762824.683681	19.0	20.05913	19.922886	0.498982
2023-04-19 15:27:03	2855458350.333048	19.0	20.06067	19.922768	0.49915
2023-04-19 15:27:03	2863169267.033714	19.0	20.05963	19.922619	0.49927
2023-04-19 15:27:04	2870895605.567781	19.0	20.05927	19.922693	0.499398
2023-04-19 15:27:04	2878637396.778917	19.0	20.05863	19.922367	0.499102
2023-04-19 15:27:05	2886394671.572474	19.0	20.06051	19.922649	0.499006
2023-04-19 15:27:05	2894167460.915619	19.0	20.05989	19.92268	0.499126
2023-04-19 15:27:06	2901955795.837451	19.0	20.06026	19.922739	0.498982
2023-04-19 15:27:06	2909759707.429125	19.0	20.0618	19.922739	0.499174
2023-04-19 15:27:07	2917579226.843984	19.0	20.06038	19.922724	0.499262
2023-04-19 15:27:08	2925414385.297672	19.0	20.06047	19.922813	0.49935
2023-04-19 15:27:08	2933265214.068267	19.0	20.05973	19.92256	0.499198
2023-04-19 15:27:09	2941131744.496404	19.0	20.0602	19.92268	0.498838
2023-04-19 15:27:09	2949014007.985396	19.0	20.06113	19.922752	0.498854
2023-04-19 15:27:10	2956912036.001367	19.0	20.06076	19.92268	0.499022
2023-04-19 15:27:10	2964825860.07337	19.0	20.06017	19.92256	0.499054
2023-04-19 15:27:11	2972755511.793517	19.0	20.06009	19.92256	0.498966
2023-04-19 15:27:11	2980701022.817104	19.0	20.0589	19.922457	0.499166
2023-04-19 15:27:12	2988662424.862738	19.0	20.05989	19.922367	0.499078
2023-04-19 15:27:12	2996639749.712463	19.0	20.06076	19.922352	0.499038
