2023-03-15 17:08:46	50000000.0	13.0	7.054714	1.051029
2023-03-15 17:08:47	51050000.0	13.0	7.0531	1.055457
2023-03-15 17:08:47	52101050.0	13.0	7.052328	1.0478
2023-03-15 17:08:48	53153151.05	13.0	7.055429	1.058629
2023-03-15 17:08:48	54206304.201	13.0	7.054171	1.053429
2023-03-15 17:08:49	55260510.505	13.0	7.056628	1.0594
2023-03-15 17:08:49	56315771.016	13.0	7.0567	1.0582
2023-03-15 17:08:50	57372086.787	13.0	7.0531	1.055971
2023-03-15 17:08:50	58429458.874	13.0	7.0525	1.055943
2023-03-15 17:08:51	59487888.332	13.0	7.053143	1.0568
2023-03-15 17:08:51	60547376.221	13.0	7.0552	1.058913
2023-03-15 17:08:52	61607923.597	13.0	7.052772	1.0496
2023-03-15 17:08:52	62669531.521	13.0	7.054629	1.0586
2023-03-15 17:08:53	63732201.052	13.0	7.054128	1.052257
2023-03-15 17:08:53	64795933.253	13.0	7.052243	1.048943
2023-03-15 17:08:54	65860729.186	13.0	7.053014	1.0512
2023-03-15 17:08:55	66926589.916	13.0	7.054671	1.054829
2023-03-15 17:08:55	67993516.506	13.0	7.053443	1.057029
2023-03-15 17:08:56	69061510.022	13.0	7.0536	1.0584
2023-03-15 17:08:56	70130571.532	13.0	7.055529	1.058315
2023-03-15 17:08:57	71200702.104	13.0	7.054614	1.058457
2023-03-15 17:08:57	72271902.806	13.0	7.052814	1.060115
2023-03-15 17:08:58	73344174.708	13.0	7.055071	1.056713
2023-03-15 17:08:58	74417518.883	13.0	7.055628	1.051657
2023-03-15 17:08:59	75491936.402	13.0	7.0549	1.054343
2023-03-15 17:08:59	76567428.338	13.0	7.056842	1.056257
2023-03-15 17:09:00	77643995.767	13.0	7.054	1.054
2023-03-15 17:09:00	78721639.763	13.0	7.0539	1.0474
2023-03-15 17:09:01	79800361.402	13.0	7.056229	1.051685
2023-03-15 17:09:01	80880161.764	13.0	7.056072	1.053315
2023-03-15 17:09:02	81961041.926	13.0	7.057271	1.059857
2023-03-15 17:09:02	83043002.967	13.0	7.053457	1.057485
2023-03-15 17:09:03	84126045.97	13.0	7.053114	1.055313
2023-03-15 17:09:03	85210172.016	13.0	7.052172	1.046315
2023-03-15 17:09:04	86295382.188	13.0	7.0545	1.0554
2023-03-15 17:09:04	87381677.571	13.0	7.050972	1.051885
2023-03-15 17:09:05	88469059.248	13.0	7.054585	1.052715
2023-03-15 17:09:06	89557528.307	13.0	7.0537	1.055515
2023-03-15 17:09:06	90647085.836	13.0	7.056157	1.058771
2023-03-15 17:09:07	91737732.922	13.0	7.053628	1.051
2023-03-15 17:09:07	92829470.654	13.0	7.053228	1.055629
2023-03-15 17:09:08	93922300.125	13.0	7.0558	1.057771
2023-03-15 17:09:08	95016222.425	13.0	7.055643	1.053543
2023-03-15 17:09:09	96111238.648	13.0	7.052714	1.054943
2023-03-15 17:09:09	97207349.886	13.0	7.055914	1.057171
2023-03-15 17:09:10	98304557.236	13.0	7.053186	1.057029
2023-03-15 17:09:10	99402861.793	13.0	7.0535	1.055115
2023-03-15 17:09:11	100502264.655	13.0	7.055571	1.060371
2023-03-15 17:09:11	101602766.92	13.0	7.052243	1.0538
2023-03-15 17:09:12	102704369.687	13.0	7.055686	1.0548
2023-03-15 17:09:12	103807074.056	13.0	7.053371	1.058229
2023-03-15 17:09:13	104910881.131	13.0	7.052785	1.053913
2023-03-15 17:09:13	106015792.012	13.0	7.054928	1.053913
2023-03-15 17:09:14	107121807.804	13.0	7.054214	1.057485
2023-03-15 17:09:14	108228929.611	13.0	7.052714	1.0526
2023-03-15 17:09:15	109337158.541	13.0	7.052671	1.050829
2023-03-15 17:09:15	110446495.7	13.0	7.055414	1.050713
2023-03-15 17:09:16	111556942.195	13.0	7.054257	1.0556
2023-03-15 17:09:17	112668499.138	13.0	7.053214	1.054087
2023-03-15 17:09:17	113781167.637	13.0	7.050543	1.053857
2023-03-15 17:09:18	114894948.804	13.0	7.050743	1.048743
2023-03-15 17:09:18	116009843.753	13.0	7.052299	1.054543
2023-03-15 17:09:19	117125853.597	13.0	7.051771	1.0544
2023-03-15 17:09:19	118242979.45	13.0	7.051371	1.050285
2023-03-15 17:09:20	119361222.43	13.0	7.052014	1.054029
2023-03-15 17:09:20	120480583.652	13.0	7.050857	1.051715
2023-03-15 17:09:21	121601064.236	13.0	7.051357	1.047087
2023-03-15 17:09:21	122722665.3	13.0	7.052457	1.054487
2023-03-15 17:09:22	123845387.966	13.0	7.049471	1.047885
2023-03-15 17:09:22	124969233.354	13.0	7.052772	1.041172
2023-03-15 17:09:23	126094202.587	13.0	7.053514	1.048513
2023-03-15 17:09:23	127220296.789	13.0	7.052342	1.038828
2023-03-15 17:09:24	128347517.086	13.0	7.052772	1.040713
2023-03-15 17:09:24	129475864.603	13.0	7.053871	1.035371
2023-03-15 17:09:25	130605340.468	13.0	7.055057	1.035343
2023-03-15 17:09:25	131735945.808	13.0	7.051414	1.024315
2023-03-15 17:09:26	132867681.754	13.0	7.051285	1.028057
2023-03-15 17:09:26	134000549.436	13.0	7.051072	1.038343
2023-03-15 17:09:27	135134549.985	13.0	7.051714	1.048572
2023-03-15 17:09:27	136269684.535	13.0	7.050714	1.046143
2023-03-15 17:09:28	137405954.22	13.0	7.050843	1.0498
2023-03-15 17:09:28	138543360.174	13.0	7.053943	1.048972
2023-03-15 17:09:29	139681903.534	13.0	7.050786	1.051943
2023-03-15 17:09:29	140821585.438	13.0	7.053771	1.051715
2023-03-15 17:09:30	141962407.023	13.0	7.050686	1.0544
2023-03-15 17:09:31	143104369.43	13.0	7.0488	1.0544
2023-03-15 17:09:31	144247473.8	13.0	7.049343	1.054487
2023-03-15 17:09:32	145391721.274	13.0	7.0546	1.0542
2023-03-15 17:09:32	146537112.995	13.0	7.050586	1.052029
2023-03-15 17:09:33	147683650.108	13.0	7.052757	1.059171
2023-03-15 17:09:33	148831333.758	13.0	7.052785	1.051343
2023-03-15 17:09:34	149980165.092	13.0	7.051229	1.047829
2023-03-15 17:09:34	151130145.257	13.0	7.051229	1.047113
2023-03-15 17:09:35	152281275.402	13.0	7.051843	1.054943
2023-03-15 17:09:35	153433556.677	13.0	7.053257	1.049629
2023-03-15 17:09:36	154586990.234	13.0	7.051014	1.049171
2023-03-15 17:09:36	155741577.224	13.0	7.053143	1.039287
2023-03-15 17:09:37	156897318.802	13.0	7.049799	1.039629
2023-03-15 17:09:37	158054216.12	13.0	7.050914	1.034857
2023-03-15 17:09:38	159212270.336	13.0	7.050243	1.030487
2023-03-15 17:09:38	160371482.607	13.0	7.052314	1.024629
2023-03-15 17:09:39	161531854.089	13.0	7.048872	1.0172
2023-03-15 17:09:39	162693385.944	13.0	7.048171	1.005057
2023-03-15 17:09:40	163856079.329	13.0	7.0492	1.002315
2023-03-15 17:09:40	165019935.409	13.0	7.049929	0.9832
2023-03-15 17:09:41	166184955.344	13.0	7.049486	0.982743
2023-03-15 17:09:41	167351140.3	13.0	7.049043	0.969743
2023-03-15 17:09:42	168518491.44	13.0	7.049743	0.966943
2023-03-15 17:09:43	169687009.931	13.0	7.048171	0.957285
2023-03-15 17:09:43	170856696.941	13.0	7.045057	0.936543
2023-03-15 17:09:44	172027553.638	13.0	7.046828	0.920057
2023-03-15 17:09:44	173199581.192	13.0	7.046671	0.895915
2023-03-15 17:09:45	174372780.773	13.0	7.048214	0.859829
2023-03-15 17:09:45	175547153.554	13.0	7.0475	0.843285
2023-03-15 17:09:46	176722700.707	13.0	7.046843	0.8212
2023-03-15 17:09:46	177899423.408	13.0	7.046042	0.796657
2023-03-15 17:09:47	179077322.831	13.0	7.043715	0.796257
2023-03-15 17:09:47	180256400.154	13.0	7.047543	0.7896
2023-03-15 17:09:48	181436656.554	13.0	7.049243	0.789485
2023-03-15 17:09:48	182618093.211	13.0	7.045557	0.837485
2023-03-15 17:09:49	183800711.304	13.0	7.048528	0.906943
2023-03-15 17:09:49	184984512.015	13.0	7.047485	0.976915
2023-03-15 17:09:50	186169496.527	13.0	7.046786	1.004057
2023-03-15 17:09:50	187355666.024	13.0	7.0501	1.020143
2023-03-15 17:09:51	188543021.69	13.0	7.051142	1.0208
2023-03-15 17:09:51	189731564.712	13.0	7.048885	1.006543
2023-03-15 17:09:52	190921296.276	13.0	7.050486	1.009771
2023-03-15 17:09:52	192112217.573	13.0	7.046928	0.9964
2023-03-15 17:09:53	193304329.79	13.0	7.052543	1.009885
2023-03-15 17:09:53	194497634.12	13.0	7.048842	1.016943
2023-03-15 17:09:54	195692131.754	13.0	7.052371	1.0208
2023-03-15 17:09:54	196887823.886	13.0	7.052386	1.034257
2023-03-15 17:09:55	198084711.71	13.0	7.053485	1.035257
2023-03-15 17:09:55	199282796.422	13.0	7.050043	1.029971
2023-03-15 17:09:56	200482079.218	13.0	7.053071	1.0374
2023-03-15 17:09:56	201682561.297	13.0	7.051986	1.042857
2023-03-15 17:09:57	202884243.858	13.0	7.051271	1.045887
2023-03-15 17:09:58	204087128.102	13.0	7.051843	1.041028
2023-03-15 17:09:58	205291215.23	13.0	7.0532	1.0428
2023-03-15 17:09:59	206496506.446	13.0	7.051671	1.049229
2023-03-15 17:09:59	207703002.952	13.0	7.050371	1.048
2023-03-15 17:10:00	208910705.955	13.0	7.050171	1.039943
2023-03-15 17:10:00	210119616.661	13.0	7.054114	1.0464
2023-03-15 17:10:01	211329736.278	13.0	7.05	1.039143
2023-03-15 17:10:01	212541066.014	13.0	7.0534	1.036172
2023-03-15 17:10:02	213753607.08	13.0	7.049071	1.035287
2023-03-15 17:10:02	214967360.687	13.0	7.052228	1.039685
2023-03-15 17:10:03	216182328.048	13.0	7.049629	1.024857
2023-03-15 17:10:03	217398510.376	13.0	7.050014	1.025172
2023-03-15 17:10:04	218615908.886	13.0	7.0505	1.025115
2023-03-15 17:10:04	219834524.795	13.0	7.051471	1.023143
2023-03-15 17:10:05	221054359.32	13.0	7.048214	1.019715
2023-03-15 17:10:05	222275413.679	13.0	7.051914	1.020487
2023-03-15 17:10:06	223497689.093	13.0	7.053186	1.020313
2023-03-15 17:10:06	224721186.782	13.0	7.0516	1.0236
2023-03-15 17:10:07	225945907.969	13.0	7.052428	1.019315
2023-03-15 17:10:07	227171853.877	13.0	7.050243	1.010172
2023-03-15 17:10:08	228399025.731	13.0	7.048957	1.008171
2023-03-15 17:10:08	229627424.756	13.0	7.050385	1.008943
2023-03-15 17:10:09	230857052.181	13.0	7.047728	1.007085
2023-03-15 17:10:09	232087909.233	13.0	7.051771	1.008343
2023-03-15 17:10:10	233319997.142	13.0	7.048486	1.001571
2023-03-15 17:10:11	234553317.14	13.0	7.0481	1.003457
2023-03-15 17:10:11	235787870.457	13.0	7.052342	1.012915
2023-03-15 17:10:12	237023658.327	13.0	7.048857	1.0124
2023-03-15 17:10:12	238260681.986	13.0	7.051914	1.014057
2023-03-15 17:10:13	239498942.668	13.0	7.046329	1.003343
2023-03-15 17:10:13	240738441.61	13.0	7.048414	1.010143
2023-03-15 17:10:14	241979180.052	13.0	7.051329	1.016085
2023-03-15 17:10:14	243221159.232	13.0	7.048872	1.0068
2023-03-15 17:10:15	244464380.391	13.0	7.049414	0.999315
2023-03-15 17:10:15	245708844.771	13.0	7.050228	0.980715
2023-03-15 17:10:16	246954553.616	13.0	7.049772	0.960915
2023-03-15 17:10:16	248201508.17	13.0	7.050886	0.936515
2023-03-15 17:10:17	249449709.678	13.0	7.0491	0.912543
2023-03-15 17:10:17	250699159.388	13.0	7.05	0.887115
2023-03-15 17:10:18	251949858.547	13.0	7.046957	0.879857
2023-03-15 17:10:18	253201808.406	13.0	7.050714	0.888343
2023-03-15 17:10:19	254455010.214	13.0	7.052072	0.903229
2023-03-15 17:10:19	255709465.224	13.0	7.049214	0.904
2023-03-15 17:10:20	256965174.689	13.0	7.048728	0.906057
2023-03-15 17:10:20	258222139.864	13.0	7.049529	0.905915
2023-03-15 17:10:21	259480362.004	13.0	7.0521	0.901485
2023-03-15 17:10:21	260739842.366	13.0	7.0506	0.889572
2023-03-15 17:10:22	262000582.208	13.0	7.0478	0.865257
2023-03-15 17:10:22	263262582.791	13.0	7.047071	0.820715
2023-03-15 17:10:23	264525845.373	13.0	7.0496	0.787343
2023-03-15 17:10:24	265790371.219	13.0	7.047386	0.768115
2023-03-15 17:10:24	267056161.59	13.0	7.050328	0.757085
2023-03-15 17:10:25	268323217.752	13.0	7.050943	0.762857
2023-03-15 17:10:25	269591540.969	13.0	7.046228	0.768715
2023-03-15 17:10:26	270861132.51	13.0	7.048043	0.786343
2023-03-15 17:10:26	272131993.643	13.0	7.044685	0.804
2023-03-15 17:10:27	273404125.636	13.0	7.0482	0.811543
2023-03-15 17:10:27	274677529.762	13.0	7.048514	0.817515
2023-03-15 17:10:28	275952207.292	13.0	7.048357	0.834485
2023-03-15 17:10:28	277228159.499	13.0	7.0494	0.854915
2023-03-15 17:10:29	278505387.659	13.0	7.045971	0.8692
2023-03-15 17:10:29	279783893.046	13.0	7.051028	0.892543
2023-03-15 17:10:30	281063676.939	13.0	7.0524	0.899885
2023-03-15 17:10:30	282344740.616	13.0	7.051914	0.9192
2023-03-15 17:10:31	283627085.357	13.0	7.050529	0.942743
2023-03-15 17:10:31	284910712.442	13.0	7.050272	0.947028
2023-03-15 17:10:32	286195623.155	13.0	7.0492	0.965685
2023-03-15 17:10:32	287481818.778	13.0	7.0508	0.976485
2023-03-15 17:10:33	288769300.597	13.0	7.0533	0.987115
2023-03-15 17:10:33	290058069.897	13.0	7.054585	0.995
2023-03-15 17:10:34	291348127.967	13.0	7.0494	0.999285
2023-03-15 17:10:34	292639476.095	13.0	7.049929	1.0036
2023-03-15 17:10:35	293932115.571	13.0	7.052629	1.007485
2023-03-15 17:10:35	295226047.687	13.0	7.051342	1.017429
2023-03-15 17:10:36	296521273.734	13.0	7.053729	1.018343
2023-03-15 17:10:36	297817795.008	13.0	7.050185	1.015057
2023-03-15 17:10:37	299115612.803	13.0	7.052299	1.013457
2023-03-15 17:10:37	300414728.416	13.0	7.051085	1.021743
2023-03-15 17:10:38	301715143.144	13.0	7.049672	1.017543
2023-03-15 17:10:39	303016858.288	13.0	7.051457	1.018085
2023-03-15 17:10:39	304319875.146	13.0	7.053271	1.0132
2023-03-15 17:10:40	305624195.021	13.0	7.051471	1.018
2023-03-15 17:10:40	306929819.216	13.0	7.0505	1.018229
2023-03-15 17:10:41	308236749.035	13.0	7.051314	1.017657
2023-03-15 17:10:41	309544985.784	13.0	7.050957	1.011057
2023-03-15 17:10:42	310854530.77	13.0	7.050972	1.0098
2023-03-15 17:10:42	312165385.301	13.0	7.052857	1.009343
2023-03-15 17:10:43	313477550.686	13.0	7.05	1.015685
2023-03-15 17:10:43	314791028.237	13.0	7.051471	1.015543
2023-03-15 17:10:44	316105819.265	13.0	7.049557	1.013972
2023-03-15 17:10:44	317421925.084	13.0	7.048957	1.026172
2023-03-15 17:10:45	318739347.009	13.0	7.049486	1.022085
2023-03-15 17:10:45	320058086.356	13.0	7.0507	1.026543
2023-03-15 17:10:46	321378144.443	13.0	7.051171	1.022457
2023-03-15 17:10:46	322699522.587	13.0	7.052614	1.023285
2023-03-15 17:10:47	324022222.11	13.0	7.048414	1.0258
2023-03-15 17:10:47	325346244.332	13.0	7.053129	1.029229
2023-03-15 17:10:48	326671590.576	13.0	7.052528	1.030857
2023-03-15 17:10:48	327998262.167	13.0	7.0538	1.031913
2023-03-15 17:10:49	329326260.429	13.0	7.054657	1.032743
2023-03-15 17:10:49	330655586.689	13.0	7.054442	1.030315
2023-03-15 17:10:50	331986242.276	13.0	7.052657	1.029971
2023-03-15 17:10:50	333318228.518	13.0	7.055257	1.022857
2023-03-15 17:10:51	334651546.747	13.0	7.053171	1.021971
2023-03-15 17:10:51	335986198.294	13.0	7.051385	1.0202
2023-03-15 17:10:52	337322184.492	13.0	7.054629	1.027113
2023-03-15 17:10:53	338659506.676	13.0	7.055771	1.030457
2023-03-15 17:10:53	339998166.183	13.0	7.051457	1.022571
2023-03-15 17:10:54	341338164.349	13.0	7.051057	1.028913
2023-03-15 17:10:54	342679502.514	13.0	7.051543	1.023087
2023-03-15 17:10:55	344022182.016	13.0	7.052014	1.031285
2023-03-15 17:10:55	345366204.198	13.0	7.051242	1.027829
2023-03-15 17:10:56	346711570.402	13.0	7.052743	1.029743
2023-03-15 17:10:56	348058281.973	13.0	7.052157	1.0358
2023-03-15 17:10:57	349406340.255	13.0	7.052528	1.033687
2023-03-15 17:10:57	350755746.595	13.0	7.053257	1.037571
2023-03-15 17:10:58	352106502.342	13.0	7.053485	1.044629
2023-03-15 17:10:58	353458608.844	13.0	7.051628	1.043229
2023-03-15 17:10:59	354812067.453	13.0	7.055871	1.044743
2023-03-15 17:10:59	356166879.52	13.0	7.052528	1.041313
2023-03-15 17:11:00	357523046.4	13.0	7.051157	1.048171
2023-03-15 17:11:00	358880569.446	13.0	7.0548	1.047429
2023-03-15 17:11:01	360239450.016	13.0	7.053572	1.043113
2023-03-15 17:11:01	361599689.466	13.0	7.053542	1.037429
2023-03-15 17:11:02	362961289.155	13.0	7.052971	1.0376
2023-03-15 17:11:02	364324250.444	13.0	7.051329	1.042485
2023-03-15 17:11:03	365688574.695	13.0	7.053729	1.035685
2023-03-15 17:11:03	367054263.269	13.0	7.052629	1.041287
2023-03-15 17:11:04	368421317.533	13.0	7.052886	1.035887
2023-03-15 17:11:04	369789738.85	13.0	7.0512	1.034515
2023-03-15 17:11:05	371159528.589	13.0	7.049486	1.0368
2023-03-15 17:11:05	372530688.118	13.0	7.051571	1.039771
2023-03-15 17:11:06	373903218.806	13.0	7.054686	1.035087
2023-03-15 17:11:07	375277122.025	13.0	7.050571	1.036972
2023-03-15 17:11:07	376652399.147	13.0	7.052843	1.027972
2023-03-15 17:11:08	378029051.546	13.0	7.054214	1.034172
2023-03-15 17:11:08	379407080.597	13.0	7.053357	1.031629
2023-03-15 17:11:09	380786487.678	13.0	7.0515	1.0302
2023-03-15 17:11:09	382167274.166	13.0	7.052299	1.027657
2023-03-15 17:11:10	383549441.44	13.0	7.0528	1.035143
2023-03-15 17:11:10	384932990.881	13.0	7.054471	1.032343
2023-03-15 17:11:11	386317923.872	13.0	7.050786	1.033228
2023-03-15 17:11:11	387704241.796	13.0	7.050185	1.029513
2023-03-15 17:11:12	389091946.038	13.0	7.050285	1.025687
2023-03-15 17:11:12	390481037.984	13.0	7.052814	1.027171
2023-03-15 17:11:13	391871519.022	13.0	7.0531	1.028287
2023-03-15 17:11:13	393263390.541	13.0	7.053771	1.0272
2023-03-15 17:11:14	394656653.931	13.0	7.053557	1.027257
2023-03-15 17:11:14	396051310.585	13.0	7.052286	1.023257
2023-03-15 17:11:15	397447361.896	13.0	7.051728	1.023629
2023-03-15 17:11:15	398844809.258	13.0	7.052999	1.020287
2023-03-15 17:11:16	400243654.067	13.0	7.053871	1.018943
2023-03-15 17:11:16	401643897.721	13.0	7.053542	1.021257
2023-03-15 17:11:17	403045541.619	13.0	7.055185	1.023057
2023-03-15 17:11:17	404448587.16	13.0	7.055328	1.024629
2023-03-15 17:11:18	405853035.747	13.0	7.054271	1.0186
2023-03-15 17:11:18	407258888.783	13.0	7.055957	1.020543
2023-03-15 17:11:19	408666147.672	13.0	7.054357	1.020371
2023-03-15 17:11:19	410074813.82	13.0	7.052743	1.017029
2023-03-15 17:11:20	411484888.634	13.0	7.052286	1.013743
2023-03-15 17:11:20	412896373.522	13.0	7.050586	1.012629
2023-03-15 17:11:21	414309269.896	13.0	7.052443	1.015743
2023-03-15 17:11:22	415723579.166	13.0	7.051186	1.012887
2023-03-15 17:11:22	417139302.745	13.0	7.054386	1.020172
2023-03-15 17:11:23	418556442.047	13.0	7.053528	1.019087
2023-03-15 17:11:23	419974998.49	13.0	7.053714	1.029285
2023-03-15 17:11:24	421394973.488	13.0	7.052986	1.031257
2023-03-15 17:11:24	422816368.462	13.0	7.053572	1.024829
2023-03-15 17:11:25	424239184.83	13.0	7.055071	1.022372
2023-03-15 17:11:25	425663424.015	13.0	7.055043	1.026057
2023-03-15 17:11:26	427089087.439	13.0	7.054043	1.018371
2023-03-15 17:11:26	428516176.526	13.0	7.054371	1.0222
2023-03-15 17:11:27	429944692.703	13.0	7.052557	1.019143
2023-03-15 17:11:27	431374637.395	13.0	7.052728	1.015172
2023-03-15 17:11:28	432806012.033	13.0	7.054157	1.020029
2023-03-15 17:11:28	434238818.045	13.0	7.052186	1.021429
2023-03-15 17:11:29	435673056.863	13.0	7.051486	1.015172
2023-03-15 17:11:29	437108729.92	13.0	7.053829	1.027372
2023-03-15 17:11:30	438545838.65	13.0	7.052143	1.020313
2023-03-15 17:11:30	439984384.488	13.0	7.051342	1.028487
2023-03-15 17:11:31	441424368.873	13.0	7.052286	1.025913
2023-03-15 17:11:31	442865793.242	13.0	7.053157	1.029
2023-03-15 17:11:32	444308659.035	13.0	7.051929	1.026943
2023-03-15 17:11:32	445752967.694	13.0	7.053029	1.034371
2023-03-15 17:11:33	447198720.662	13.0	7.052971	1.027429
2023-03-15 17:11:33	448645919.382	13.0	7.051757	1.029343
2023-03-15 17:11:34	450094565.302	13.0	7.052085	1.032857
2023-03-15 17:11:34	451544659.867	13.0	7.053742	1.032343
2023-03-15 17:11:35	452996204.527	13.0	7.0509	1.035657
2023-03-15 17:11:35	454449200.731	13.0	7.053729	1.039143
2023-03-15 17:11:36	455903649.932	13.0	7.052643	1.036343
2023-03-15 17:11:37	457359553.582	13.0	7.054557	1.039313
2023-03-15 17:11:37	458816913.136	13.0	7.052371	1.037771
2023-03-15 17:11:38	460275730.049	13.0	7.052014	1.039457
2023-03-15 17:11:38	461736005.779	13.0	7.055628	1.042171
2023-03-15 17:11:39	463197741.785	13.0	7.053314	1.0346
2023-03-15 17:11:39	464660939.526	13.0	7.052571	1.043629
2023-03-15 17:11:40	466125600.466	13.0	7.053243	1.039829
2023-03-15 17:11:40	467591726.066	13.0	7.054386	1.046029
2023-03-15 17:11:41	469059317.793	13.0	7.052957	1.044857
2023-03-15 17:11:41	470528377.11	13.0	7.055285	1.049257
2023-03-15 17:11:42	471998905.487	13.0	7.052843	1.058543
2023-03-15 17:11:42	473470904.393	13.0	7.054857	1.062143
2023-03-15 17:11:43	474944375.297	13.0	7.056186	1.063657
2023-03-15 17:11:43	476419319.673	13.0	7.055043	1.063315
2023-03-15 17:11:44	477895738.992	13.0	7.052228	1.069143
2023-03-15 17:11:44	479373634.731	13.0	7.055	1.0726
2023-03-15 17:11:45	480853008.366	13.0	7.053457	1.071743
2023-03-15 17:11:45	482333861.374	13.0	7.052014	1.070087
2023-03-15 17:11:46	483816195.236	13.0	7.052957	1.064943
2023-03-15 17:11:46	485300011.431	13.0	7.054671	1.075229
2023-03-15 17:11:47	486785311.442	13.0	7.052999	1.074143
2023-03-15 17:11:47	488272096.754	13.0	7.056458	1.075085
2023-03-15 17:11:48	489760368.851	13.0	7.057743	1.075743
2023-03-15 17:11:48	491250129.219	13.0	7.053528	1.073085
2023-03-15 17:11:49	492741379.349	13.0	7.0565	1.070743
2023-03-15 17:11:49	494234120.728	13.0	7.056657	1.069115
2023-03-15 17:11:50	495728354.849	13.0	7.055143	1.068572
2023-03-15 17:11:51	497224083.204	13.0	7.055643	1.067915
2023-03-15 17:11:51	498721307.287	13.0	7.054357	1.058743
2023-03-15 17:11:52	500220028.594	13.0	7.052757	1.060571
2023-03-15 17:11:52	501720248.623	13.0	7.0532	1.060287
2023-03-15 17:11:53	503221968.871	13.0	7.053329	1.055429
2023-03-15 17:11:53	504725190.84	13.0	7.0551	1.060487
2023-03-15 17:11:54	506229916.031	13.0	7.052785	1.059171
2023-03-15 17:11:54	507736145.947	13.0	7.053457	1.053115
2023-03-15 17:11:55	509243882.093	13.0	7.055785	1.061085
2023-03-15 17:11:55	510753125.975	13.0	7.053857	1.060143
2023-03-15 17:11:56	512263879.101	13.0	7.054871	1.064572
2023-03-15 17:11:56	513776142.98	13.0	7.053014	1.066285
2023-03-15 17:11:57	515289919.123	13.0	7.053371	1.059743
2023-03-15 17:11:57	516805209.042	13.0	7.057328	1.068857
2023-03-15 17:11:58	518322014.251	13.0	7.052243	1.068143
2023-03-15 17:11:58	519840336.266	13.0	7.0525	1.066057
2023-03-15 17:11:59	521360176.602	13.0	7.0568	1.0744
2023-03-15 17:11:59	522881536.778	13.0	7.053086	1.075943
2023-03-15 17:12:00	524404418.315	13.0	7.052157	1.068143
2023-03-15 17:12:00	525928822.734	13.0	7.055471	1.0782
2023-03-15 17:12:01	527454751.556	13.0	7.054114	1.074172
2023-03-15 17:12:01	528982206.308	13.0	7.053686	1.062687
2023-03-15 17:12:02	530511188.514	13.0	7.056614	1.059829
2023-03-15 17:12:02	532041699.703	13.0	7.052814	1.050657
2023-03-15 17:12:03	533573741.402	13.0	7.053928	1.038285
2023-03-15 17:12:03	535107315.144	13.0	7.053228	1.026229
2023-03-15 17:12:04	536642422.459	13.0	7.049443	1.003687
2023-03-15 17:12:05	538179064.881	13.0	7.0533	0.983172
2023-03-15 17:12:05	539717243.946	13.0	7.053814	0.976172
2023-03-15 17:12:06	541256961.19	13.0	7.053829	0.966115
2023-03-15 17:12:06	542798218.151	13.0	7.053843	0.961028
2023-03-15 17:12:07	544341016.369	13.0	7.054357	0.960085
2023-03-15 17:12:07	545885357.386	13.0	7.052557	0.963315
2023-03-15 17:12:08	547431242.743	13.0	7.050457	0.965743
2023-03-15 17:12:08	548978673.986	13.0	7.053614	0.976772
2023-03-15 17:12:09	550527652.66	13.0	7.052085	0.982115
2023-03-15 17:12:09	552078180.313	13.0	7.053528	0.992429
2023-03-15 17:12:10	553630258.493	13.0	7.054657	1.006115
2023-03-15 17:12:10	555183888.751	13.0	7.055343	1.016487
2023-03-15 17:12:11	556739072.64	13.0	7.052314	1.019029
2023-03-15 17:12:11	558295811.713	13.0	7.0548	1.020029
2023-03-15 17:12:12	559854107.525	13.0	7.055743	1.032657
2023-03-15 17:12:12	561413961.632	13.0	7.056458	1.041743
2023-03-15 17:12:13	562975375.594	13.0	7.0525	1.039943
2023-03-15 17:12:13	564538350.969	13.0	7.055028	1.040487
2023-03-15 17:12:14	566102889.32	13.0	7.055728	1.045543
2023-03-15 17:12:14	567668992.21	13.0	7.052757	1.0424
2023-03-15 17:12:15	569236661.202	13.0	7.053514	1.035057
2023-03-15 17:12:15	570805897.863	13.0	7.053414	1.041857
2023-03-15 17:12:16	572376703.761	13.0	7.0543	1.040371
2023-03-15 17:12:16	573949080.465	13.0	7.052114	1.032685
2023-03-15 17:12:17	575523029.545	13.0	7.053443	1.024857
2023-03-15 17:12:17	577098552.575	13.0	7.055015	1.028771
2023-03-15 17:12:18	578675651.127	13.0	7.054114	1.038029
2023-03-15 17:12:19	580254326.778	13.0	7.052328	1.041713
2023-03-15 17:12:19	581834581.105	13.0	7.050371	1.040429
2023-03-15 17:12:20	583416415.686	13.0	7.052785	1.044629
2023-03-15 17:12:20	584999832.102	13.0	7.051914	1.042485
2023-03-15 17:12:21	586584831.934	13.0	7.0531	1.050685
2023-03-15 17:12:21	588171416.766	13.0	7.056257	1.057657
2023-03-15 17:12:22	589759588.183	13.0	7.053771	1.056772
2023-03-15 17:12:22	591349347.771	13.0	7.051443	1.050029
2023-03-15 17:12:23	592940697.119	13.0	7.052685	1.045543
2023-03-15 17:12:23	594533637.816	13.0	7.051628	1.035029
2023-03-15 17:12:24	596128171.454	13.0	7.054271	1.030685
2023-03-15 17:12:24	597724299.625	13.0	7.054971	1.029913
2023-03-15 17:12:25	599322023.925	13.0	7.052571	1.024715
2023-03-15 17:12:25	600921345.949	13.0	7.053329	1.018687
2023-03-15 17:12:26	602522267.295	13.0	7.054328	1.0216
2023-03-15 17:12:26	604124789.562	13.0	7.053614	1.017171
2023-03-15 17:12:27	605728914.351	13.0	7.050529	1.013572
2023-03-15 17:12:27	607334643.266	13.0	7.052243	1.017
2023-03-15 17:12:28	608941977.909	13.0	7.053757	1.013057
2023-03-15 17:12:28	610550919.887	13.0	7.052257	1.011057
2023-03-15 17:12:29	612161470.807	13.0	7.054	1.014315
2023-03-15 17:12:29	613773632.278	13.0	7.053472	1.018572
2023-03-15 17:12:30	615387405.91	13.0	7.0542	1.018572
2023-03-15 17:12:30	617002793.316	13.0	7.055143	1.020029
2023-03-15 17:12:31	618619796.109	13.0	7.052828	1.014971
2023-03-15 17:12:32	620238415.905	13.0	7.052772	1.0126
2023-03-15 17:12:32	621858654.321	13.0	7.052943	1.007143
2023-03-15 17:12:33	623480512.975	13.0	7.053157	1.001313
2023-03-15 17:12:33	625103993.488	13.0	7.056914	1.0108
2023-03-15 17:12:34	626729097.482	13.0	7.0536	1.013943
2023-03-15 17:12:34	628355826.579	13.0	7.052928	1.020143
2023-03-15 17:12:35	629984182.406	13.0	7.053371	1.020087
2023-03-15 17:12:35	631614166.588	13.0	7.052928	1.021457
2023-03-15 17:12:36	633245780.755	13.0	7.0563	1.029313
2023-03-15 17:12:36	634879026.536	13.0	7.052986	1.037457
2023-03-15 17:12:37	636513905.562	13.0	7.051871	1.040857
2023-03-15 17:12:37	638150419.468	13.0	7.052857	1.042657
2023-03-15 17:12:38	639788569.887	13.0	7.053271	1.0392
2023-03-15 17:12:38	641428358.457	13.0	7.056971	1.053543
2023-03-15 17:12:39	643069786.816	13.0	7.0541	1.0584
2023-03-15 17:12:39	644712856.602	13.0	7.055328	1.058885
2023-03-15 17:12:40	646357569.459	13.0	7.055399	1.057713
2023-03-15 17:12:40	648003927.029	13.0	7.058472	1.068657
2023-03-15 17:12:41	649651930.956	13.0	7.057129	1.0766
2023-03-15 17:12:41	651301582.886	13.0	7.056142	1.080915
2023-03-15 17:12:42	652952884.469	13.0	7.055257	1.0846
2023-03-15 17:12:42	654605837.354	13.0	7.053729	1.081543
2023-03-15 17:12:43	656260443.191	13.0	7.056028	1.093
2023-03-15 17:12:43	657916703.634	13.0	7.055057	1.099485
2023-03-15 17:12:44	659574620.338	13.0	7.054571	1.098571
2023-03-15 17:12:44	661234194.958	13.0	7.056242	1.101143
2023-03-15 17:12:45	662895429.153	13.0	7.055928	1.106772
2023-03-15 17:12:45	664558324.582	13.0	7.055814	1.103915
2023-03-15 17:12:46	666222882.907	13.0	7.055043	1.102087
2023-03-15 17:12:46	667889105.79	13.0	7.056271	1.107313
2023-03-15 17:12:47	669556994.896	13.0	7.052314	1.105371
2023-03-15 17:12:48	671226551.891	13.0	7.052471	1.103143
2023-03-15 17:12:48	672897778.443	13.0	7.057057	1.108
2023-03-15 17:12:49	674570676.221	13.0	7.0563	1.1106
2023-03-15 17:12:49	676245246.897	13.0	7.054514	1.099687
2023-03-15 17:12:50	677921492.144	13.0	7.054585	1.090629
2023-03-15 17:12:50	679599413.636	13.0	7.055028	1.091913
2023-03-15 17:12:51	681279013.05	13.0	7.0543	1.083972
2023-03-15 17:12:51	682960292.063	13.0	7.055671	1.072
2023-03-15 17:12:52	684643252.355	13.0	7.054671	1.0722
2023-03-15 17:12:52	686327895.607	13.0	7.052271	1.064115
2023-03-15 17:12:53	688014223.503	13.0	7.052643	1.056429
2023-03-15 17:12:53	689702237.726	13.0	7.054286	1.043029
2023-03-15 17:12:54	691391939.964	13.0	7.053228	1.0428
2023-03-15 17:12:54	693083331.904	13.0	7.054071	1.039343
2023-03-15 17:12:55	694776415.236	13.0	7.052286	1.0272
2023-03-15 17:12:55	696471191.651	13.0	7.051886	1.015971
2023-03-15 17:12:56	698167662.843	13.0	7.054457	1.008943
2023-03-15 17:12:56	699865830.506	13.0	7.055328	1.004629
2023-03-15 17:12:57	701565696.336	13.0	7.054086	0.995772
2023-03-15 17:12:57	703267262.033	13.0	7.051214	0.982285
2023-03-15 17:12:58	704970529.295	13.0	7.050014	0.965772
2023-03-15 17:12:58	706675499.824	13.0	7.051886	0.956
2023-03-15 17:12:59	708382175.324	13.0	7.0504	0.939315
2023-03-15 17:12:59	710090557.499	13.0	7.050014	0.9212
2023-03-15 17:13:00	711800648.057	13.0	7.051886	0.910143
2023-03-15 17:13:01	713512448.705	13.0	7.050486	0.893857
2023-03-15 17:13:01	715225961.153	13.0	7.051043	0.882028
2023-03-15 17:13:02	716941187.115	13.0	7.050729	0.856057
2023-03-15 17:13:02	718658128.302	13.0	7.050571	0.835743
2023-03-15 17:13:03	720376786.43	13.0	7.049371	0.810115
2023-03-15 17:13:03	722097163.216	13.0	7.048657	0.784685
2023-03-15 17:13:04	723819260.38	13.0	7.048586	0.757285
2023-03-15 17:13:04	725543079.64	13.0	7.050185	0.7302
2023-03-15 17:13:05	727268622.72	13.0	7.049171	0.703715
2023-03-15 17:13:05	728995891.342	13.0	7.047614	0.681228
2023-03-15 17:13:06	730724887.234	13.0	7.048443	0.665485
2023-03-15 17:13:06	732455612.121	13.0	7.051	0.6518
2023-03-15 17:13:07	734188067.733	13.0	7.062828	0.437857
2023-03-15 17:13:07	735922255.801	13.0	7.056428	0.395315
2023-03-15 17:13:08	737658178.057	13.0	7.050686	0.358343
2023-03-15 17:13:08	739395836.235	13.0	7.057943	0.394515
2023-03-15 17:13:09	741135232.071	13.0	7.050543	0.302915
2023-03-15 17:13:09	742876367.303	13.0	7.063071	0.257857
2023-03-15 17:13:10	744619243.67	13.0	7.043643	0.2092
2023-03-15 17:13:10	746363862.914	13.0	7.048857	0.1724
2023-03-15 17:13:11	748110226.777	13.0	7.051186	0.1736
2023-03-15 17:13:11	749858337.004	13.0	6.988386	0.0822
2023-03-15 17:13:12	751608195.341	13.0	6.724329	0.024
2023-03-15 17:13:12	753359803.536	13.0	5.522886	0.017628
2023-03-15 17:13:13	755113163.339	13.0	9.9e+37	0.028543
2023-03-15 17:13:13	756868276.503	13.0	9.9e+37	0.021172
2023-03-15 17:13:14	758625144.779	13.0	9.9e+37	0.029457
2023-03-15 17:13:14	760383769.924	13.0	9.9e+37	0.029172
2023-03-15 17:13:15	762144153.694	13.0	9.9e+37	0.018972
2023-03-15 17:13:15	763906297.848	13.0	9.9e+37	0.022515
2023-03-15 17:13:16	765670204.146	13.0	9.9e+37	0.025857
2023-03-15 17:13:17	767435874.35	13.0	9.9e+37	0.029285
2023-03-15 17:13:17	769203310.224	13.0	9.9e+37	0.027285
2023-03-15 17:13:18	770972513.534	13.0	9.9e+37	0.024257
2023-03-15 17:13:18	772743486.048	13.0	9.9e+37	0.024485
2023-03-15 17:13:19	774516229.534	13.0	9.9e+37	0.025257
2023-03-15 17:13:19	776290745.763	13.0	9.9e+37	0.025485
2023-03-15 17:13:20	778067036.509	13.0	9.9e+37	0.023343
2023-03-15 17:13:20	779845103.546	13.0	9.9e+37	0.021085
2023-03-15 17:13:21	781624948.649	13.0	9.9e+37	0.0292
2023-03-15 17:13:21	783406573.598	13.0	9.9e+37	0.028715
2023-03-15 17:13:22	785189980.171	13.0	9.9e+37	0.020143
2023-03-15 17:13:22	786975170.152	13.0	9.9e+37	0.018172
2023-03-15 17:13:23	788762145.322	13.0	9.9e+37	0.027828
2023-03-15 17:13:23	790550907.467	13.0	9.9e+37	0.017943
2023-03-15 17:13:24	792341458.375	13.0	9.9e+37	0.028485
2023-03-15 17:13:24	794133799.833	13.0	9.9e+37	0.023028
2023-03-15 17:13:25	795927933.633	13.0	9.9e+37	0.023115
2023-03-15 17:13:25	797723861.566	13.0	9.9e+37	0.0274
2023-03-15 17:13:26	799521585.428	13.0	9.9e+37	0.0254
2023-03-15 17:13:26	801321107.013	13.0	9.9e+37	0.024085
2023-03-15 17:13:27	803122428.12	13.0	9.9e+37	0.023915
2023-03-15 17:13:27	804925550.549	13.0	9.9e+37	0.0238
2023-03-15 17:13:28	806730476.099	13.0	9.9e+37	0.022685
2023-03-15 17:13:28	808537206.575	13.0	9.9e+37	0.022915
2023-03-15 17:13:29	810345743.782	13.0	9.9e+37	0.026143
2023-03-15 17:13:29	812156089.526	13.0	9.9e+37	0.025743
2023-03-15 17:13:30	813968245.615	13.0	9.9e+37	0.018715
2023-03-15 17:13:31	815782213.861	13.0	9.9e+37	0.019915
2023-03-15 17:13:31	817597996.075	13.0	9.9e+37	0.027457
2023-03-15 17:13:32	819415594.071	13.0	9.9e+37	0.028515
2023-03-15 17:13:32	821235009.665	13.0	9.9e+37	0.030143
2023-03-15 17:13:33	823056244.674	13.0	9.9e+37	0.030715
2023-03-15 17:13:33	824879300.919	13.0	9.9e+37	0.025543
2023-03-15 17:13:34	826704180.22	13.0	9.9e+37	0.027372
2023-03-15 17:13:34	828530884.4	13.0	9.9e+37	0.030885
2023-03-15 17:13:35	830359415.285	13.0	9.9e+37	0.028115
2023-03-15 17:13:35	832189774.7	13.0	9.9e+37	0.025685
2023-03-15 17:13:36	834021964.475	13.0	9.9e+37	0.027285
2023-03-15 17:13:36	835855986.439	13.0	9.9e+37	0.027315
2023-03-15 17:13:37	837691842.425	13.0	9.9e+37	0.0248
2023-03-15 17:13:37	839529534.268	13.0	9.9e+37	0.025657
2023-03-15 17:13:38	841369063.802	13.0	9.9e+37	0.0262
2023-03-15 17:13:38	843210432.866	13.0	9.9e+37	0.025228
2023-03-15 17:13:39	845053643.299	13.0	9.9e+37	0.026485
2023-03-15 17:13:39	846898696.942	13.0	9.9e+37	0.020085
2023-03-15 17:13:40	848745595.639	13.0	9.9e+37	0.019543
2023-03-15 17:13:40	850594341.235	13.0	9.9e+37	0.026257
2023-03-15 17:13:41	852444935.576	13.0	9.9e+37	0.026085
2023-03-15 17:13:41	854297380.512	13.0	9.9e+37	0.0204
2023-03-15 17:13:42	856151677.892	13.0	9.9e+37	0.029257
2023-03-15 17:13:42	858007829.57	13.0	9.9e+37	0.028657
2023-03-15 17:13:43	859865837.399	13.0	9.9e+37	0.0174
2023-03-15 17:13:43	861725703.237	13.0	9.9e+37	0.028372
2023-03-15 17:13:44	863587428.94	13.0	9.9e+37	0.019143
2023-03-15 17:13:44	865451016.369	13.0	9.9e+37	0.0174
2023-03-15 17:13:45	867316467.385	13.0	9.9e+37	0.026343
2023-03-15 17:13:46	869183783.853	13.0	9.9e+37	0.027172
2023-03-15 17:13:46	871052967.637	13.0	9.9e+37	0.028628
2023-03-15 17:13:47	872924020.604	13.0	9.9e+37	0.021715
2023-03-15 17:13:47	874796944.625	13.0	9.9e+37	0.025715
2023-03-15 17:13:48	876671741.57	13.0	9.9e+37	0.027857
2023-03-15 17:13:48	878548413.311	13.0	9.9e+37	0.027515
2023-03-15 17:13:49	880426961.724	13.0	9.9e+37	0.029572
2023-03-15 17:13:49	882307388.686	13.0	9.9e+37	0.025428
2023-03-15 17:13:50	884189696.075	13.0	9.9e+37	0.027972
2023-03-15 17:13:50	886073885.771	13.0	9.9e+37	0.028772
2023-03-15 17:13:51	887959959.657	13.0	9.9e+37	0.025772
2023-03-15 17:13:51	889847919.616	13.0	9.9e+37	0.026543
2023-03-15 17:13:52	891737767.536	13.0	9.9e+37	0.027515
2023-03-15 17:13:52	893629505.303	13.0	9.9e+37	0.026172
2023-03-15 17:13:53	895523134.809	13.0	9.9e+37	0.024885
2023-03-15 17:13:53	897418657.944	13.0	9.9e+37	0.0226
2023-03-15 17:13:54	899316076.602	13.0	9.9e+37	0.023772
2023-03-15 17:13:54	901215392.678	13.0	9.9e+37	0.028972
2023-03-15 17:13:55	903116608.071	13.0	9.9e+37	0.027743
2023-03-15 17:13:55	905019724.679	13.0	9.9e+37	0.020028
2023-03-15 17:13:56	906924744.404	13.0	9.9e+37	0.018915
2023-03-15 17:13:56	908831669.148	13.0	9.9e+37	0.028572
2023-03-15 17:13:57	910740500.817	13.0	9.9e+37	0.0256
2023-03-15 17:13:57	912651241.318	13.0	7.051329	0.2894
2023-03-15 17:13:58	914563892.559	13.0	7.052157	0.305428
2023-03-15 17:13:58	916478456.452	13.0	7.051886	0.311685
2023-03-15 17:13:59	918394934.908	13.0	7.052271	0.320085
2023-03-15 17:13:59	920313329.843	13.0	7.050257	0.323115
2023-03-15 17:14:00	922233643.173	13.0	7.050371	0.342685
2023-03-15 17:14:01	924155876.816	13.0	7.051028	0.365228
2023-03-15 17:14:01	926080032.693	13.0	7.051072	0.371572
2023-03-15 17:14:02	928006112.726	13.0	7.048557	0.391
2023-03-15 17:14:02	929934118.838	13.0	7.051943	0.422343
2023-03-15 17:14:03	931864052.957	13.0	7.056585	0.457743
2023-03-15 17:14:03	933795917.01	13.0	7.056857	0.493543
2023-03-15 17:14:04	935729712.927	13.0	7.054786	0.529457
2023-03-15 17:14:04	937665442.64	13.0	7.053129	0.576257
2023-03-15 17:14:05	939603108.083	13.0	7.051142	0.626285
2023-03-15 17:14:05	941542711.191	13.0	7.051543	0.674029
2023-03-15 17:14:06	943484253.902	13.0	7.052714	0.7276
2023-03-15 17:14:06	945427738.156	13.0	7.048771	0.775457
2023-03-15 17:14:07	947373165.894	13.0	7.0516	0.822885
2023-03-15 17:14:07	949320539.06	13.0	7.054071	0.874572
2023-03-15 17:14:08	951269859.599	13.0	7.054743	0.9196
2023-03-15 17:14:08	953221129.459	13.0	7.055114	0.960315
2023-03-15 17:14:09	955174350.588	13.0	7.055243	1.015715
2023-03-15 17:14:09	957129524.939	13.0	7.052629	1.075685
2023-03-15 17:14:10	959086654.464	13.0	7.056214	1.1372
2023-03-15 17:14:10	961045741.118	13.0	7.0566	1.182943
2023-03-15 17:14:11	963006786.859	13.0	7.059443	1.231772
2023-03-15 17:14:11	964969793.646	13.0	7.060486	1.274943
2023-03-15 17:14:12	966934763.44	13.0	7.061771	1.320457
2023-03-15 17:14:12	968901698.203	13.0	7.059928	1.357943
2023-03-15 17:14:13	970870599.901	13.0	7.057214	1.4002
2023-03-15 17:14:14	972841470.501	13.0	7.055829	1.431857
2023-03-15 17:14:14	974814311.972	13.0	7.054457	1.478087
2023-03-15 17:14:15	976789126.284	13.0	7.054342	1.523172
2023-03-15 17:14:15	978765915.41	13.0	7.055985	1.569915
2023-03-15 17:14:16	980744681.325	13.0	7.050843	1.597687
2023-03-15 17:14:16	982725426.007	13.0	7.050314	1.639143
2023-03-15 17:14:17	984708151.433	13.0	7.051214	1.695113
2023-03-15 17:14:17	986692859.584	13.0	7.049428	1.732972
2023-03-15 17:14:18	988679552.444	13.0	7.047871	1.751229
2023-03-15 17:14:18	990668231.996	13.0	7.049314	1.7766
2023-03-15 17:14:19	992658900.228	13.0	7.048314	1.803515
2023-03-15 17:14:19	994651559.128	13.0	7.048086	1.817313
2023-03-15 17:14:20	996646210.688	13.0	7.049128	1.8326
2023-03-15 17:14:20	998642856.898	13.0	7.046428	1.849257
2023-03-15 17:14:21	1000641499.755	13.0	7.046586	1.859857
2023-03-15 17:14:21	1002642141.255	13.0	7.0472	1.8874
2023-03-15 17:14:22	1004644783.396	13.0	7.045642	1.904343
2023-03-15 17:14:22	1006649428.18	13.0	7.046457	1.927513
2023-03-15 17:14:23	1008656077.608	13.0	7.045071	1.952171
2023-03-15 17:14:23	1010664733.685	13.0	7.043885	1.967972
2023-03-15 17:14:24	1012675398.419	13.0	7.045714	1.994029
2023-03-15 17:14:24	1014688073.817	13.0	7.043814	2.0026
2023-03-15 17:14:25	1016702761.891	13.0	7.045385	2.020657
2023-03-15 17:14:26	1018719464.653	13.0	7.041956	2.025571
2023-03-15 17:14:26	1020738184.118	13.0	7.0439	2.055372
2023-03-15 17:14:27	1022758922.302	13.0	7.040486	2.079257
2023-03-15 17:14:27	1024781681.224	13.0	7.042671	2.113857
2023-03-15 17:14:28	1026806462.905	13.0	7.038771	2.149287
2023-03-15 17:14:28	1028833269.368	13.0	7.042457	2.185857
2023-03-15 17:14:29	1030862102.638	13.0	7.039143	2.243085
2023-03-15 17:14:29	1032892964.74	13.0	7.039843	2.301629
2023-03-15 17:14:30	1034925857.705	13.0	7.035543	2.377257
2023-03-15 17:14:30	1036960783.563	13.0	7.040257	2.471972
2023-03-15 17:14:31	1038997744.346	13.0	7.0456	2.574229
2023-03-15 17:14:31	1041036742.091	13.0	7.050071	2.6614
2023-03-15 17:14:32	1043077778.833	13.0	7.052743	2.754915
2023-03-15 17:14:32	1045120856.612	13.0	7.055272	2.7948
2023-03-15 17:14:33	1047165977.468	13.0	7.057186	2.819515
2023-03-15 17:14:33	1049213143.446	13.0	7.063285	2.907829
2023-03-15 17:14:34	1051262356.589	13.0	7.063399	2.901143
2023-03-15 17:14:34	1053313618.946	13.0	7.0638	2.967657
2023-03-15 17:14:35	1055366932.565	13.0	7.064543	2.988485
2023-03-15 17:14:36	1057422299.497	13.0	7.069071	3.005285
2023-03-15 17:14:36	1059479721.797	13.0	7.066971	3.033515
2023-03-15 17:14:37	1061539201.519	13.0	7.067614	3.0616
2023-03-15 17:14:37	1063600740.72	13.0	7.068186	3.086143
2023-03-15 17:14:38	1065664341.461	13.0	7.071828	3.127343
2023-03-15 17:14:38	1067730005.802	13.0	7.077029	3.195685
2023-03-15 17:14:39	1069797735.808	13.0	7.0817	3.272285
2023-03-15 17:14:39	1071867533.544	13.0	7.081414	3.358829
2023-03-15 17:14:40	1073939401.077	13.0	7.087971	3.493259
2023-03-15 17:14:40	1076013340.479	13.0	7.093657	3.655629
2023-03-15 17:14:41	1078089353.819	13.0	7.099215	3.859743
2023-03-15 17:14:41	1080167443.173	13.0	7.112014	4.086429
2023-03-15 17:14:42	1082247610.616	13.0	7.117286	4.309972
2023-03-15 17:14:42	1084329858.227	13.0	7.127457	4.524085
2023-03-15 17:14:43	1086414188.085	13.0	7.131385	4.616943
2023-03-15 17:14:43	1088500602.273	13.0	7.112185	3.434087
2023-03-15 17:14:44	1090589102.875	13.0	7.109614	3.424343
2023-03-15 17:14:44	1092679691.978	13.0	7.109714	3.426972
2023-03-15 17:14:45	1094772371.67	13.0	7.111986	3.425172
2023-03-15 17:14:46	1096867144.042	13.0	7.1092	3.426343
2023-03-15 17:14:46	1098964011.186	13.0	7.112785	3.430229
2023-03-15 17:14:47	1101062975.197	13.0	7.109228	3.420743
2023-03-15 17:14:47	1103164038.172	13.0	7.110443	3.431115
2023-03-15 17:14:48	1105267202.21	13.0	7.110243	3.422629
2023-03-15 17:14:48	1107372469.413	13.0	7.109428	3.429115
2023-03-15 17:14:49	1109479841.882	13.0	7.112299	3.421429
2023-03-15 17:14:49	1111589321.724	13.0	7.109486	3.434343
2023-03-15 17:14:50	1113700911.046	13.0	7.110843	3.4236
2023-03-15 17:14:50	1115814611.957	13.0	7.109814	3.4304
2023-03-15 17:14:51	1117930426.569	13.0	7.113771	3.428829
2023-03-15 17:14:51	1120048356.995	13.0	7.108486	3.427685
2023-03-15 17:14:52	1122168405.352	13.0	7.111414	3.431543
2023-03-15 17:14:52	1124290573.757	13.0	7.110043	3.419287
2023-03-15 17:14:53	1126414864.331	13.0	7.110571	3.432885
2023-03-15 17:14:53	1128541279.196	13.0	7.110957	3.421657
2023-03-15 17:14:54	1130669820.475	13.0	7.110971	3.433972
2023-03-15 17:14:54	1132800490.295	13.0	7.110714	3.423687
2023-03-15 17:14:55	1134933290.786	13.0	7.112214	3.432143
2023-03-15 17:14:56	1137068224.076	13.0	7.112543	3.422513
2023-03-15 17:14:56	1139205292.3	13.0	7.110571	3.432543
2023-03-15 17:14:57	1141344497.593	13.0	7.113256	3.4338
2023-03-15 17:14:57	1143485842.09	13.0	7.111543	3.429029
2023-03-15 17:14:58	1145629327.932	13.0	7.114214	3.432229
2023-03-15 17:14:58	1147774957.26	13.0	7.073171	3.145143
2023-03-15 17:14:59	1149922732.218	13.0	7.063414	2.9254
2023-03-15 17:14:59	1152072654.95	13.0	7.0543	2.7536
2023-03-15 17:15:00	1154224727.605	13.0	7.043957	2.582972
2023-03-15 17:15:00	1156378952.332	13.0	7.0398	2.426115
2023-03-15 17:15:01	1158535331.285	13.0	7.038057	2.289029
2023-03-15 17:15:01	1160693866.616	13.0	7.040443	2.194371
2023-03-15 17:15:02	1162854560.483	13.0	7.041528	2.083513
2023-03-15 17:15:02	1165017415.043	13.0	7.044428	1.9848
2023-03-15 17:15:03	1167182432.458	13.0	7.046186	1.859315
2023-03-15 17:15:03	1169349614.891	13.0	7.049514	1.760115
2023-03-15 17:15:04	1171518964.505	13.0	7.050014	1.641715
2023-03-15 17:15:04	1173690483.47	13.0	7.050443	1.550943
2023-03-15 17:15:05	1175864173.953	13.0	7.055357	1.491971
2023-03-15 17:15:06	1178040038.127	13.0	7.0566	1.452372
2023-03-15 17:15:06	1180218078.165	13.0	7.055443	1.435
2023-03-15 17:15:07	1182398296.244	13.0	7.053986	1.436772
2023-03-15 17:15:07	1184580694.54	13.0	7.0535	1.453029
2023-03-15 17:15:08	1186765275.234	13.0	7.054771	1.496172
2023-03-15 17:15:08	1188952040.51	13.0	7.050943	1.636343
2023-03-15 17:15:09	1191140992.55	13.0	7.047214	1.791115
2023-03-15 17:15:09	1193332133.543	13.0	7.043285	1.995687
2023-03-15 17:15:10	1195525465.676	13.0	7.039329	2.251143
2023-03-15 17:15:10	1197720991.142	13.0	7.039414	2.461229
2023-03-15 17:15:11	1199918712.133	13.0	7.045785	2.622487
2023-03-15 17:15:11	1202118630.845	13.0	7.053857	2.721572
2023-03-15 17:15:12	1204320749.476	13.0	7.0568	2.752913
2023-03-15 17:15:12	1206525070.226	13.0	7.0552	2.772713
2023-03-15 17:15:13	1208731595.296	13.0	7.054371	2.785115
2023-03-15 17:15:13	1210940326.891	13.0	7.057786	2.8206
2023-03-15 17:15:14	1213151267.218	13.0	7.061157	2.828087
2023-03-15 17:15:14	1215364418.485	13.0	7.055814	2.794715
2023-03-15 17:15:15	1217579782.904	13.0	7.052557	2.746429
2023-03-15 17:15:15	1219797362.687	13.0	7.050514	2.696372
2023-03-15 17:15:16	1222017160.049	13.0	7.049114	2.665571
2023-03-15 17:15:17	1224239177.209	13.0	7.046428	2.607885
2023-03-15 17:15:17	1226463416.386	13.0	7.0421	2.514913
2023-03-15 17:15:18	1228689879.803	13.0	7.037214	2.416429
2023-03-15 17:15:18	1230918569.683	13.0	7.038443	2.347657
2023-03-15 17:15:19	1233149488.252	13.0	7.036214	2.300829
2023-03-15 17:15:19	1235382637.741	13.0	7.036942	2.251972
2023-03-15 17:15:20	1237618020.378	13.0	7.038443	2.2156
2023-03-15 17:15:20	1239855638.399	13.0	7.039457	2.216085
2023-03-15 17:15:21	1242095494.037	13.0	7.038958	2.233685
2023-03-15 17:15:21	1244337589.531	13.0	7.037914	2.211543
2023-03-15 17:15:22	1246581927.121	13.0	7.039785	2.177029
2023-03-15 17:15:22	1248828509.048	13.0	7.038914	2.160087
2023-03-15 17:15:23	1251077337.557	13.0	7.040857	2.167115
2023-03-15 17:15:23	1253328414.894	13.0	7.039915	2.154713
2023-03-15 17:15:24	1255581743.309	13.0	7.038486	2.147743
2023-03-15 17:15:24	1257837325.053	13.0	7.041929	2.167743
2023-03-15 17:15:25	1260095162.378	13.0	7.038614	2.208143
2023-03-15 17:15:25	1262355257.54	13.0	7.0401	2.254313
2023-03-15 17:15:26	1264617612.798	13.0	7.036142	2.290057
2023-03-15 17:15:26	1266882230.41	13.0	7.037585	2.321657
2023-03-15 17:15:27	1269149112.641	13.0	7.036528	2.352829
2023-03-15 17:15:28	1271418261.753	13.0	7.0397	2.398887
2023-03-15 17:15:28	1273689680.015	13.0	7.039271	2.446287
2023-03-15 17:15:29	1275963369.695	13.0	7.040085	2.497943
2023-03-15 17:15:29	1278239333.065	13.0	7.043443	2.627687
2023-03-15 17:15:30	1280517572.398	13.0	7.056014	2.845857
2023-03-15 17:15:30	1282798089.97	13.0	7.071771	3.129229
2023-03-15 17:15:31	1285080888.06	13.0	7.083771	3.440115
2023-03-15 17:15:31	1287365968.948	13.0	7.095129	3.685943
2023-03-15 17:15:32	1289653334.917	13.0	7.114414	4.2232
2023-03-15 17:15:32	1291942988.252	13.0	7.112471	3.434313
2023-03-15 17:15:33	1294234931.241	13.0	7.114314	3.435
2023-03-15 17:15:33	1296529166.172	13.0	7.113	3.428087
2023-03-15 17:15:34	1298825695.338	13.0	7.114971	3.4356
2023-03-15 17:15:34	1301124521.033	13.0	7.112757	3.424772
2023-03-15 17:15:35	1303425645.554	13.0	7.113243	3.434629
2023-03-15 17:15:35	1305729071.2	13.0	7.113343	3.425259
2023-03-15 17:15:36	1308034800.271	13.0	7.113543	3.435685
2023-03-15 17:15:37	1310342835.071	13.0	7.114057	3.423543
2023-03-15 17:15:37	1312653177.906	13.0	7.110886	3.433343
2023-03-15 17:15:38	1314965831.084	13.0	7.113414	3.431913
2023-03-15 17:15:38	1317280796.915	13.0	7.1096	3.425629
2023-03-15 17:15:39	1319598077.712	13.0	7.112257	3.432943
2023-03-15 17:15:39	1321917675.79	13.0	7.110114	3.427572
2023-03-15 17:15:40	1324239593.466	13.0	7.113043	3.428885
2023-03-15 17:15:40	1326563833.059	13.0	7.111014	3.421143
2023-03-15 17:15:41	1328890396.892	13.0	7.109772	3.430972
2023-03-15 17:15:41	1331219287.289	13.0	7.112114	3.419943
2023-03-15 17:15:42	1333550506.577	13.0	7.109614	3.428228
2023-03-15 17:15:42	1335884057.083	13.0	7.111528	3.423543
2023-03-15 17:15:43	1338219941.14	13.0	7.110471	3.429343
2023-03-15 17:15:43	1340558161.081	13.0	7.112986	3.4258
2023-03-15 17:15:44	1342898719.242	13.0	7.109529	3.427257
2023-03-15 17:15:44	1345241617.962	13.0	7.1124	3.429943
2023-03-15 17:15:45	1347586859.58	13.0	7.108814	3.428771
2023-03-15 17:15:45	1349934446.439	13.0	7.110843	3.431372
2023-03-15 17:15:46	1352284380.886	13.0	7.110785	3.426657
2023-03-15 17:15:47	1354636665.267	13.0	7.1116	3.430085
2023-03-15 17:15:47	1356991301.932	13.0	7.1112	3.419
2023-03-15 17:15:48	1359348293.234	13.0	7.113957	3.431515
2023-03-15 17:15:48	1361707641.527	13.0	7.111072	3.422629
2023-03-15 17:15:49	1364069349.168	13.0	7.1129	3.430743
2023-03-15 17:15:49	1366433418.518	13.0	7.111614	3.424315
2023-03-15 17:15:50	1368799851.936	13.0	7.111086	3.433429
2023-03-15 17:15:50	1371168651.788	13.0	7.111471	3.421315
2023-03-15 17:15:51	1373539820.44	13.0	7.110228	3.434515
2023-03-15 17:15:51	1375913360.26	13.0	7.112772	3.430657
2023-03-15 17:15:52	1378289273.621	13.0	7.110686	3.433715
2023-03-15 17:15:52	1380667562.894	13.0	7.111228	3.431372
2023-03-15 17:15:53	1383048230.457	13.0	7.110328	3.430485
2023-03-15 17:15:53	1385431278.688	13.0	7.111528	3.432513
2023-03-15 17:15:54	1387816709.966	13.0	7.1101	3.429
2023-03-15 17:15:54	1390204526.676	13.0	7.110528	3.431029
2023-03-15 17:15:55	1392594731.203	13.0	7.110029	3.427429
2023-03-15 17:15:55	1394987325.934	13.0	7.112485	3.433972
2023-03-15 17:15:56	1397382313.26	13.0	7.110257	3.4202
2023-03-15 17:15:57	1399779695.573	13.0	7.1094	3.4336
2023-03-15 17:15:57	1402179475.269	13.0	7.111143	3.430287
2023-03-15 17:15:58	1404581654.744	13.0	7.109343	3.430085
2023-03-15 17:15:58	1406986236.399	13.0	7.111314	3.425657
2023-03-15 17:15:59	1409393222.635	13.0	7.111171	3.433915
2023-03-15 17:15:59	1411802615.858	13.0	7.1124	3.424829
2023-03-15 17:16:00	1414214418.474	13.0	7.110971	3.433143
2023-03-15 17:16:00	1416628632.892	13.0	7.112371	3.423343
2023-03-15 17:16:01	1419045261.525	13.0	7.077085	3.317285
2023-03-15 17:16:01	1421464306.787	13.0	7.076571	3.1802
2023-03-15 17:16:02	1423885771.093	13.0	7.072085	3.0348
2023-03-15 17:16:02	1426309656.865	13.0	7.060286	2.853429
2023-03-15 17:16:03	1428735966.521	13.0	7.049685	2.676887
2023-03-15 17:16:03	1431164702.488	13.0	7.0405	2.5128
2023-03-15 17:16:04	1433595867.19	13.0	7.040371	2.354143
2023-03-15 17:16:04	1436029463.058	13.0	7.043229	2.209343
2023-03-15 17:16:05	1438465492.521	13.0	7.041728	2.093972
2023-03-15 17:16:05	1440903958.013	13.0	7.045271	2.028087
2023-03-15 17:16:06	1443344861.971	13.0	7.044343	2.004713
2023-03-15 17:16:06	1445788206.833	13.0	7.046128	1.9738
2023-03-15 17:16:07	1448233995.04	13.0	7.045385	1.954287
2023-03-15 17:16:08	1450682229.035	13.0	7.0452	1.912629
2023-03-15 17:16:08	1453132911.264	13.0	7.047686	1.914513
2023-03-15 17:16:09	1455586044.175	13.0	7.046628	1.907743
2023-03-15 17:16:09	1458041630.219	13.0	7.048086	1.878771
2023-03-15 17:16:10	1460499671.85	13.0	7.0456	1.837029
2023-03-15 17:16:10	1462960171.522	13.0	7.049814	1.795172
2023-03-15 17:16:11	1465423131.693	13.0	7.050786	1.770657
2023-03-15 17:16:11	1467888554.825	13.0	7.046943	1.737057
2023-03-15 17:16:12	1470356443.38	13.0	7.051329	1.716772
2023-03-15 17:16:12	1472826799.823	13.0	7.0518	1.720143
2023-03-15 17:16:13	1475299626.623	13.0	7.047885	1.720143
2023-03-15 17:16:13	1477774926.249	13.0	7.049357	1.704172
2023-03-15 17:16:14	1480252701.176	13.0	7.049543	1.712115
2023-03-15 17:16:14	1482732953.877	13.0	7.047843	1.739343
2023-03-15 17:16:15	1485215686.831	13.0	7.0471	1.7792
2023-03-15 17:16:15	1487700902.518	13.0	7.049	1.846143
2023-03-15 17:16:16	1490188603.42	13.0	7.044371	1.912743
2023-03-15 17:16:16	1492678792.023	13.0	7.047243	1.964172
2023-03-15 17:16:17	1495171470.816	13.0	7.047628	2.009971
2023-03-15 17:16:17	1497666642.286	13.0	7.044043	2.039487
2023-03-15 17:16:18	1500164308.929	13.0	7.045443	2.064513
2023-03-15 17:16:19	1502664473.238	13.0	7.042	2.079343
2023-03-15 17:16:19	1505167137.711	13.0	7.044357	2.110487
2023-03-15 17:16:20	1507672304.848	13.0	7.041243	2.119
2023-03-15 17:16:20	1510179977.153	13.0	7.045143	2.105857
2023-03-15 17:16:21	1512690157.13	13.0	7.043486	2.093515
2023-03-15 17:16:21	1515202847.288	13.0	7.044842	2.0662
2023-03-15 17:16:22	1517718050.135	13.0	7.042043	2.031229
2023-03-15 17:16:22	1520235768.185	13.0	7.045814	2.018115
2023-03-15 17:16:23	1522756003.953	13.0	7.042843	1.9798
2023-03-15 17:16:23	1525278759.957	13.0	7.046285	1.966057
2023-03-15 17:16:24	1527804038.717	13.0	7.048043	1.874629
2023-03-15 17:16:24	1530331842.756	13.0	7.047557	1.851943
2023-03-15 17:16:25	1532862174.599	13.0	7.0482	1.928972
2023-03-15 17:16:25	1535395036.773	13.0	7.045414	1.954685
2023-03-15 17:16:26	1537930431.81	13.0	7.049014	1.8786
2023-03-15 17:16:26	1540468362.242	13.0	7.048414	1.968371
2023-03-15 17:16:27	1543008830.604	13.0	7.043486	2.079257
2023-03-15 17:16:27	1545551839.435	13.0	7.043128	2.216743
2023-03-15 17:16:28	1548097391.274	13.0	7.039743	2.375915
2023-03-15 17:16:29	1550645488.665	13.0	7.047243	2.551687
2023-03-15 17:16:29	1553196134.154	13.0	7.0609	2.7702
2023-03-15 17:16:30	1555749330.288	13.0	7.064743	2.923172
2023-03-15 17:16:30	1558305079.618	13.0	7.068243	3.013143
2023-03-15 17:16:31	1560863384.698	13.0	7.072628	3.075743
2023-03-15 17:16:31	1563424248.083	13.0	7.074728	3.080315
2023-03-15 17:16:32	1565987672.331	13.0	7.073071	3.031829
2023-03-15 17:16:32	1568553660.003	13.0	7.063586	2.868943
2023-03-15 17:16:33	1571122213.663	13.0	7.060042	2.8214
2023-03-15 17:16:33	1573693335.877	13.0	7.057228	2.742343
2023-03-15 17:16:34	1576267029.213	13.0	7.052772	2.6718
2023-03-15 17:16:34	1578843296.242	13.0	7.054171	2.687029
2023-03-15 17:16:35	1581422139.538	13.0	7.046928	2.549257
2023-03-15 17:16:35	1584003561.678	13.0	7.043499	2.490913
2023-03-15 17:16:36	1586587565.239	13.0	7.042757	2.436829
2023-03-15 17:16:36	1589174152.805	13.0	7.039857	2.3928
2023-03-15 17:16:37	1591763326.957	13.0	7.039785	2.3414
2023-03-15 17:16:37	1594355090.284	13.0	7.040657	2.245115
2023-03-15 17:16:38	1596949445.375	13.0	7.0433	2.203515
2023-03-15 17:16:39	1599546394.82	13.0	7.041042	2.159771
2023-03-15 17:16:39	1602145941.215	13.0	7.041343	2.144687
2023-03-15 17:16:40	1604748087.156	13.0	7.043371	2.147429
2023-03-15 17:16:40	1607352835.243	13.0	7.042614	2.164743
2023-03-15 17:16:41	1609960188.078	13.0	7.0416	2.199629
2023-03-15 17:16:41	1612570148.267	13.0	7.040571	2.241285
2023-03-15 17:16:42	1615182718.415	13.0	7.042414	2.291943
2023-03-15 17:16:42	1617797901.133	13.0	7.037629	2.342029
2023-03-15 17:16:43	1620415699.034	13.0	7.041228	2.416085
2023-03-15 17:16:43	1623036114.733	13.0	7.041142	2.439687
2023-03-15 17:16:44	1625659150.848	13.0	7.040743	2.522543
2023-03-15 17:16:44	1628284809.999	13.0	7.044942	2.566315
2023-03-15 17:16:45	1630913094.809	13.0	7.0474	2.592115
2023-03-15 17:16:45	1633544007.904	13.0	7.046686	2.601829
2023-03-15 17:16:46	1636177551.912	13.0	7.043928	2.566372
2023-03-15 17:16:46	1638813729.464	13.0	7.041986	2.546028
2023-03-15 17:16:47	1641452543.193	13.0	7.040885	2.515285
2023-03-15 17:16:47	1644093995.736	13.0	7.041371	2.495515
2023-03-15 17:16:48	1646738089.732	13.0	7.043357	2.519315
2023-03-15 17:16:48	1649384827.822	13.0	7.041485	2.562029
2023-03-15 17:16:49	1652034212.65	13.0	7.045085	2.603857
2023-03-15 17:16:50	1654686246.862	13.0	7.047257	2.635229
2023-03-15 17:16:50	1657340933.109	13.0	7.051371	2.665229
2023-03-15 17:16:51	1659998274.042	13.0	7.050514	2.692572
2023-03-15 17:16:51	1662658272.316	13.0	7.051	2.734971
2023-03-15 17:16:52	1665320930.589	13.0	7.054728	2.793229
2023-03-15 17:16:52	1667986251.519	13.0	7.060771	2.858229
2023-03-15 17:16:53	1670654237.771	13.0	7.063928	2.911487
2023-03-15 17:16:53	1673324892.008	13.0	7.065286	2.940515
2023-03-15 17:16:54	1675998216.9	13.0	7.065228	2.954715
2023-03-15 17:16:54	1678674215.117	13.0	7.061171	2.929
2023-03-15 17:16:55	1681352889.332	13.0	7.060328	2.869315
2023-03-15 17:16:55	1684034242.222	13.0	7.0573	2.765315
2023-03-15 17:16:56	1686718276.464	13.0	7.0504	2.6612
2023-03-15 17:16:56	1689404994.74	13.0	7.044043	2.560171
2023-03-15 17:16:57	1692094399.735	13.0	7.042457	2.472171
2023-03-15 17:16:57	1694786494.135	13.0	7.041214	2.396257
2023-03-15 17:16:58	1697481280.629	13.0	7.038385	2.333
2023-03-15 17:16:58	1700178761.91	13.0	7.040814	2.287657
2023-03-15 17:16:59	1702878940.672	13.0	7.038257	2.286343
2023-03-15 17:16:59	1705581819.612	13.0	7.0405	2.2958
2023-03-15 17:17:00	1708287401.432	13.0	7.036685	2.335915
2023-03-15 17:17:01	1710995688.833	13.0	7.041114	2.373972
2023-03-15 17:17:01	1713706684.522	13.0	7.039143	2.397487
2023-03-15 17:17:02	1716420391.207	13.0	7.0399	2.418515
2023-03-15 17:17:02	1719136811.598	13.0	7.040443	2.437257
2023-03-15 17:17:03	1721855948.409	13.0	7.043028	2.466943
2023-03-15 17:17:03	1724577804.358	13.0	7.040972	2.481743
2023-03-15 17:17:04	1727302382.162	13.0	7.041086	2.502143
2023-03-15 17:17:04	1730029684.544	13.0	7.042585	2.516143
2023-03-15 17:17:05	1732759714.229	13.0	7.042272	2.527857
2023-03-15 17:17:05	1735492473.943	13.0	7.043457	2.535029
2023-03-15 17:17:06	1738227966.417	13.0	7.042614	2.580915
2023-03-15 17:17:06	1740966194.384	13.0	7.044514	2.605829
2023-03-15 17:17:07	1743707160.578	13.0	7.052286	2.695971
2023-03-15 17:17:07	1746450867.739	13.0	7.0555	2.788429
2023-03-15 17:17:08	1749197318.606	13.0	7.060972	2.888972
2023-03-15 17:17:08	1751946515.925	13.0	7.064456	2.977915
2023-03-15 17:17:09	1754698462.441	13.0	7.068	3.032343
2023-03-15 17:17:10	1757453160.903	13.0	7.071271	3.089543
2023-03-15 17:17:10	1760210614.064	13.0	7.067757	3.094029
2023-03-15 17:17:11	1762970824.678	13.0	7.067029	3.071457
2023-03-15 17:17:11	1765733795.503	13.0	7.065829	3.049771
2023-03-15 17:17:12	1768499529.298	13.0	7.066986	3.036657
2023-03-15 17:17:12	1771268028.828	13.0	7.067185	3.018257
2023-03-15 17:17:13	1774039296.856	13.0	7.067	2.9808
2023-03-15 17:17:13	1776813336.153	13.0	7.062157	2.912829
2023-03-15 17:17:14	1779590149.49	13.0	7.0548	2.773172
2023-03-15 17:17:14	1782369739.639	13.0	7.050257	2.702857
2023-03-15 17:17:15	1785152109.379	13.0	7.049714	2.6376
2023-03-15 17:17:15	1787937261.488	13.0	7.0448	2.550715
2023-03-15 17:17:16	1790725198.75	13.0	7.040114	2.527057
2023-03-15 17:17:16	1793515923.948	13.0	7.038729	2.407657
2023-03-15 17:17:17	1796309439.872	13.0	7.040528	2.294572
2023-03-15 17:17:17	1799105749.312	13.0	7.039785	2.1508
2023-03-15 17:17:18	1801904855.061	13.0	7.042285	2.0414
2023-03-15 17:17:18	1804706759.916	13.0	7.043686	1.940743
2023-03-15 17:17:19	1807511466.676	13.0	7.048157	1.845428
2023-03-15 17:17:20	1810318978.143	13.0	7.049057	1.796113
2023-03-15 17:17:20	1813129297.121	13.0	7.0472	1.761257
2023-03-15 17:17:21	1815942426.418	13.0	7.050814	1.722572
2023-03-15 17:17:21	1818758368.845	13.0	7.0487	1.7282
2023-03-15 17:17:22	1821577127.214	13.0	7.048229	1.719857
2023-03-15 17:17:22	1824398704.341	13.0	7.049829	1.717
2023-03-15 17:17:23	1827223103.045	13.0	7.047514	1.700715
2023-03-15 17:17:23	1830050326.148	13.0	7.048399	1.6656
2023-03-15 17:17:24	1832880376.474	13.0	7.052014	1.639743
2023-03-15 17:17:24	1835713256.851	13.0	7.050829	1.598885
2023-03-15 17:17:25	1838548970.108	13.0	7.052457	1.558029
2023-03-15 17:17:25	1841387519.078	13.0	7.054486	1.533771
2023-03-15 17:17:26	1844228906.597	13.0	7.0539	1.514029
2023-03-15 17:17:26	1847073135.503	13.0	7.051171	1.501657
2023-03-15 17:17:27	1849920208.639	13.0	7.049585	1.493943
2023-03-15 17:17:27	1852770128.848	13.0	7.052286	1.500543
2023-03-15 17:17:28	1855622898.976	13.0	7.053114	1.509715
2023-03-15 17:17:28	1858478521.875	13.0	7.050642	1.524287
2023-03-15 17:17:29	1861337000.397	13.0	7.050443	1.544715
2023-03-15 17:17:29	1864198337.398	13.0	7.051186	1.591315
2023-03-15 17:17:30	1867062535.735	13.0	7.049672	1.630229
2023-03-15 17:17:31	1869929598.271	13.0	7.047143	1.6684
2023-03-15 17:17:31	1872799527.869	13.0	7.050357	1.708629
2023-03-15 17:17:32	1875672327.397	13.0	7.049143	1.759171
2023-03-15 17:17:32	1878547999.724	13.0	7.045871	1.795829
2023-03-15 17:17:33	1881426547.724	13.0	7.048157	1.823887
2023-03-15 17:17:33	1884307974.272	13.0	7.046757	1.860285
2023-03-15 17:17:34	1887192282.246	13.0	7.044257	1.880713
2023-03-15 17:17:34	1890079474.528	13.0	7.046028	1.917485
2023-03-15 17:17:35	1892969554.003	13.0	7.044271	1.935743
2023-03-15 17:17:35	1895862523.557	13.0	7.044657	1.942057
2023-03-15 17:17:36	1898758386.08	13.0	7.0454	1.951657
2023-03-15 17:17:36	1901657144.466	13.0	7.042657	1.940829
2023-03-15 17:17:37	1904558801.611	13.0	7.045557	1.936713
2023-03-15 17:17:37	1907463360.413	13.0	7.043043	1.9142
2023-03-15 17:17:38	1910370823.773	13.0	7.045671	1.884772
2023-03-15 17:17:38	1913281194.597	13.0	7.049386	1.8644
2023-03-15 17:17:39	1916194475.791	13.0	7.045886	1.8228
2023-03-15 17:17:39	1919110670.267	13.0	7.049414	1.795287
2023-03-15 17:17:40	1922029780.937	13.0	7.0475	1.7616
2023-03-15 17:17:41	1924951810.718	13.0	7.047971	1.720772
2023-03-15 17:17:41	1927876762.529	13.0	7.051771	1.684543
2023-03-15 17:17:42	1930804639.292	13.0	7.052543	1.648487
2023-03-15 17:17:42	1933735443.931	13.0	7.051628	1.607743
2023-03-15 17:17:43	1936669179.375	13.0	7.050571	1.566313
2023-03-15 17:17:43	1939605848.554	13.0	7.052928	1.540285
2023-03-15 17:17:44	1942545454.403	13.0	7.052428	1.506285
2023-03-15 17:17:44	1945487999.857	13.0	7.052257	1.486485
2023-03-15 17:17:45	1948433487.857	13.0	7.051671	1.472857
2023-03-15 17:17:45	1951381921.345	13.0	7.054371	1.484457
2023-03-15 17:17:46	1954333303.266	13.0	7.054043	1.498685
2023-03-15 17:17:46	1957287636.569	13.0	7.052357	1.505743
2023-03-15 17:17:47	1960244924.206	13.0	7.052414	1.502687
2023-03-15 17:17:47	1963205169.13	13.0	7.051428	1.503
2023-03-15 17:17:48	1966168374.299	13.0	7.053928	1.504
2023-03-15 17:17:48	1969134542.674	13.0	7.053829	1.511543
2023-03-15 17:17:49	1972103677.216	13.0	7.054257	1.510885
2023-03-15 17:17:49	1975075780.894	13.0	7.051242	1.5048
2023-03-15 17:17:50	1978050856.674	13.0	7.052371	1.510371
2023-03-15 17:17:51	1981028907.531	13.0	7.053371	1.527857
2023-03-15 17:17:51	1984009936.439	13.0	7.052257	1.543657
2023-03-15 17:17:52	1986993946.375	13.0	7.049714	1.557287
2023-03-15 17:17:52	1989980940.321	13.0	7.0514	1.558485
2023-03-15 17:17:53	1992970921.262	13.0	7.051285	1.555487
2023-03-15 17:17:53	1995963892.183	13.0	7.053443	1.561372
2023-03-15 17:17:54	1998959856.075	13.0	7.0511	1.5554
2023-03-15 17:17:54	2001958815.931	13.0	7.053043	1.547029
2023-03-15 17:17:55	2004960774.747	13.0	7.0548	1.545428
2023-03-15 17:17:55	2007965735.522	13.0	7.054371	1.542857
2023-03-15 17:17:56	2010973701.257	13.0	7.051329	1.534971
2023-03-15 17:17:56	2013984674.959	13.0	7.052814	1.520287
2023-03-15 17:17:57	2016998659.634	13.0	7.055871	1.513487
2023-03-15 17:17:57	2020015658.293	13.0	7.056371	1.495943
2023-03-15 17:17:58	2023035673.952	13.0	7.054828	1.491971
2023-03-15 17:17:58	2026058709.626	13.0	7.0539	1.475085
2023-03-15 17:17:59	2029084768.335	13.0	7.054386	1.451143
2023-03-15 17:17:59	2032113853.104	13.0	7.056786	1.438485
2023-03-15 17:18:00	2035145966.957	13.0	7.056285	1.425571
2023-03-15 17:18:01	2038181112.924	13.0	7.059942	1.413143
2023-03-15 17:18:01	2041219294.037	13.0	7.058528	1.397
2023-03-15 17:18:02	2044260513.331	13.0	7.0537	1.376743
2023-03-15 17:18:02	2047304773.844	13.0	7.0551	1.358143
2023-03-15 17:18:03	2050352078.618	13.0	7.056057	1.339172
2023-03-15 17:18:03	2053402430.696	13.0	7.0578	1.311885
2023-03-15 17:18:04	2056455833.127	13.0	7.056886	1.285257
2023-03-15 17:18:04	2059512288.96	13.0	7.059557	1.2674
2023-03-15 17:18:05	2062571801.249	13.0	7.059828	1.255913
2023-03-15 17:18:05	2065634373.05	13.0	7.059928	1.250429
2023-03-15 17:18:06	2068700007.423	13.0	7.058357	1.248057
2023-03-15 17:18:06	2071768707.431	13.0	7.057228	1.248429
2023-03-15 17:18:07	2074840476.138	13.0	7.056414	1.248943
2023-03-15 17:18:07	2077915316.614	13.0	7.057714	1.248743
2023-03-15 17:18:08	2080993231.931	13.0	7.057914	1.246971
2023-03-15 17:18:08	2084074225.163	13.0	7.060614	1.247372
2023-03-15 17:18:09	2087158299.388	13.0	7.060042	1.252657
2023-03-15 17:18:09	2090245457.688	13.0	7.0609	1.254172
2023-03-15 17:18:10	2093335703.145	13.0	7.0574	1.246772
2023-03-15 17:18:11	2096429038.848	13.0	7.055743	1.234057
2023-03-15 17:18:11	2099525467.887	13.0	7.055728	1.223572
2023-03-15 17:18:12	2102624993.355	13.0	7.056471	1.213257
2023-03-15 17:18:12	2105727618.348	13.0	7.056657	1.207229
2023-03-15 17:18:13	2108833345.967	13.0	7.0568	1.211287
2023-03-15 17:18:13	2111942179.313	13.0	7.058271	1.203572
2023-03-15 17:18:14	2115054121.492	13.0	7.057214	1.183257
2023-03-15 17:18:14	2118169175.614	13.0	7.056842	1.175143
2023-03-15 17:18:15	2121287344.789	13.0	7.055529	1.161515
2023-03-15 17:18:15	2124408632.134	13.0	7.056129	1.147029
2023-03-15 17:18:16	2127533040.766	13.0	7.058186	1.147487
2023-03-15 17:18:16	2130660573.807	13.0	7.057886	1.145257
2023-03-15 17:18:17	2133791234.381	13.0	7.0576	1.138713
2023-03-15 17:18:17	2136925025.615	13.0	7.053385	1.133715
2023-03-15 17:18:18	2140061950.641	13.0	7.054243	1.132429
2023-03-15 17:18:18	2143202012.591	13.0	7.0575	1.125629
2023-03-15 17:18:19	2146345214.604	13.0	7.057943	1.134429
2023-03-15 17:18:19	2149491559.818	13.0	7.056628	1.136943
2023-03-15 17:18:20	2152641051.378	13.0	7.058372	1.140057
2023-03-15 17:18:21	2155793692.43	13.0	7.055357	1.138371
2023-03-15 17:18:21	2158949486.122	13.0	7.0546	1.134029
2023-03-15 17:18:22	2162108435.608	13.0	7.055714	1.128943
2023-03-15 17:18:22	2165270544.044	13.0	7.054771	1.124943
2023-03-15 17:18:23	2168435814.588	13.0	7.0537	1.1198
2023-03-15 17:18:23	2171604250.402	13.0	7.056743	1.1168
2023-03-15 17:18:24	2174775854.653	13.0	7.057471	1.124113
2023-03-15 17:18:24	2177950630.508	13.0	7.058871	1.124771
2023-03-15 17:18:25	2181128581.138	13.0	7.059371	1.122343
2023-03-15 17:18:25	2184309709.719	13.0	7.0575	1.117943
2023-03-15 17:18:26	2187494019.429	13.0	7.053943	1.1138
2023-03-15 17:18:26	2190681513.448	13.0	7.055371	1.110629
2023-03-15 17:18:27	2193872194.962	13.0	7.056828	1.100772
2023-03-15 17:18:27	2197066067.157	13.0	7.054814	1.093171
2023-03-15 17:18:28	2200263133.224	13.0	7.056942	1.087543
2023-03-15 17:18:28	2203463396.357	13.0	7.057328	1.084887
2023-03-15 17:18:29	2206666859.753	13.0	7.056842	1.078543
2023-03-15 17:18:29	2209873526.613	13.0	7.054857	1.069572
2023-03-15 17:18:30	2213083400.14	13.0	7.056428	1.066
2023-03-15 17:18:30	2216296483.54	13.0	7.054842	1.055772
2023-03-15 17:18:31	2219512780.024	13.0	7.055857	1.053543
2023-03-15 17:18:32	2222732292.804	13.0	7.057057	1.0588
2023-03-15 17:18:32	2225955025.096	13.0	7.055085	1.055485
2023-03-15 17:18:33	2229180980.121	13.0	7.056871	1.055429
2023-03-15 17:18:33	2232410161.102	13.0	7.055943	1.052343
2023-03-15 17:18:34	2235642571.263	13.0	7.057386	1.050229
2023-03-15 17:18:34	2238878213.834	13.0	7.054486	1.044687
2023-03-15 17:18:35	2242117092.048	13.0	7.057257	1.045629
2023-03-15 17:18:35	2245359209.14	13.0	7.056871	1.051829
2023-03-15 17:18:36	2248604568.349	13.0	7.055543	1.054657
2023-03-15 17:18:36	2251853172.917	13.0	7.055643	1.055085
2023-03-15 17:18:37	2255105026.09	13.0	7.056657	1.056857
2023-03-15 17:18:37	2258360131.116	13.0	7.053572	1.055543
2023-03-15 17:18:38	2261618491.247	13.0	7.053385	1.055085
2023-03-15 17:18:38	2264880109.739	13.0	7.055829	1.0558
2023-03-15 17:18:39	2268144989.848	13.0	7.0538	1.049057
2023-03-15 17:18:39	2271413134.838	13.0	7.053343	1.048715
2023-03-15 17:18:40	2274684547.973	13.0	7.0557	1.054913
2023-03-15 17:18:40	2277959232.521	13.0	7.054699	1.0574
2023-03-15 17:18:41	2281237191.754	13.0	7.055157	1.059087
2023-03-15 17:18:42	2284518428.945	13.0	7.053472	1.055085
2023-03-15 17:18:42	2287802947.374	13.0	7.054928	1.0588
2023-03-15 17:18:43	2291090750.322	13.0	7.054828	1.050029
2023-03-15 17:18:43	2294381841.072	13.0	7.054871	1.049971
2023-03-15 17:18:44	2297676222.913	13.0	7.057271	1.057143
2023-03-15 17:18:44	2300973899.136	13.0	7.056543	1.059087
2023-03-15 17:18:45	2304274873.035	13.0	7.057014	1.059
2023-03-15 17:18:45	2307579147.908	13.0	7.053871	1.057171
2023-03-15 17:18:46	2310886727.056	13.0	7.053371	1.050829
2023-03-15 17:18:46	2314197613.783	13.0	7.055328	1.053887
2023-03-15 17:18:47	2317511811.397	13.0	7.055514	1.046657
2023-03-15 17:18:47	2320829323.208	13.0	7.057515	1.049087
2023-03-15 17:18:48	2324150152.531	13.0	7.056057	1.055915
2023-03-15 17:18:48	2327474302.684	13.0	7.055643	1.056257
2023-03-15 17:18:49	2330801776.987	13.0	7.054699	1.0528
2023-03-15 17:18:49	2334132578.764	13.0	7.056514	1.0498
2023-03-15 17:18:50	2337466711.342	13.0	7.056728	1.044771
2023-03-15 17:18:50	2340804178.054	13.0	7.056986	1.052029
2023-03-15 17:18:51	2344144982.232	13.0	7.057328	1.0544
2023-03-15 17:18:51	2347489127.214	13.0	7.052772	1.050629
2023-03-15 17:18:52	2350836616.341	13.0	7.055257	1.048285
2023-03-15 17:18:53	2354187452.958	13.0	7.054557	1.045457
2023-03-15 17:18:53	2357541640.411	13.0	7.0561	1.052715
2023-03-15 17:18:54	2360899182.051	13.0	7.056386	1.054143
2023-03-15 17:18:54	2364260081.233	13.0	7.053129	1.048315
2023-03-15 17:18:55	2367624341.314	13.0	7.056257	1.047257
2023-03-15 17:18:55	2370991965.656	13.0	7.057328	1.0532
2023-03-15 17:18:56	2374362957.621	13.0	7.0536	1.050713
2023-03-15 17:18:56	2377737320.579	13.0	7.054228	1.046743
2023-03-15 17:18:57	2381115057.899	13.0	7.056057	1.050913
2023-03-15 17:18:57	2384496172.957	13.0	7.056671	1.053543
2023-03-15 17:18:58	2387880669.13	13.0	7.055328	1.049943
2023-03-15 17:18:58	2391268549.799	13.0	7.054771	1.042315
2023-03-15 17:18:59	2394659818.349	13.0	7.057672	1.051113
2023-03-15 17:18:59	2398054478.168	13.0	7.057271	1.055057
2023-03-15 17:19:00	2401452532.646	13.0	7.0541	1.050685
2023-03-15 17:19:00	2404853985.178	13.0	7.055129	1.0466
2023-03-15 17:19:01	2408258839.164	13.0	7.058285	1.047343
2023-03-15 17:19:01	2411667098.003	13.0	7.0555	1.0512
2023-03-15 17:19:02	2415078765.101	13.0	7.055043	1.052143
2023-03-15 17:19:03	2418493843.866	13.0	7.055557	1.0496
2023-03-15 17:19:03	2421912337.71	13.0	7.056543	1.0462
2023-03-15 17:19:04	2425334250.047	13.0	7.056571	1.047485
2023-03-15 17:19:04	2428759584.297	13.0	7.057528	1.0544
2023-03-15 17:19:05	2432188343.882	13.0	7.055871	1.053457
2023-03-15 17:19:05	2435620532.226	13.0	7.056028	1.055657
2023-03-15 17:19:06	2439056152.758	13.0	7.055228	1.053687
2023-03-15 17:19:06	2442495208.911	13.0	7.055285	1.049285
2023-03-15 17:19:07	2445937704.12	13.0	7.055843	1.0566
2023-03-15 17:19:07	2449383641.824	13.0	7.057243	1.057257
2023-03-15 17:19:08	2452833025.465	13.0	7.054571	1.051571
2023-03-15 17:19:08	2456285858.491	13.0	7.054529	1.050629
2023-03-15 17:19:09	2459742144.349	13.0	7.056842	1.052513
2023-03-15 17:19:09	2463201886.494	13.0	7.057986	1.0568
2023-03-15 17:19:10	2466665088.38	13.0	7.057971	1.058743
2023-03-15 17:19:10	2470131753.469	13.0	7.056086	1.060029
2023-03-15 17:19:11	2473601885.222	13.0	7.055571	1.059257
2023-03-15 17:19:12	2477075487.107	13.0	7.052443	1.048829
2023-03-15 17:19:12	2480552562.594	13.0	7.056329	1.053887
2023-03-15 17:19:13	2484033115.157	13.0	7.054429	1.057887
2023-03-15 17:19:13	2487517148.272	13.0	7.053271	1.058828
2023-03-15 17:19:14	2491004665.42	13.0	7.052785	1.053429
2023-03-15 17:19:14	2494495670.086	13.0	7.054271	1.052029
2023-03-15 17:19:15	2497990165.756	13.0	7.054371	1.050057
2023-03-15 17:19:15	2501488155.922	13.0	7.056957	1.052715
2023-03-15 17:19:16	2504989644.078	13.0	7.056271	1.0584
2023-03-15 17:19:16	2508494633.722	13.0	7.054657	1.056743
2023-03-15 17:19:17	2512003128.355	13.0	7.053642	1.054971
2023-03-15 17:19:17	2515515131.484	13.0	7.053657	1.053429
2023-03-15 17:19:18	2519030646.615	13.0	7.052286	1.049429
2023-03-15 17:19:18	2522549677.262	13.0	7.053614	1.048629
2023-03-15 17:19:19	2526072226.939	13.0	7.053928	1.053343
2023-03-15 17:19:19	2529598299.166	13.0	7.055843	1.057713
2023-03-15 17:19:20	2533127897.465	13.0	7.057071	1.0628
2023-03-15 17:19:20	2536661025.363	13.0	7.053071	1.060257
2023-03-15 17:19:21	2540197686.388	13.0	7.054328	1.062257
2023-03-15 17:19:21	2543737884.074	13.0	7.053757	1.062057
2023-03-15 17:19:22	2547281621.959	13.0	7.054114	1.057429
2023-03-15 17:19:23	2550828903.581	13.0	7.055399	1.061429
2023-03-15 17:19:23	2554379732.484	13.0	7.055628	1.072
2023-03-15 17:19:24	2557934112.217	13.0	7.0564	1.072372
2023-03-15 17:19:24	2561492046.329	13.0	7.054585	1.071715
2023-03-15 17:19:25	2565053538.375	13.0	7.055257	1.073228
2023-03-15 17:19:25	2568618591.914	13.0	7.056842	1.068429
2023-03-15 17:19:26	2572187210.505	13.0	7.056285	1.075371
2023-03-15 17:19:26	2575759397.716	13.0	7.056214	1.078457
2023-03-15 17:19:27	2579335157.114	13.0	7.0536	1.074971
2023-03-15 17:19:27	2582914492.271	13.0	7.052772	1.068972
2023-03-15 17:19:28	2586497406.763	13.0	7.055529	1.071257
2023-03-15 17:19:28	2590083904.17	13.0	7.057528	1.075172
2023-03-15 17:19:29	2593673988.074	13.0	7.054114	1.074943
2023-03-15 17:19:29	2597267662.062	13.0	7.0551	1.073
2023-03-15 17:19:30	2600864929.724	13.0	7.0552	1.0678
2023-03-15 17:19:30	2604465794.654	13.0	7.056471	1.072715
2023-03-15 17:19:31	2608070260.448	13.0	7.057129	1.0816
2023-03-15 17:19:31	2611678330.709	13.0	7.056	1.080657
2023-03-15 17:19:32	2615290009.04	13.0	7.0537	1.077943
2023-03-15 17:19:33	2618905299.049	13.0	7.053957	1.076287
2023-03-15 17:19:33	2622524204.348	13.0	7.0519	1.066772
2023-03-15 17:19:34	2626146728.552	13.0	7.055557	1.068315
2023-03-15 17:19:34	2629772875.281	13.0	7.055414	1.071857
2023-03-15 17:19:35	2633402648.156	13.0	7.058372	1.073771
2023-03-15 17:19:35	2637036050.804	13.0	7.053043	1.068457
2023-03-15 17:19:36	2640673086.855	13.0	7.054557	1.067
2023-03-15 17:19:36	2644313759.942	13.0	7.054914	1.061971
2023-03-15 17:19:37	2647958073.702	13.0	7.056428	1.068857
2023-03-15 17:19:37	2651606031.775	13.0	7.055972	1.068143
2023-03-15 17:19:38	2655257637.807	13.0	7.052986	1.065457
2023-03-15 17:19:38	2658912895.445	13.0	7.053129	1.065513
2023-03-15 17:19:39	2662571808.34	13.0	7.051728	1.062857
2023-03-15 17:19:39	2666234380.149	13.0	7.055686	1.068943
2023-03-15 17:19:40	2669900614.529	13.0	7.0558	1.0688
2023-03-15 17:19:40	2673570515.143	13.0	7.055185	1.072057
2023-03-15 17:19:41	2677244085.659	13.0	7.051571	1.069285
2023-03-15 17:19:41	2680921329.744	13.0	7.053143	1.068771
2023-03-15 17:19:42	2684602251.074	13.0	7.054886	1.065172
2023-03-15 17:19:42	2688286853.325	13.0	7.054143	1.062029
2023-03-15 17:19:43	2691975140.178	13.0	7.055386	1.065
2023-03-15 17:19:44	2695667115.319	13.0	7.055543	1.067315
2023-03-15 17:19:44	2699362782.434	13.0	7.054157	1.065943
2023-03-15 17:19:45	2703062145.216	13.0	7.053129	1.0592
2023-03-15 17:19:45	2706765207.361	13.0	7.054828	1.059113
2023-03-15 17:19:46	2710471972.569	13.0	7.056042	1.054771
2023-03-15 17:19:46	2714182444.541	13.0	7.055857	1.059343
2023-03-15 17:19:47	2717896626.986	13.0	7.054643	1.062229
2023-03-15 17:19:47	2721614523.613	13.0	7.053572	1.064087
2023-03-15 17:19:48	2725336138.137	13.0	7.052557	1.060085
2023-03-15 17:19:48	2729061474.275	13.0	7.052886	1.057972
2023-03-15 17:19:49	2732790535.749	13.0	7.056157	1.054115
2023-03-15 17:19:49	2736523326.285	13.0	7.055785	1.052687
2023-03-15 17:19:50	2740259849.611	13.0	7.055757	1.060229
2023-03-15 17:19:50	2744000109.461	13.0	7.0568	1.060257
2023-03-15 17:19:51	2747744109.57	13.0	7.056086	1.060371
2023-03-15 17:19:51	2751491853.68	13.0	7.053642	1.057143
2023-03-15 17:19:52	2755243345.533	13.0	7.0546	1.0564
2023-03-15 17:19:52	2758998588.879	13.0	7.056186	1.053457
2023-03-15 17:19:53	2762757587.468	13.0	7.056428	1.0488
2023-03-15 17:19:53	2766520345.055	13.0	7.057057	1.052372
2023-03-15 17:19:54	2770286865.4	13.0	7.055614	1.054771
2023-03-15 17:19:55	2774057152.266	13.0	7.054985	1.053743
2023-03-15 17:19:55	2777831209.418	13.0	7.054857	1.051971
2023-03-15 17:19:56	2781609040.627	13.0	7.054429	1.049887
2023-03-15 17:19:56	2785390649.668	13.0	7.054686	1.043229
2023-03-15 17:19:57	2789176040.318	13.0	7.0574	1.050887
2023-03-15 17:19:57	2792965216.358	13.0	7.055814	1.0514
2023-03-15 17:19:58	2796758181.574	13.0	7.0558	1.051087
2023-03-15 17:19:58	2800554939.756	13.0	7.053829	1.0482
2023-03-15 17:19:59	2804355494.696	13.0	7.054371	1.044829
2023-03-15 17:19:59	2808159850.19	13.0	7.056057	1.045315
2023-03-15 17:20:00	2811968010.041	13.0	7.056242	1.0496
2023-03-15 17:20:00	2815779978.051	13.0	7.055785	1.052
2023-03-15 17:20:01	2819595758.029	13.0	7.055243	1.051429
2023-03-15 17:20:01	2823415353.787	13.0	7.054114	1.048543
2023-03-15 17:20:02	2827238769.14	13.0	7.055471	1.045229
2023-03-15 17:20:02	2831066007.91	13.0	7.056285	1.050515
2023-03-15 17:20:03	2834897073.917	13.0	7.054442	1.055143
2023-03-15 17:20:03	2838731970.991	13.0	7.053371	1.053085
2023-03-15 17:20:04	2842570702.962	13.0	7.052685	1.054913
2023-03-15 17:20:04	2846413273.665	13.0	7.053243	1.056485
2023-03-15 17:20:05	2850259686.939	13.0	7.052428	1.056571
2023-03-15 17:20:06	2854109946.626	13.0	7.056585	1.062171
2023-03-15 17:20:06	2857964056.573	13.0	7.055843	1.066715
2023-03-15 17:20:07	2861822020.629	13.0	7.054643	1.065857
2023-03-15 17:20:07	2865683842.65	13.0	7.054414	1.064371
2023-03-15 17:20:08	2869549526.492	13.0	7.055057	1.0612
2023-03-15 17:20:08	2873419076.019	13.0	7.055529	1.069257
2023-03-15 17:20:09	2877292495.095	13.0	7.056072	1.073771
2023-03-15 17:20:09	2881169787.59	13.0	7.053143	1.072171
2023-03-15 17:20:10	2885050957.378	13.0	7.052629	1.071915
2023-03-15 17:20:10	2888936008.335	13.0	7.053214	1.069257
2023-03-15 17:20:11	2892824944.343	13.0	7.054886	1.0746
2023-03-15 17:20:11	2896717769.288	13.0	7.055771	1.075029
2023-03-15 17:20:12	2900614487.057	13.0	7.052643	1.074
2023-03-15 17:20:12	2904515101.544	13.0	7.053071	1.072429
2023-03-15 17:20:13	2908419616.646	13.0	7.053514	1.063343
2023-03-15 17:20:13	2912328036.262	13.0	7.053885	1.068371
2023-03-15 17:20:14	2916240364.298	13.0	7.054757	1.071372
2023-03-15 17:20:14	2920156604.663	13.0	7.050328	1.067343
2023-03-15 17:20:15	2924076761.267	13.0	7.0527	1.064743
2023-03-15 17:20:15	2928000838.029	13.0	7.055357	1.065457
2023-03-15 17:20:16	2931928838.867	13.0	7.055985	1.070257
2023-03-15 17:20:17	2935860767.706	13.0	7.053029	1.068685
2023-03-15 17:20:17	2939796628.473	13.0	7.054028	1.0688
2023-03-15 17:20:18	2943736425.102	13.0	7.054529	1.064
2023-03-15 17:20:18	2947680161.527	13.0	7.0571	1.072057
2023-03-15 17:20:19	2951627841.688	13.0	7.0555	1.074515
2023-03-15 17:20:19	2955579469.53	13.0	7.053086	1.066629
2023-03-15 17:20:20	2959535049.0	13.0	7.053843	1.060971
2023-03-15 17:20:20	2963494584.049	13.0	7.0552	1.066715
2023-03-15 17:20:21	2967458078.633	13.0	7.054714	1.066
2023-03-15 17:20:21	2971425536.711	13.0	7.053157	1.061829
2023-03-15 17:20:22	2975396962.248	13.0	7.054143	1.057571
2023-03-15 17:20:22	2979372359.21	13.0	7.054857	1.058543
2023-03-15 17:20:23	2983351731.569	13.0	7.057214	1.0652
2023-03-15 17:20:23	2987335083.301	13.0	7.052914	1.060772
2023-03-15 17:20:24	2991322418.384	13.0	7.053443	1.061457
2023-03-15 17:20:24	2995313740.803	13.0	7.053257	1.057771
2023-03-15 17:20:25	2999309054.544	13.0	7.056314	1.063429
