2023-04-17 16:04:59	50000000.0	19.0	32.645771	1.570506	1.999859	-1.986
2023-04-17 16:05:00	52100000.0	19.0	32.652083	1.57012	1.999844	-1.982
2023-04-17 16:05:00	54204200.0	19.0	32.658521	1.569718	1.999916	-1.982
2023-04-17 16:05:00	56312608.4	19.0	32.648979	1.568901	1.999876	-1.983
2023-04-17 16:05:01	58425233.6168	19.0	32.649354	1.568544	1.999971	-1.982
2023-04-17 16:05:01	60542084.084034	19.0	32.644042	1.568157	1.999892	-1.981
2023-04-17 16:05:02	62663168.252202	19.0	32.650771	1.567994	1.999923	-1.977
2023-04-17 16:05:02	64788494.588706	19.0	32.645771	1.567473	1.999868	-1.976
2023-04-17 16:05:03	66918071.577883	19.0	32.658458	1.566938	1.999899	-1.986
2023-04-17 16:05:03	69051907.721039	19.0	32.643521	1.566507	1.999868	-1.985
2023-04-17 16:05:03	71190011.536481	19.0	32.653521	1.566105	1.999964	-1.979
2023-04-17 16:05:04	73332391.559554	19.0	32.654708	1.565555	1.999883	-1.989
2023-04-17 16:05:04	75479056.342673	19.0	32.646125	1.565273	1.999931	-1.98
2023-04-17 16:05:05	77630014.455359	19.0	32.657312	1.564857	1.999868	-1.983
2023-04-17 16:05:05	79785274.484269	19.0	32.665604	1.564158	1.999828	-1.982
2023-04-17 16:05:05	81944845.033238	19.0	32.651667	1.563563	1.999907	-1.981
2023-04-17 16:05:06	84108734.723304	19.0	32.646375	1.563251	1.999899	-1.979
2023-04-17 16:05:06	86276952.192751	19.0	32.665417	1.562656	1.999876	-1.98
2023-04-17 16:05:07	88449506.097137	19.0	32.644708	1.562106	1.999883	-1.982
2023-04-17 16:05:07	90626405.109331	19.0	32.658396	1.561868	1.999892	-1.974
2023-04-17 16:05:08	92807657.91955	19.0	32.651083	1.561407	1.999788	-1.982
2023-04-17 16:05:08	94993273.235389	19.0	32.649771	1.560932	1.999859	-1.982
2023-04-17 16:05:08	97183259.781859	19.0	32.657021	1.560575	1.999835	-1.982
2023-04-17 16:05:09	99377626.301423	19.0	32.661854	1.560188	1.999907	-1.986
2023-04-17 16:05:09	101576381.554026	19.0	32.653813	1.559906	1.999859	-1.98
2023-04-17 16:05:10	103779534.317134	19.0	32.663458	1.559594	1.999876	-1.983
2023-04-17 16:05:10	105987093.385768	19.0	32.664583	1.559103	1.999795	-1.979
2023-04-17 16:05:10	108199067.57254	19.0	32.650292	1.558285	1.999804	-1.982
2023-04-17 16:05:11	110415465.707685	19.0	32.649354	1.55781	1.999835	-1.983
2023-04-17 16:05:11	112636296.6391	19.0	32.656854	1.557512	1.999907	-1.98
2023-04-17 16:05:12	114861569.232378	19.0	32.647438	1.557185	1.999939	-1.988
2023-04-17 16:05:12	117091292.370843	19.0	32.654229	1.556635	1.999931	-1.99
2023-04-17 16:05:12	119325474.955585	19.0	32.656792	1.556338	1.999844	-1.986
2023-04-17 16:05:13	121564125.905496	19.0	32.642083	1.555936	1.999851	-1.986
2023-04-17 16:05:13	123807254.157307	19.0	32.644042	1.55552	1.999876	-1.991
2023-04-17 16:05:14	126054868.665622	19.0	32.634167	1.554985	1.999964	-1.987
2023-04-17 16:05:14	128306978.402953	19.0	32.649708	1.554583	1.999979	-1.987
2023-04-17 16:05:15	130563592.359759	19.0	32.655958	1.554197	1.999971	-1.984
2023-04-17 16:05:15	132824719.544478	19.0	32.656542	1.553781	1.999899	-1.988
2023-04-17 16:05:15	135090368.983567	19.0	32.656917	1.553335	1.999931	-1.993
2023-04-17 16:05:16	137360549.721534	19.0	32.645479	1.553008	2.000011	-1.985
2023-04-17 16:05:16	139635270.820978	19.0	32.633812	1.552725	2.000083	-1.984
2023-04-17 16:05:17	141914541.362619	19.0	32.646958	1.552368	1.999995	-1.989
2023-04-17 16:05:17	144198370.445345	19.0	32.643875	1.552071	1.999916	-1.988
2023-04-17 16:05:17	146486767.186235	19.0	32.642792	1.551536	1.999883	-1.985
2023-04-17 16:05:18	148779740.720608	19.0	32.655667	1.551179	2.000004	-1.989
2023-04-17 16:05:18	151077300.202049	19.0	32.644937	1.550926	2.000019	-1.989
2023-04-17 16:05:19	153379454.802453	19.0	32.657625	1.550703	1.999892	-1.99
2023-04-17 16:05:19	155686213.712058	19.0	32.643625	1.549975	1.999987	-1.99
2023-04-17 16:05:20	157997586.139482	19.0	32.6475	1.549648	2.000075	-1.984
2023-04-17 16:05:20	160313581.311761	19.0	32.645479	1.549499	1.999947	-1.99
2023-04-17 16:05:20	162634208.474385	19.0	32.654937	1.549216	1.999956	-1.983
2023-04-17 16:05:21	164959476.891333	19.0	32.646542	1.548964	2.000004	-1.984
2023-04-17 16:05:21	167289395.845116	19.0	32.651792	1.548711	1.999956	-1.984
2023-04-17 16:05:22	169623974.636806	19.0	32.645417	1.54825	2.000051	-1.981
2023-04-17 16:05:22	171963222.58608	19.0	32.652333	1.548057	1.999964	-1.983
2023-04-17 16:05:22	174307149.031252	19.0	32.64625	1.547968	2.000011	-1.985
2023-04-17 16:05:23	176655763.329315	19.0	32.6475	1.54767	1.999964	-1.982
2023-04-17 16:05:23	179009074.855973	19.0	32.655958	1.547433	1.999987	-1.983
2023-04-17 16:05:24	181367093.005685	19.0	32.647208	1.547046	1.999956	-1.986
2023-04-17 16:05:24	183729827.191697	19.0	32.642208	1.546481	2.000051	-1.984
2023-04-17 16:05:24	186097286.84608	19.0	32.646792	1.546198	1.999979	-1.989
2023-04-17 16:05:25	188469481.419772	19.0	32.64625	1.545723	2.000043	-1.985
2023-04-17 16:05:25	190846420.382612	19.0	32.649708	1.545514	1.999987	-1.992
2023-04-17 16:05:26	193228113.223377	19.0	32.642375	1.545069	2.000043	-1.988
2023-04-17 16:05:26	195614569.449824	19.0	32.648271	1.544801	1.999907	-1.992
2023-04-17 16:05:27	198005798.588723	19.0	32.654354	1.544548	1.999995	-1.995
2023-04-17 16:05:27	200401810.185901	19.0	32.65025	1.544281	1.999931	-1.988
2023-04-17 16:05:27	202802613.806273	19.0	32.644833	1.544281	1.999947	-1.994
2023-04-17 16:05:28	205208219.033885	19.0	32.649708	1.544132	1.999947	-1.989
2023-04-17 16:05:28	207618635.471953	19.0	32.649708	1.544073	1.999876	-1.987
2023-04-17 16:05:29	210033872.742897	19.0	32.6465	1.543716	1.999987	-1.987
2023-04-17 16:05:29	212453940.488383	19.0	32.651542	1.543448	1.999907	-1.983
2023-04-17 16:05:29	214878848.369359	19.0	32.649458	1.543166	1.999995	-1.979
2023-04-17 16:05:30	217308606.066098	19.0	32.658625	1.542898	1.999931	-1.982
2023-04-17 16:05:30	219743223.27823	19.0	32.650125	1.542675	1.999979	-1.981
2023-04-17 16:05:31	222182709.724787	19.0	32.653458	1.542333	2.000011	-1.981
2023-04-17 16:05:31	224627075.144236	19.0	32.649812	1.541991	1.999931	-1.989
2023-04-17 16:05:31	227076329.294525	19.0	32.6525	1.541649	1.999956	-1.985
2023-04-17 16:05:32	229530481.953114	19.0	32.657375	1.541233	1.999939	-1.981
2023-04-17 16:05:32	231989542.91702	19.0	32.657917	1.541144	1.999907	-1.99
2023-04-17 16:05:33	234453522.002854	19.0	32.645958	1.540876	1.999923	-1.99
2023-04-17 16:05:33	236922429.04686	19.0	32.647312	1.540608	1.999931	-1.993
2023-04-17 16:05:34	239396273.904953	19.0	32.647729	1.540356	1.999956	-1.991
2023-04-17 16:05:34	241875066.452763	19.0	32.647375	1.540043	1.999907	-1.989
2023-04-17 16:05:34	244358816.585669	19.0	32.649875	1.539925	1.999947	-1.989
2023-04-17 16:05:35	246847534.21884	19.0	32.645604	1.539687	1.999947	-1.994
2023-04-17 16:05:35	249341229.287278	19.0	32.641792	1.539597	1.999931	-1.993
2023-04-17 16:05:36	251839911.745852	19.0	32.639354	1.539464	1.999971	-2.006
2023-04-17 16:05:36	254343591.569344	19.0	32.636792	1.53933	2.000027	-2.01
2023-04-17 16:05:36	256852278.752483	19.0	32.624458	1.538943	1.999931	-2.014
2023-04-17 16:05:37	259365983.309988	19.0	32.626021	1.538705	1.999939	-2.017
2023-04-17 16:05:37	261884715.276608	19.0	32.616062	1.538468	1.999947	-2.015
2023-04-17 16:05:38	264408484.707161	19.0	32.619583	1.53823	1.999907	-2.019
2023-04-17 16:05:38	266937301.676575	19.0	32.623562	1.538036	1.999835	-2.018
2023-04-17 16:05:39	269471176.279928	19.0	32.621917	1.537784	1.999835	-2.014
2023-04-17 16:05:39	272010118.632488	19.0	32.617271	1.537456	1.999883	-2.023
2023-04-17 16:05:39	274554138.869753	19.0	32.615771	1.536966	1.999876	-2.029
2023-04-17 16:05:40	277103247.147493	19.0	32.612625	1.536832	1.999883	-2.028
2023-04-17 16:05:40	279657453.641788	19.0	32.606729	1.536595	1.999931	-2.036
2023-04-17 16:05:41	282216768.549071	19.0	32.599646	1.536282	1.999947	-2.035
2023-04-17 16:05:41	284781202.08617	19.0	32.60875	1.536193	1.999916	-2.03
2023-04-17 16:05:41	287350764.490342	19.0	32.607563	1.53597	1.999868	-2.021
2023-04-17 16:05:42	289925466.019323	19.0	32.613937	1.535821	1.999899	-2.015
2023-04-17 16:05:42	292505316.951361	19.0	32.619417	1.535598	1.999923	-2.015
2023-04-17 16:05:43	295090327.585264	19.0	32.613687	1.535405	1.999899	-2.015
2023-04-17 16:05:43	297680508.240435	19.0	32.620667	1.53536	1.999883	-2.01
2023-04-17 16:05:43	300275869.256915	19.0	32.634104	1.535197	1.999883	-2.013
2023-04-17 16:05:44	302876420.995429	19.0	32.626729	1.535048	1.999939	-2.014
2023-04-17 16:05:44	305482173.83742	19.0	32.621542	1.534974	1.999859	-2.014
2023-04-17 16:05:45	308093138.185095	19.0	32.616729	1.534572	1.999883	-2.013
2023-04-17 16:05:45	310709324.461465	19.0	32.617271	1.534379	1.999931	-2.018
2023-04-17 16:05:46	313330743.110388	19.0	32.613208	1.534379	1.999859	-2.015
2023-04-17 16:05:46	315957404.596609	19.0	32.615833	1.53426	1.999788	-2.024
2023-04-17 16:05:46	318589319.405802	19.0	32.615354	1.533978	1.999828	-2.019
2023-04-17 16:05:47	321226498.044614	19.0	32.614417	1.533888	1.999835	-2.026
2023-04-17 16:05:47	323868951.040703	19.0	32.617792	1.533562	1.999916	-2.023
2023-04-17 16:05:48	326516688.942784	19.0	32.611021	1.533324	1.999916	-2.013
2023-04-17 16:05:48	329169722.32067	19.0	32.625	1.533116	1.999931	-2.016
2023-04-17 16:05:48	331828061.765311	19.0	32.619417	1.533116	1.999899	-2.02
2023-04-17 16:05:49	334491717.888842	19.0	32.617437	1.533011	1.999876	-2.025
2023-04-17 16:05:49	337160701.324619	19.0	32.635667	1.532893	1.999892	-2.022
2023-04-17 16:05:50	339835022.727269	19.0	32.626667	1.532744	1.999899	-2.026
2023-04-17 16:05:50	342514692.772723	19.0	32.615292	1.532595	1.999916	-2.031
2023-04-17 16:05:50	345199722.158269	19.0	32.616958	1.532342	1.999971	-2.04
2023-04-17 16:05:51	347890121.602585	19.0	32.607563	1.532208	1.999931	-2.055
2023-04-17 16:05:51	350585901.84579	19.0	32.613396	1.532	1.999899	-2.054
2023-04-17 16:05:52	353287073.649482	19.0	32.608208	1.531911	1.999923	-2.058
2023-04-17 16:05:52	355993647.796781	19.0	32.613104	1.531748	1.999931	-2.073
2023-04-17 16:05:53	358705635.092375	19.0	32.613583	1.531629	1.999907	-2.076
2023-04-17 16:05:53	361423046.362559	19.0	32.593812	1.531435	1.999883	-2.1
2023-04-17 16:05:53	364145892.455284	19.0	32.578938	1.531108	1.999931	-2.106
2023-04-17 16:05:54	366874184.240195	19.0	32.557083	1.53093	1.999916	-2.12
2023-04-17 16:05:54	369607932.608675	19.0	32.544646	1.530722	1.999916	-2.168
2023-04-17 16:05:55	372347148.473893	19.0	32.519042	1.530499	1.999892	-2.188
2023-04-17 16:05:55	375091842.77084	19.0	32.493521	1.530261	1.999868	-2.206
2023-04-17 16:05:55	377842026.456382	19.0	32.479417	1.530172	1.999811	-2.191
2023-04-17 16:05:56	380597710.509295	19.0	32.485542	1.529949	1.999756	-2.149
2023-04-17 16:05:56	383358905.930314	19.0	32.547083	1.529741	1.99974	-2.097
2023-04-17 16:05:57	386125623.742174	19.0	32.576854	1.529711	1.999756	-2.077
2023-04-17 16:05:57	388897874.989658	19.0	32.595292	1.529547	1.999748	-2.032
2023-04-17 16:05:58	391675670.739638	19.0	32.607917	1.529547	1.99978	-2.066
2023-04-17 16:05:58	394459022.081117	19.0	32.611729	1.529547	1.999732	-2.068
2023-04-17 16:05:58	397247940.125279	19.0	32.600958	1.529503	1.999748	-2.084
2023-04-17 16:05:59	400042436.00553	19.0	32.599417	1.529369	1.99978	-2.097
2023-04-17 16:05:59	402842520.877541	19.0	32.601667	1.529205	1.999811	-2.084
2023-04-17 16:06:00	405648205.919296	19.0	32.595229	1.529131	1.999811	-2.081
2023-04-17 16:06:00	408459502.331135	19.0	32.596125	1.528864	1.999859	-2.074
2023-04-17 16:06:00	411276421.335797	19.0	32.60275	1.528596	1.999907	-2.08
2023-04-17 16:06:01	414098974.178468	19.0	32.591667	1.528506	1.999939	-2.07
2023-04-17 16:06:01	416927172.126825	19.0	32.605708	1.528224	1.999931	-2.061
2023-04-17 16:06:02	419761026.471079	19.0	32.605708	1.528195	1.999971	-2.055
2023-04-17 16:06:02	422600548.524021	19.0	32.604104	1.528061	1.999964	-2.051
2023-04-17 16:06:02	425445749.621069	19.0	32.612792	1.527406	1.999939	-2.048
2023-04-17 16:06:03	428296641.120311	19.0	32.609042	1.527421	1.999931	-2.044
2023-04-17 16:06:03	431153234.402552	19.0	32.609646	1.527258	1.999987	-2.051
2023-04-17 16:06:04	434015540.871357	19.0	32.610604	1.527139	1.999979	-2.056
2023-04-17 16:06:04	436883571.9531	19.0	32.602625	1.527109	1.999947	-2.051
2023-04-17 16:06:05	439757339.097006	19.0	32.601187	1.526945	1.999971	-2.04
2023-04-17 16:06:05	442636853.7752	19.0	32.611958	1.526812	1.999971	-2.026
2023-04-17 16:06:05	445522127.48275	19.0	32.624458	1.526708	1.999964	-2.02
2023-04-17 16:06:06	448413171.737716	19.0	32.636187	1.526604	1.999987	-2.015
2023-04-17 16:06:06	451309998.081191	19.0	32.623937	1.526366	1.999995	-2.019
2023-04-17 16:06:07	454212618.077354	19.0	32.619646	1.526202	1.999971	-2.045
2023-04-17 16:06:07	457121043.313508	19.0	32.616479	1.525994	1.999956	-2.042
2023-04-17 16:06:07	460035285.400135	19.0	32.603875	1.52589	2.000004	-2.045
2023-04-17 16:06:08	462955355.970936	19.0	32.604292	1.525682	1.999987	-2.04
2023-04-17 16:06:08	465881266.682878	19.0	32.606604	1.525518	1.999899	-2.042
2023-04-17 16:06:09	468813029.216243	19.0	32.5965	1.525429	1.999923	-2.033
2023-04-17 16:06:09	471750655.274676	19.0	32.599229	1.525295	1.999987	-2.037
2023-04-17 16:06:09	474694156.585225	19.0	32.605646	1.524983	1.999995	-2.045
2023-04-17 16:06:10	477643544.898396	19.0	32.599292	1.524686	1.999971	-2.048
2023-04-17 16:06:10	480598831.988192	19.0	32.589292	1.524477	1.999947	-2.058
2023-04-17 16:06:11	483560029.652169	19.0	32.584354	1.524269	1.999956	-2.054
2023-04-17 16:06:11	486527149.711473	19.0	32.579042	1.524195	1.999971	-2.05
2023-04-17 16:06:12	489500204.010896	19.0	32.579458	1.524017	1.999979	-2.033
2023-04-17 16:06:12	492479204.418918	19.0	32.599042	1.523927	2.000019	-2.031
2023-04-17 16:06:12	495464162.827756	19.0	32.606667	1.523868	2.000035	-2.042
2023-04-17 16:06:13	498455091.153411	19.0	32.593937	1.523541	2.000011	-2.042
2023-04-17 16:06:13	501452001.335718	19.0	32.604833	1.522738	1.999971	-2.043
2023-04-17 16:06:14	504454905.338389	19.0	32.609	1.522218	2.000019	-2.044
2023-04-17 16:06:14	507463815.149066	19.0	32.595542	1.52201	2.000004	-2.043
2023-04-17 16:06:14	510478742.779364	19.0	32.599167	1.521861	1.999979	-2.054
2023-04-17 16:06:15	513499700.264923	19.0	32.610771	1.522025	1.999979	-2.039
2023-04-17 16:06:15	516526699.665453	19.0	32.612021	1.522337	1.999923	-2.032
2023-04-17 16:06:16	519559753.064784	19.0	32.611375	1.522649	1.999931	-2.03
2023-04-17 16:06:16	522598872.570913	19.0	32.616854	1.522708	1.999916	-2.02
2023-04-17 16:06:17	525644070.316055	19.0	32.60875	1.522634	1.999899	-2.019
2023-04-17 16:06:17	528695358.456687	19.0	32.611479	1.522352	2.000004	-2.028
2023-04-17 16:06:17	531752749.173601	19.0	32.619521	1.521906	2.000027	-2.019
2023-04-17 16:06:18	534816254.671948	19.0	32.618104	1.521578	2.000004	-2.017
2023-04-17 16:06:18	537885887.181292	19.0	32.612271	1.521549	1.999987	-2.031
2023-04-17 16:06:19	540961658.955654	19.0	32.619229	1.521593	2.000004	-2.036
2023-04-17 16:06:19	544043582.273566	19.0	32.621792	1.521564	2.000011	-2.036
2023-04-17 16:06:19	547131669.438113	19.0	32.616312	1.521192	2.000027	-2.032
2023-04-17 16:06:20	550225932.776989	19.0	32.62125	1.520791	2.000059	-2.083
2023-04-17 16:06:20	553326384.642543	19.0	32.609292	1.520345	2.000011	-2.05
2023-04-17 16:06:21	556433037.411828	19.0	32.61	1.519586	2.000019	-2.057
2023-04-17 16:06:21	559545903.486652	19.0	32.598937	1.518442	2.000004	-2.071
2023-04-17 16:06:21	562664995.293625	19.0	32.587625	1.517386	1.999916	-2.075
2023-04-17 16:06:22	565790325.284212	19.0	32.575125	1.516018	1.999835	-2.069
2023-04-17 16:06:22	568921905.934781	19.0	32.586062	1.514992	1.999804	-2.07
2023-04-17 16:06:23	572059749.74665	19.0	32.577562	1.514219	1.9997	-2.077
2023-04-17 16:06:23	575203869.246144	19.0	32.591958	1.51361	1.999644	-2.066
2023-04-17 16:06:24	578354276.984636	19.0	32.598937	1.513565	1.999572	-2.048
2023-04-17 16:06:24	581510985.538605	19.0	32.594458	1.513714	1.999516	-2.095
2023-04-17 16:06:24	584674007.509682	19.0	32.598146	1.514041	1.999524	-2.001
2023-04-17 16:06:25	587843355.524702	19.0	32.610833	1.514829	1.999436	-2.076
2023-04-17 16:06:25	591019042.235751	19.0	32.611667	1.515602	1.999476	-2.08
2023-04-17 16:06:26	594201080.320223	19.0	32.616958	1.516881	1.999468	-2.054
2023-04-17 16:06:26	597389482.480863	19.0	32.613937	1.517431	1.99946	-2.064
2023-04-17 16:06:26	600584261.445825	19.0	32.610479	1.518144	1.999436	-2.076
2023-04-17 16:06:27	603785429.968717	19.0	32.610354	1.51862	1.999572	-2.054
2023-04-17 16:06:27	606993000.828654	19.0	32.592854	1.518992	1.99962	-2.083
2023-04-17 16:06:28	610206986.830311	19.0	32.597208	1.519245	1.99962	-2.09
2023-04-17 16:06:28	613427400.803972	19.0	32.586375	1.519572	1.999564	-2.098
2023-04-17 16:06:28	616654255.60558	19.0	32.576792	1.519824	1.999516	-2.068
2023-04-17 16:06:29	619887564.116791	19.0	32.578333	1.519839	1.999404	-2.112
2023-04-17 16:06:29	623127339.245025	19.0	32.566604	1.519542	1.999404	-2.101
2023-04-17 16:06:30	626373593.923515	19.0	32.566667	1.519111	1.99946	-2.11
2023-04-17 16:06:30	629626341.111362	19.0	32.568937	1.518709	1.999516	-2.093
2023-04-17 16:06:31	632885593.793584	19.0	32.57775	1.518263	1.999604	-2.1
2023-04-17 16:06:31	636151364.981171	19.0	32.570354	1.517966	1.999716	-2.108
2023-04-17 16:06:31	639423667.711134	19.0	32.580354	1.517594	1.999835	-2.075
2023-04-17 16:06:32	642702515.046556	19.0	32.580667	1.517252	1.999883	-2.057
2023-04-17 16:06:32	645987920.076649	19.0	32.586604	1.516851	1.999859	-2.061
2023-04-17 16:06:33	649279895.916803	19.0	32.591375	1.516702	1.999859	-2.056
2023-04-17 16:06:33	652578455.708636	19.0	32.599417	1.516628	1.999811	-2.068
2023-04-17 16:06:33	655883612.620053	19.0	32.613875	1.516509	1.999844	-2.026
2023-04-17 16:06:34	659195379.845294	19.0	32.622083	1.51636	1.999788	-2.02
2023-04-17 16:06:34	662513770.604984	19.0	32.620667	1.516241	1.999763	-2.014
2023-04-17 16:06:35	665838798.146194	19.0	32.630479	1.516078	1.999732	-2.01
2023-04-17 16:06:35	669170475.742486	19.0	32.622021	1.515929	1.999771	-2.024
2023-04-17 16:06:36	672508816.693971	19.0	32.627625	1.51584	1.999748	-1.987
2023-04-17 16:06:36	675853834.327359	19.0	32.635958	1.516078	1.999748	-2.003
2023-04-17 16:06:36	679205541.996014	19.0	32.638271	1.516226	1.999716	-1.991
2023-04-17 16:06:37	682563953.080006	19.0	32.645292	1.516316	1.999732	-2.004
2023-04-17 16:06:37	685929080.986166	19.0	32.644229	1.51633	1.999732	-1.988
2023-04-17 16:06:38	689300939.148138	19.0	32.644104	1.516435	1.999716	-1.991
2023-04-17 16:06:38	692679541.026435	19.0	32.642208	1.516687	1.999668	-1.981
2023-04-17 16:06:38	696064900.108487	19.0	32.650833	1.516613	1.99962	-1.983
2023-04-17 16:06:39	699457029.908704	19.0	32.655	1.51633	1.999524	-1.98
2023-04-17 16:06:39	702855943.968522	19.0	32.647271	1.515988	1.999548	-1.976
2023-04-17 16:06:40	706261655.856459	19.0	32.642917	1.515825	1.999508	-1.984
2023-04-17 16:06:40	709674179.168172	19.0	32.645063	1.515141	1.999476	-2.0
2023-04-17 16:06:40	713093527.526508	19.0	32.651542	1.51465	1.999468	-1.958
2023-04-17 16:06:41	716519714.581561	19.0	32.644104	1.514472	1.999516	-1.966
2023-04-17 16:06:41	719952754.010724	19.0	32.634354	1.514888	1.999492	-2.011
2023-04-17 16:06:42	723392659.518746	19.0	32.624875	1.515468	1.999532	-2.012
2023-04-17 16:06:42	726839444.837783	19.0	32.623875	1.515572	1.999508	-2.02
2023-04-17 16:06:43	730293123.727459	19.0	32.612625	1.515661	1.999556	-2.032
2023-04-17 16:06:43	733753709.974914	19.0	32.602375	1.515438	1.99954	-2.026
2023-04-17 16:06:43	737221217.394863	19.0	32.604833	1.515275	1.999516	-2.032
2023-04-17 16:06:44	740695659.829653	19.0	32.600896	1.5152	1.999476	-2.032
2023-04-17 16:06:44	744177051.149312	19.0	32.600062	1.515185	1.999468	-2.053
2023-04-17 16:06:45	747665405.251611	19.0	32.600604	1.515275	1.999524	-2.047
2023-04-17 16:06:45	751160736.062114	19.0	32.592917	1.515483	1.99958	-2.043
2023-04-17 16:06:45	754663057.534239	19.0	32.591542	1.515885	1.999644	-2.044
2023-04-17 16:06:46	758172383.649307	19.0	32.590896	1.516226	1.999716	-2.038
2023-04-17 16:06:46	761688728.416606	19.0	32.589042	1.51639	1.999788	-2.052
2023-04-17 16:06:47	765212105.873439	19.0	32.583333	1.516449	1.999899	-2.043
2023-04-17 16:06:47	768742530.085186	19.0	32.588042	1.51633	1.999923	-2.032
2023-04-17 16:06:47	772280015.145356	19.0	32.591437	1.516271	1.999939	-2.035
2023-04-17 16:06:48	775824575.175647	19.0	32.610896	1.516197	1.999931	-2.025
2023-04-17 16:06:48	779376224.325998	19.0	32.606604	1.516241	1.999956	-2.014
2023-04-17 16:06:49	782934976.77465	19.0	32.612083	1.516301	1.999907	-2.01
2023-04-17 16:06:49	786500846.728199	19.0	32.613687	1.51636	1.999916	-2.005
2023-04-17 16:06:50	790073848.421656	19.0	32.618812	1.516449	1.999876	-2.005
2023-04-17 16:06:50	793653996.118499	19.0	32.62625	1.516568	1.999883	-1.998
2023-04-17 16:06:50	797241304.110736	19.0	32.625667	1.516494	1.999876	-2.01
2023-04-17 16:06:51	800835786.718958	19.0	32.626125	1.516316	1.999899	-1.998
2023-04-17 16:06:51	804437458.292396	19.0	32.626729	1.516152	1.999876	-2.019
2023-04-17 16:06:52	808046333.20898	19.0	32.623687	1.516048	1.999859	-2.005
2023-04-17 16:06:52	811662425.875398	19.0	32.6225	1.516018	1.999907	-2.008
2023-04-17 16:06:52	815285750.727149	19.0	32.616958	1.515914	1.999907	-2.019
2023-04-17 16:06:53	818916322.228604	19.0	32.615896	1.515899	1.999907	-2.018
2023-04-17 16:06:53	822554154.873061	19.0	32.622083	1.516003	1.999892	-2.023
2023-04-17 16:06:54	826199263.182807	19.0	32.616375	1.515929	1.999931	-2.008
2023-04-17 16:06:54	829851661.709173	19.0	32.621375	1.515988	1.999923	-2.008
2023-04-17 16:06:55	833511365.032591	19.0	32.627333	1.51587	1.999947	-2.029
2023-04-17 16:06:55	837178387.762656	19.0	32.628333	1.515691	1.999939	-2.003
2023-04-17 16:06:55	840852744.538182	19.0	32.620479	1.515156	1.999899	-2.046
2023-04-17 16:06:56	844534450.027258	19.0	32.626188	1.514442	1.999892	-2.009
2023-04-17 16:06:56	848223518.927312	19.0	32.623104	1.51355	1.999835	-2.018
2023-04-17 16:06:57	851919965.965167	19.0	32.626792	1.512658	1.999835	-2.022
2023-04-17 16:06:57	855623805.897097	19.0	32.627083	1.511959	1.999828	-2.06
2023-04-17 16:06:57	859335053.508892	19.0	32.627792	1.510978	1.999828	-2.059
2023-04-17 16:06:58	863053723.615909	19.0	32.620292	1.509908	1.999788	-2.03
2023-04-17 16:06:58	866779831.063141	19.0	32.608521	1.508674	1.999788	-2.034
2023-04-17 16:06:59	870513390.725268	19.0	32.603583	1.507157	1.999748	-2.031
2023-04-17 16:06:59	874254417.506718	19.0	32.600958	1.5057	1.999723	-1.978
2023-04-17 16:06:59	878002926.341731	19.0	32.606604	1.505299	1.999723	-2.045
2023-04-17 16:07:00	881758932.194415	19.0	32.609354	1.505626	1.999763	-2.039
2023-04-17 16:07:00	885522450.058804	19.0	32.607625	1.506682	1.999788	-2.042
2023-04-17 16:07:01	889293494.958921	19.0	32.603396	1.50802	1.99978	-2.038
2023-04-17 16:07:01	893072081.948839	19.0	32.608271	1.509937	1.99982	-2.065
2023-04-17 16:07:02	896858226.112737	19.0	32.607854	1.511008	1.999835	-2.033
2023-04-17 16:07:02	900651942.564962	19.0	32.610187	1.511231	1.99982	-2.069
2023-04-17 16:07:02	904453246.450092	19.0	32.606375	1.511156	1.99978	-2.023
2023-04-17 16:07:03	908262152.942992	19.0	32.597625	1.510666	1.999844	-2.288
2023-04-17 16:07:03	912078677.248878	19.0	32.595188	1.510309	1.999788	-2.111
2023-04-17 16:07:04	915902834.603376	19.0	32.589521	1.509714	1.999795	-2.021
2023-04-17 16:07:04	919734640.272583	19.0	32.593104	1.50915	1.99982	-2.113
2023-04-17 16:07:04	923574109.553128	19.0	32.598208	1.508956	1.999828	-2.034
2023-04-17 16:07:05	927421257.772234	19.0	32.593812	1.509016	1.999851	-2.101
2023-04-17 16:07:05	931276100.287779	19.0	32.592687	1.509328	1.999804	-1.986
2023-04-17 16:07:06	935138652.488354	19.0	32.602146	1.509298	1.99982	-2.082
2023-04-17 16:07:06	939008929.793331	19.0	32.595	1.509343	1.999828	-1.984
2023-04-17 16:07:07	942886947.652918	19.0	32.599771	1.509432	1.999771	-2.041
2023-04-17 16:07:07	946772721.548224	19.0	32.609646	1.509744	1.999868	-2.061
2023-04-17 16:07:07	950666266.99132	19.0	32.597375	1.510071	1.999844	-2.036
2023-04-17 16:07:08	954567599.525303	19.0	32.597437	1.510101	1.999811	-2.069
2023-04-17 16:07:08	958476734.724353	19.0	32.621917	1.510309	1.999811	-2.032
2023-04-17 16:07:09	962393688.193802	19.0	32.612854	1.510874	1.999851	-2.029
2023-04-17 16:07:09	966318475.57019	19.0	32.607625	1.511201	1.999859	-2.074
2023-04-17 16:07:09	970251112.52133	19.0	32.612854	1.511588	1.999883	-2.142
2023-04-17 16:07:10	974191614.746373	19.0	32.614458	1.511811	1.999947	-1.933
2023-04-17 16:07:10	978139997.975865	19.0	32.615354	1.512153	1.999987	-1.934
2023-04-17 16:07:11	982096277.971817	19.0	32.624354	1.512257	1.999939	-2.025
2023-04-17 16:07:11	986060470.527761	19.0	32.624646	1.512539	1.999956	-2.029
2023-04-17 16:07:11	990032591.468816	19.0	32.621667	1.512688	1.999923	-2.064
2023-04-17 16:07:12	994012656.651754	19.0	32.630292	1.512792	1.999892	-2.041
2023-04-17 16:07:12	998000681.965057	19.0	32.619937	1.512837	1.999868	-2.041
2023-04-17 16:07:13	1001996683.328988	19.0	32.632333	1.512926	1.999859	-2.015
2023-04-17 16:07:13	1006000676.695646	19.0	32.631125	1.512852	1.999907	-1.992
2023-04-17 16:07:14	1010012678.049037	19.0	32.626917	1.512762	1.999916	-2.028
2023-04-17 16:07:14	1014032703.405135	19.0	32.634042	1.512881	1.999892	-2.017
2023-04-17 16:07:14	1018060768.811945	19.0	32.649042	1.512792	1.999956	-2.011
2023-04-17 16:07:15	1022096890.349569	19.0	32.632917	1.512852	1.999995	-2.0
2023-04-17 16:07:15	1026141084.130268	19.0	32.643396	1.512733	1.999892	-2.025
2023-04-17 16:07:16	1030193366.298529	19.0	32.632917	1.512792	1.999923	-1.994
2023-04-17 16:07:16	1034253753.031126	19.0	32.633396	1.512569	1.999939	-2.024
2023-04-17 16:07:16	1038322260.537188	19.0	32.635604	1.512643	1.999907	-1.973
2023-04-17 16:07:17	1042398905.058263	19.0	32.641729	1.512643	1.999923	-2.021
2023-04-17 16:07:17	1046483702.868379	19.0	32.644354	1.512524	1.999907	-2.008
2023-04-17 16:07:18	1050576670.274116	19.0	32.635771	1.512376	1.999956	-2.04
2023-04-17 16:07:18	1054677823.614664	19.0	32.645604	1.51245	1.999923	-2.024
2023-04-17 16:07:18	1058787179.261894	19.0	32.639646	1.512465	1.999931	-2.012
2023-04-17 16:07:19	1062904753.620417	19.0	32.627562	1.512406	1.999876	-2.001
2023-04-17 16:07:19	1067030563.127658	19.0	32.639458	1.512465	1.999916	-2.02
2023-04-17 16:07:20	1071164624.253914	19.0	32.638042	1.512346	1.999931	-2.0
2023-04-17 16:07:20	1075306953.502421	19.0	32.644292	1.512257	1.999939	-1.999
2023-04-17 16:07:21	1079457567.409426	19.0	32.642854	1.512272	1.999916	-1.998
2023-04-17 16:07:21	1083616482.544245	19.0	32.639417	1.512183	1.999971	-1.998
2023-04-17 16:07:21	1087783715.509334	19.0	32.635354	1.512108	1.999931	-2.0
2023-04-17 16:07:22	1091959282.940352	19.0	32.632146	1.512108	1.999931	-1.989
2023-04-17 16:07:22	1096143201.506233	19.0	32.644104	1.51193	1.999987	-1.994
2023-04-17 16:07:23	1100335487.909245	19.0	32.643625	1.511766	2.000004	-1.989
2023-04-17 16:07:23	1104536158.885064	19.0	32.637271	1.511781	1.999964	-2.006
2023-04-17 16:07:23	1108745231.202834	19.0	32.633146	1.511722	1.999971	-1.985
2023-04-17 16:07:24	1112962721.66524	19.0	32.640062	1.511647	1.999956	-1.996
2023-04-17 16:07:24	1117188647.10857	19.0	32.635417	1.511781	1.999947	-1.992
2023-04-17 16:07:25	1121423024.402787	19.0	32.640187	1.511751	2.000019	-1.996
2023-04-17 16:07:25	1125665870.451593	19.0	32.642375	1.511677	1.999939	-1.986
2023-04-17 16:07:26	1129917202.192496	19.0	32.647438	1.511484	1.999964	-1.992
2023-04-17 16:07:26	1134177036.596881	19.0	32.644771	1.511231	1.999979	-1.996
2023-04-17 16:07:26	1138445390.670075	19.0	32.639458	1.510874	1.999987	-1.987
2023-04-17 16:07:27	1142722281.451415	19.0	32.642271	1.51074	1.999931	-1.988
2023-04-17 16:07:27	1147007726.014318	19.0	32.643333	1.510592	1.999916	-1.989
2023-04-17 16:07:28	1151301741.466347	19.0	32.648812	1.51019	1.999939	-1.984
2023-04-17 16:07:28	1155604344.94928	19.0	32.648146	1.509982	1.999971	-1.984
2023-04-17 16:07:28	1159915553.639178	19.0	32.656021	1.509863	1.999899	-1.986
2023-04-17 16:07:29	1164235384.746456	19.0	32.653208	1.509506	1.999956	-1.988
2023-04-17 16:07:29	1168563855.515949	19.0	32.653208	1.50909	1.999947	-1.988
2023-04-17 16:07:30	1172900983.226981	19.0	32.641604	1.508882	1.999916	-1.995
2023-04-17 16:07:30	1177246785.193435	19.0	32.646021	1.508793	1.999907	-1.991
2023-04-17 16:07:30	1181601278.763822	19.0	32.647729	1.508852	1.999892	-1.998
2023-04-17 16:07:31	1185964481.32135	19.0	32.634104	1.509194	1.999907	-1.995
2023-04-17 16:07:31	1190336410.283992	19.0	32.633146	1.509343	1.999923	-1.996
2023-04-17 16:07:32	1194717083.10456	19.0	32.631604	1.509521	1.999931	-1.993
2023-04-17 16:07:32	1199106517.27077	19.0	32.634521	1.509521	1.999971	-1.987
2023-04-17 16:07:33	1203504730.305311	19.0	32.633812	1.509759	1.999956	-1.984
2023-04-17 16:07:33	1207911739.765922	19.0	32.636375	1.509908	1.999916	-1.991
2023-04-17 16:07:33	1212327563.245454	19.0	32.642021	1.510116	1.999907	-1.988
2023-04-17 16:07:34	1216752218.371944	19.0	32.637333	1.51022	1.999964	-1.989
2023-04-17 16:07:34	1221185722.808688	19.0	32.640292	1.510279	2.000004	-1.985
2023-04-17 16:07:35	1225628094.254306	19.0	32.640479	1.510383	2.000011	-1.987
2023-04-17 16:07:35	1230079350.442814	19.0	32.645708	1.510398	1.999971	-1.988
2023-04-17 16:07:35	1234539509.1437	19.0	32.649812	1.510369	1.999979	-1.991
2023-04-17 16:07:36	1239008588.161987	19.0	32.640604	1.510265	1.999939	-1.984
2023-04-17 16:07:36	1243486605.338311	19.0	32.638521	1.51022	1.999939	-1.985
2023-04-17 16:07:37	1247973578.548988	19.0	32.647021	1.510101	1.999971	-1.983
2023-04-17 16:07:37	1252469525.706086	19.0	32.654708	1.510012	1.999971	-1.988
2023-04-17 16:07:37	1256974464.757498	19.0	32.640062	1.509878	1.999916	-1.99
2023-04-17 16:07:38	1261488413.687013	19.0	32.641729	1.509789	1.999947	-1.981
2023-04-17 16:07:38	1266011390.514387	19.0	32.652083	1.509581	1.999939	-1.986
2023-04-17 16:07:39	1270543413.295416	19.0	32.651438	1.509462	1.999907	-1.99
2023-04-17 16:07:39	1275084500.122006	19.0	32.640417	1.509358	1.999956	-1.989
2023-04-17 16:07:40	1279634669.12225	19.0	32.640479	1.509417	1.999995	-1.987
2023-04-17 16:07:40	1284193938.460495	19.0	32.645667	1.509774	1.999939	-1.986
2023-04-17 16:07:40	1288762326.337416	19.0	32.643104	1.509952	1.999971	-1.989
2023-04-17 16:07:41	1293339850.990091	19.0	32.644833	1.509952	2.000011	-1.991
2023-04-17 16:07:41	1297926530.692071	19.0	32.653813	1.509893	1.999923	-1.982
2023-04-17 16:07:42	1302522383.753455	19.0	32.6465	1.509655	1.999964	-1.984
2023-04-17 16:07:42	1307127428.520962	19.0	32.649396	1.509566	1.999971	-1.986
2023-04-17 16:07:42	1311741683.378004	19.0	32.648521	1.50961	1.999883	-1.986
2023-04-17 16:07:43	1316365166.74476	19.0	32.641854	1.509432	1.999931	-1.979
2023-04-17 16:07:43	1320997897.078249	19.0	32.655292	1.509239	1.999907	-1.982
2023-04-17 16:07:44	1325639892.872406	19.0	32.656854	1.508793	1.999859	-1.983
2023-04-17 16:07:44	1330291172.65815	19.0	32.646375	1.508451	1.999892	-1.981
2023-04-17 16:07:45	1334951755.003467	19.0	32.644521	1.508525	1.999931	-1.983
2023-04-17 16:07:45	1339621658.513474	19.0	32.643875	1.508466	1.999916	-1.988
2023-04-17 16:07:45	1344300901.830501	19.0	32.647438	1.50851	1.999907	-1.982
2023-04-17 16:07:46	1348989503.634162	19.0	32.643625	1.508956	1.999923	-1.981
2023-04-17 16:07:46	1353687482.64143	19.0	32.652146	1.509283	1.999883	-1.987
2023-04-17 16:07:47	1358394857.606713	19.0	32.653625	1.50912	1.999947	-1.985
2023-04-17 16:07:47	1363111647.321927	19.0	32.646188	1.508614	2.000011	-1.984
2023-04-17 16:07:47	1367837870.61657	19.0	32.654354	1.507722	1.999947	-1.988
2023-04-17 16:07:48	1372573546.357804	19.0	32.647146	1.508035	1.999964	-1.986
2023-04-17 16:07:48	1377318693.450519	19.0	32.654396	1.508585	2.000011	-1.985
2023-04-17 16:07:49	1382073330.83742	19.0	32.654396	1.508778	2.000004	-1.986
2023-04-17 16:07:49	1386837477.499095	19.0	32.657312	1.508659	1.999995	-1.987
2023-04-17 16:07:49	1391611152.454093	19.0	32.652979	1.508332	2.000019	-1.985
2023-04-17 16:07:50	1396394374.759001	19.0	32.652271	1.508406	1.999987	-1.991
2023-04-17 16:07:50	1401187163.508519	19.0	32.651438	1.508659	1.999899	-1.981
2023-04-17 16:07:51	1405989537.835536	19.0	32.665771	1.508481	1.999907	-1.987
2023-04-17 16:07:51	1410801516.911207	19.0	32.649167	1.507499	1.999939	-1.988
2023-04-17 16:07:52	1415623119.94503	19.0	32.65025	1.506637	1.999899	-1.988
2023-04-17 16:07:52	1420454366.18492	19.0	32.649104	1.50573	1.999899	-1.988
2023-04-17 16:07:52	1425295274.91729	19.0	32.648812	1.505804	1.999931	-1.998
2023-04-17 16:07:53	1430145865.467124	19.0	32.649042	1.50579	1.999979	-1.985
2023-04-17 16:07:53	1435006157.198059	19.0	32.645417	1.505581	1.999939	-1.986
2023-04-17 16:07:54	1439876169.512455	19.0	32.644646	1.505834	1.999892	-1.982
2023-04-17 16:07:54	1444755921.85148	19.0	32.654771	1.506593	1.999899	-1.984
2023-04-17 16:07:54	1449645433.695183	19.0	32.660708	1.507574	1.999923	-1.986
2023-04-17 16:07:55	1454544724.562573	19.0	32.652563	1.508109	1.999916	-1.982
2023-04-17 16:07:55	1459453814.011698	19.0	32.647312	1.508406	1.999876	-1.985
2023-04-17 16:07:56	1464372721.639722	19.0	32.653979	1.508168	1.999916	-1.984
2023-04-17 16:07:56	1469301467.083001	19.0	32.644396	1.507306	1.999907	-1.98
2023-04-17 16:07:57	1474240070.017167	19.0	32.648979	1.506563	1.999916	-1.986
2023-04-17 16:07:57	1479188550.157202	19.0	32.647312	1.50628	1.999971	-1.981
2023-04-17 16:07:57	1484146927.257516	19.0	32.649938	1.506414	1.999947	-1.985
2023-04-17 16:07:58	1489115221.112031	19.0	32.642687	1.506637	1.999987	-1.986
2023-04-17 16:07:58	1494093451.554255	19.0	32.648146	1.507009	1.999956	-1.985
2023-04-17 16:07:59	1499081638.457364	19.0	32.656854	1.50741	1.999916	-1.981
2023-04-17 16:07:59	1504079801.734278	19.0	32.659583	1.507514	1.999883	-1.976
2023-04-17 16:07:59	1509087961.337747	19.0	32.655896	1.507856	1.999923	-1.982
2023-04-17 16:08:00	1514106137.260423	19.0	32.654937	1.50799	1.999956	-1.982
2023-04-17 16:08:00	1519134349.534944	19.0	32.648688	1.508124	1.999931	-1.982
2023-04-17 16:08:01	1524172618.234014	19.0	32.656312	1.508376	1.999907	-1.98
2023-04-17 16:08:01	1529220963.470482	19.0	32.654708	1.508362	1.999979	-1.981
2023-04-17 16:08:01	1534279405.397423	19.0	32.648875	1.508317	1.999947	-1.984
2023-04-17 16:08:02	1539347964.208217	19.0	32.652437	1.508287	1.999892	-1.979
2023-04-17 16:08:02	1544426660.136634	19.0	32.654875	1.508198	1.999964	-1.983
2023-04-17 16:08:03	1549515513.456907	19.0	32.654229	1.508109	2.000019	-1.984
2023-04-17 16:08:03	1554614544.483821	19.0	32.648521	1.508064	1.999956	-1.981
2023-04-17 16:08:04	1559723773.572788	19.0	32.650479	1.508079	1.999964	-1.979
2023-04-17 16:08:04	1564843221.119934	19.0	32.660354	1.507931	2.000004	-1.979
2023-04-17 16:08:04	1569972907.562174	19.0	32.649229	1.507975	1.999995	-1.979
2023-04-17 16:08:05	1575112853.377298	19.0	32.652083	1.508183	1.999964	-1.982
2023-04-17 16:08:05	1580263079.084053	19.0	32.650896	1.508198	1.999964	-1.975
2023-04-17 16:08:06	1585423605.242221	19.0	32.659771	1.508035	1.999939	-1.978
2023-04-17 16:08:06	1590594452.452705	19.0	32.651792	1.508049	1.999987	-1.978
2023-04-17 16:08:06	1595775641.357611	19.0	32.655958	1.508198	1.999956	-1.983
2023-04-17 16:08:07	1600967192.640326	19.0	32.6475	1.508302	1.999987	-1.982
2023-04-17 16:08:07	1606169127.025607	19.0	32.653208	1.508362	2.000004	-1.979
2023-04-17 16:08:08	1611381465.279658	19.0	32.657854	1.508406	1.999899	-1.979
2023-04-17 16:08:08	1616604228.210217	19.0	32.662375	1.508376	1.999916	-1.982
2023-04-17 16:08:08	1621837436.666638	19.0	32.655417	1.508555	1.999899	-1.982
2023-04-17 16:08:09	1627081111.539971	19.0	32.655187	1.508599	1.999892	-1.98
2023-04-17 16:08:09	1632335273.763051	19.0	32.656437	1.508704	1.999923	-1.978
2023-04-17 16:08:10	1637599944.310577	19.0	32.646125	1.508793	1.999987	-1.979
2023-04-17 16:08:10	1642875144.199198	19.0	32.645479	1.508718	1.999964	-1.981
2023-04-17 16:08:11	1648160894.487597	19.0	32.650292	1.508659	1.999939	-1.983
2023-04-17 16:08:11	1653457216.276572	19.0	32.64875	1.508659	1.999907	-1.982
2023-04-17 16:08:11	1658764130.709125	19.0	32.6465	1.50851	1.999931	-1.987
2023-04-17 16:08:12	1664081658.970543	19.0	32.652917	1.508347	1.999907	-1.984
2023-04-17 16:08:12	1669409822.288484	19.0	32.650125	1.508273	1.999923	-1.983
2023-04-17 16:08:13	1674748641.933061	19.0	32.64525	1.508391	1.999947	-1.985
2023-04-17 16:08:13	1680098139.216928	19.0	32.653333	1.508317	1.999939	-1.98
2023-04-17 16:08:13	1685458335.495361	19.0	32.654583	1.508436	1.999916	-1.972
2023-04-17 16:08:14	1690829252.166352	19.0	32.64525	1.508406	1.999892	-1.983
2023-04-17 16:08:14	1696210910.670685	19.0	32.652979	1.508525	1.999931	-1.983
2023-04-17 16:08:15	1701603332.492026	19.0	32.651438	1.50854	1.999931	-1.981
2023-04-17 16:08:15	1707006539.15701	19.0	32.649354	1.508391	1.999956	-1.981
2023-04-17 16:08:16	1712420552.235324	19.0	32.656437	1.508421	1.999931	-1.982
2023-04-17 16:08:16	1717845393.339795	19.0	32.654708	1.508451	1.999923	-1.981
2023-04-17 16:08:16	1723281084.126474	19.0	32.650896	1.508376	1.999931	-1.978
2023-04-17 16:08:17	1728727646.294727	19.0	32.649167	1.508198	1.999899	-1.979
2023-04-17 16:08:17	1734185101.587317	19.0	32.653625	1.50796	1.999892	-1.982
2023-04-17 16:08:18	1739653471.790491	19.0	32.648271	1.507856	1.999844	-1.986
2023-04-17 16:08:18	1745132778.734072	19.0	32.654229	1.507782	1.99982	-1.975
2023-04-17 16:08:18	1750623044.291541	19.0	32.660417	1.507797	1.999859	-1.98
2023-04-17 16:08:19	1756124290.380124	19.0	32.6565	1.507945	1.999859	-1.985
2023-04-17 16:08:19	1761636538.960884	19.0	32.655896	1.508005	1.999876	-1.978
2023-04-17 16:08:20	1767159812.038806	19.0	32.657625	1.50799	1.999892	-1.979
2023-04-17 16:08:20	1772694131.662883	19.0	32.665771	1.50802	1.999892	-1.978
2023-04-17 16:08:20	1778239519.926209	19.0	32.663812	1.507975	1.999876	-1.98
2023-04-17 16:08:21	1783795998.966061	19.0	32.652917	1.508049	1.999859	-1.978
2023-04-17 16:08:21	1789363590.963994	19.0	32.646958	1.508168	1.999859	-1.981
2023-04-17 16:08:22	1794942318.145921	19.0	32.648521	1.508228	1.999931	-1.985
2023-04-17 16:08:22	1800532202.782213	19.0	32.647729	1.508243	1.999956	-1.983
2023-04-17 16:08:23	1806133267.187778	19.0	32.655708	1.508154	1.999923	-1.979
2023-04-17 16:08:23	1811745533.722153	19.0	32.659521	1.508079	1.999916	-1.974
2023-04-17 16:08:23	1817369024.789598	19.0	32.657083	1.508035	1.999876	-1.984
2023-04-17 16:08:24	1823003762.839177	19.0	32.656917	1.508005	1.999899	-1.981
2023-04-17 16:08:24	1828649770.364855	19.0	32.648583	1.50802	1.999916	-1.981
2023-04-17 16:08:25	1834307069.905585	19.0	32.647917	1.50796	1.999923	-1.976
2023-04-17 16:08:25	1839975684.045396	19.0	32.655187	1.508079	1.999939	-1.98
2023-04-17 16:08:25	1845655635.413487	19.0	32.654812	1.507678	1.999899	-1.974
2023-04-17 16:08:26	1851346946.684314	19.0	32.655229	1.507722	1.999883	-1.979
2023-04-17 16:08:26	1857049640.577683	19.0	32.666854	1.507529	1.999931	-1.986
2023-04-17 16:08:27	1862763739.858838	19.0	32.657375	1.50744	1.999971	-1.982
2023-04-17 16:08:27	1868489267.338556	19.0	32.658042	1.507291	1.999907	-1.98
2023-04-17 16:08:27	1874226245.873233	19.0	32.660062	1.507157	1.999916	-1.974
2023-04-17 16:08:28	1879974698.36498	19.0	32.651438	1.507202	1.999923	-1.981
2023-04-17 16:08:28	1885734647.761709	19.0	32.647562	1.507083	1.999931	-1.978
2023-04-17 16:08:29	1891506117.057233	19.0	32.649708	1.507143	1.999939	-1.975
2023-04-17 16:08:29	1897289129.291347	19.0	32.650833	1.507083	1.999931	-1.977
2023-04-17 16:08:30	1903083707.54993	19.0	32.654229	1.507143	1.999892	-1.974
2023-04-17 16:08:30	1908889874.96503	19.0	32.654708	1.507172	1.999883	-1.98
2023-04-17 16:08:30	1914707654.71496	19.0	32.65875	1.507247	1.999907	-1.979
2023-04-17 16:08:31	1920537070.02439	19.0	32.649104	1.507336	1.999916	-1.981
2023-04-17 16:08:31	1926378144.164438	19.0	32.65775	1.507455	1.999899	-1.973
2023-04-17 16:08:32	1932230900.452767	19.0	32.657375	1.507559	1.999851	-1.977
2023-04-17 16:08:32	1938095362.253673	19.0	32.659354	1.507529	1.999883	-1.979
2023-04-17 16:08:32	1943971552.97818	19.0	32.659292	1.50747	1.999868	-1.976
2023-04-17 16:08:33	1949859496.084136	19.0	32.663396	1.507485	1.999931	-1.984
2023-04-17 16:08:33	1955759215.076305	19.0	32.648583	1.507589	1.999876	-1.977
2023-04-17 16:08:34	1961670733.506457	19.0	32.650479	1.507529	1.999899	-1.981
2023-04-17 16:08:34	1967594074.97347	19.0	32.653271	1.507529	1.999883	-1.985
2023-04-17 16:08:35	1973529263.123417	19.0	32.645958	1.50741	1.999876	-1.984
2023-04-17 16:08:35	1979476321.649664	19.0	32.657021	1.507395	1.999892	-1.978
2023-04-17 16:08:35	1985435274.292963	19.0	32.651125	1.507262	1.999883	-1.983
2023-04-17 16:08:36	1991406144.841549	19.0	32.655708	1.507187	1.999947	-1.983
2023-04-17 16:08:36	1997388957.131232	19.0	32.654583	1.507157	1.999931	-1.98
2023-04-17 16:08:37	2003383735.045495	19.0	32.656021	1.507143	1.999916	-1.982
2023-04-17 16:08:37	2009390502.515586	19.0	32.66	1.507187	1.999923	-1.983
2023-04-17 16:08:37	2015409283.520617	19.0	32.647208	1.507083	1.999923	-1.983
2023-04-17 16:08:38	2021440102.087658	19.0	32.6515	1.507157	1.999876	-1.985
2023-04-17 16:08:38	2027482982.291833	19.0	32.664	1.507128	1.999907	-1.979
2023-04-17 16:08:39	2033537948.256417	19.0	32.645896	1.507172	1.999859	-1.975
2023-04-17 16:08:39	2039605024.15293	19.0	32.659813	1.507083	1.99982	-1.979
2023-04-17 16:08:39	2045684234.201236	19.0	32.669771	1.507098	1.999931	-1.977
2023-04-17 16:08:40	2051775602.669638	19.0	32.650958	1.507068	1.999931	-1.978
2023-04-17 16:08:40	2057879153.874977	19.0	32.651667	1.507053	1.999947	-1.982
2023-04-17 16:08:41	2063994912.182727	19.0	32.652563	1.507083	1.999939	-1.981
2023-04-17 16:08:41	2070122902.007092	19.0	32.652208	1.507098	1.999907	-1.981
2023-04-17 16:08:42	2076263147.811107	19.0	32.656375	1.507068	1.999892	-1.978
2023-04-17 16:08:42	2082415674.106729	19.0	32.660125	1.507083	1.999923	-1.977
2023-04-17 16:08:42	2088580505.454942	19.0	32.663396	1.507053	1.999947	-1.981
2023-04-17 16:08:43	2094757666.465852	19.0	32.655896	1.507009	1.999956	-1.983
2023-04-17 16:08:43	2100947181.798784	19.0	32.653271	1.507009	1.999923	-1.981
2023-04-17 16:08:44	2107149076.162381	19.0	32.653333	1.507024	1.999947	-1.978
2023-04-17 16:08:44	2113363374.314706	19.0	32.648271	1.50692	1.999947	-1.98
2023-04-17 16:08:44	2119590101.063335	19.0	32.651313	1.506949	1.999939	-1.981
2023-04-17 16:08:45	2125829281.265462	19.0	32.659104	1.506979	1.999971	-1.98
2023-04-17 16:08:45	2132080939.827993	19.0	32.656729	1.506979	1.999923	-1.983
2023-04-17 16:08:46	2138345101.707649	19.0	32.65275	1.507053	1.999956	-1.983
2023-04-17 16:08:46	2144621791.911065	19.0	32.651958	1.507068	1.999916	-1.982
2023-04-17 16:08:46	2150911035.494887	19.0	32.641542	1.506979	1.999947	-1.974
2023-04-17 16:08:47	2157212857.565876	19.0	32.655833	1.506949	1.999979	-1.985
2023-04-17 16:08:47	2163527283.281008	19.0	32.657562	1.506979	2.000004	-1.984
2023-04-17 16:08:48	2169854337.84757	19.0	32.654229	1.506845	1.999979	-1.985
2023-04-17 16:08:48	2176194046.523265	19.0	32.6625	1.506964	1.999956	-1.98
2023-04-17 16:08:49	2182546434.616312	19.0	32.660542	1.506935	1.999916	-1.98
2023-04-17 16:08:49	2188911527.485545	19.0	32.664292	1.50686	1.999964	-1.979
2023-04-17 16:08:49	2195289350.540516	19.0	32.661313	1.50686	1.999931	-1.982
2023-04-17 16:08:50	2201679929.241597	19.0	32.65625	1.506801	1.999916	-1.983
2023-04-17 16:08:50	2208083289.10008	19.0	32.662333	1.506682	1.999971	-1.979
2023-04-17 16:08:51	2214499455.67828	19.0	32.657271	1.506593	2.000011	-1.979
2023-04-17 16:08:51	2220928454.589637	19.0	32.65625	1.506652	1.999971	-1.977
2023-04-17 16:08:51	2227370311.498816	19.0	32.653146	1.506607	1.999907	-1.978
2023-04-17 16:08:52	2233825052.121814	19.0	32.6515	1.506548	1.999892	-1.977
2023-04-17 16:08:52	2240292702.226058	19.0	32.657687	1.506577	1.999923	-1.978
2023-04-17 16:08:53	2246773287.63051	19.0	32.661187	1.506607	1.999923	-1.983
2023-04-17 16:08:53	2253266834.205771	19.0	32.666438	1.506593	1.999923	-1.988
2023-04-17 16:08:54	2259773367.874183	19.0	32.651729	1.506652	1.999916	-1.982
2023-04-17 16:08:54	2266292914.609931	19.0	32.656312	1.506518	1.999892	-1.982
2023-04-17 16:08:54	2272825500.439151	19.0	32.654354	1.506444	1.999907	-1.983
2023-04-17 16:08:55	2279371151.440029	19.0	32.657917	1.506369	1.999899	-1.977
2023-04-17 16:08:55	2285929893.742909	19.0	32.661187	1.506295	1.999892	-1.975
2023-04-17 16:08:56	2292501753.530395	19.0	32.660417	1.506235	1.999947	-1.977
2023-04-17 16:08:56	2299086757.037456	19.0	32.655667	1.506191	1.999916	-1.977
2023-04-17 16:08:56	2305684930.551531	19.0	32.654229	1.506191	1.999923	-1.981
2023-04-17 16:08:57	2312296300.412634	19.0	32.649812	1.506146	1.999931	-1.981
2023-04-17 16:08:57	2318920893.013459	19.0	32.665604	1.506057	1.999947	-1.982
2023-04-17 16:08:58	2325558734.799486	19.0	32.657687	1.506013	1.999899	-1.978
2023-04-17 16:08:58	2332209852.269085	19.0	32.665125	1.505953	1.999899	-1.982
2023-04-17 16:08:58	2338874271.973623	19.0	32.659229	1.505953	1.999923	-1.982
2023-04-17 16:08:59	2345552020.51757	19.0	32.65875	1.505894	1.999947	-1.981
2023-04-17 16:08:59	2352243124.558606	19.0	32.658167	1.505953	1.999923	-1.983
2023-04-17 16:09:00	2358947610.807723	19.0	32.662021	1.505938	1.999923	-1.979
2023-04-17 16:09:00	2365665506.029338	19.0	32.643937	1.505938	1.999876	-1.982
2023-04-17 16:09:01	2372396837.041397	19.0	32.647438	1.505998	1.999835	-1.981
2023-04-17 16:09:01	2379141630.71548	19.0	32.647729	1.505953	1.999947	-1.977
2023-04-17 16:09:01	2385899913.976911	19.0	32.650292	1.505834	2.000004	-1.982
2023-04-17 16:09:02	2392671713.804864	19.0	32.656437	1.505834	1.999971	-1.979
2023-04-17 16:09:02	2399457057.232474	19.0	32.656125	1.505894	1.999971	-1.981
2023-04-17 16:09:03	2406255971.346939	19.0	32.653562	1.505819	2.000004	-1.977
2023-04-17 16:09:03	2413068483.289633	19.0	32.655354	1.50579	1.999971	-1.982
2023-04-17 16:09:03	2419894620.256212	19.0	32.646729	1.505864	1.999931	-1.981
2023-04-17 16:09:04	2426734409.496725	19.0	32.649167	1.505864	1.999931	-1.977
2023-04-17 16:09:04	2433587878.315718	19.0	32.650125	1.505804	1.999956	-1.974
2023-04-17 16:09:05	2440455054.07235	19.0	32.659875	1.505834	1.999947	-1.979
2023-04-17 16:09:05	2447335964.180494	19.0	32.654354	1.50576	1.999899	-1.982
2023-04-17 16:09:06	2454230636.108855	19.0	32.6575	1.50579	1.999892	-1.983
2023-04-17 16:09:06	2461139097.381073	19.0	32.654875	1.5057	1.999939	-1.979
2023-04-17 16:09:06	2468061375.575835	19.0	32.660125	1.50576	1.999987	-1.981
2023-04-17 16:09:07	2474997498.326987	19.0	32.655896	1.505775	1.999947	-1.979
2023-04-17 16:09:07	2481947493.323641	19.0	32.656604	1.505908	1.999939	-1.975
2023-04-17 16:09:08	2488911388.310288	19.0	32.656729	1.505908	1.999964	-1.984
2023-04-17 16:09:08	2495889211.086908	19.0	32.656187	1.505953	1.999947	-1.977
2023-04-17 16:09:08	2502880989.509082	19.0	32.656437	1.505953	1.999923	-1.982
2023-04-17 16:09:09	2509886751.488101	19.0	32.652625	1.505938	1.999987	-1.983
2023-04-17 16:09:09	2516906524.991077	19.0	32.649167	1.505834	2.000019	-1.978
2023-04-17 16:09:10	2523940338.041059	19.0	32.661542	1.505775	1.999979	-1.983
2023-04-17 16:09:10	2530988218.717141	19.0	32.646021	1.505685	1.999987	-1.988
2023-04-17 16:09:10	2538050195.154575	19.0	32.642917	1.505671	1.999939	-1.983
2023-04-17 16:09:11	2545126295.544885	19.0	32.65625	1.505611	1.999923	-1.978
2023-04-17 16:09:11	2552216548.135974	19.0	32.653104	1.505671	1.999971	-1.98
2023-04-17 16:09:12	2559320981.232246	19.0	32.655187	1.505611	1.999939	-1.98
2023-04-17 16:09:12	2566439623.194711	19.0	32.653687	1.505537	2.000004	-1.982
2023-04-17 16:09:13	2573572502.4411	19.0	32.653208	1.505507	1.999971	-1.983
2023-04-17 16:09:13	2580719647.445982	19.0	32.660125	1.505581	2.000027	-1.984
2023-04-17 16:09:13	2587881086.740874	19.0	32.656917	1.505596	1.999987	-1.981
2023-04-17 16:09:14	2595056848.914356	19.0	32.650708	1.505656	1.999956	-1.984
2023-04-17 16:09:14	2602246962.612185	19.0	32.651542	1.505626	1.999956	-1.982
2023-04-17 16:09:15	2609451456.537409	19.0	32.647438	1.505641	1.999971	-1.985
2023-04-17 16:09:15	2616670359.450484	19.0	32.648271	1.505566	2.000019	-1.983
2023-04-17 16:09:15	2623903700.169385	19.0	32.65125	1.505507	2.000011	-1.982
2023-04-17 16:09:16	2631151507.569724	19.0	32.649521	1.505552	2.000011	-1.984
2023-04-17 16:09:16	2638413810.584864	19.0	32.641437	1.505671	2.000019	-1.981
2023-04-17 16:09:17	2645690638.206033	19.0	32.653687	1.505715	1.999971	-1.98
2023-04-17 16:09:17	2652982019.482445	19.0	32.649104	1.505641	1.999987	-1.981
2023-04-17 16:09:17	2660287983.52141	19.0	32.653875	1.505626	2.000004	-1.983
2023-04-17 16:09:18	2667608559.488453	19.0	32.651438	1.505581	1.999987	-1.98
2023-04-17 16:09:18	2674943776.60743	19.0	32.654229	1.505492	2.000043	-1.984
2023-04-17 16:09:19	2682293664.160645	19.0	32.647792	1.505522	1.999987	-1.983
2023-04-17 16:09:19	2689658251.488966	19.0	32.655896	1.505492	2.000004	-1.981
2023-04-17 16:09:20	2697037567.991944	19.0	32.646667	1.505477	1.999971	-1.982
2023-04-17 16:09:20	2704431643.127928	19.0	32.6525	1.505522	1.999987	-1.983
2023-04-17 16:09:20	2711840506.414184	19.0	32.659104	1.505537	1.999956	-1.984
2023-04-17 16:09:21	2719264187.427012	19.0	32.647625	1.505581	1.999971	-1.983
2023-04-17 16:09:21	2726702715.801867	19.0	32.654583	1.5057	1.999923	-1.98
2023-04-17 16:09:22	2734156121.23347	19.0	32.660542	1.505685	1.999939	-1.982
2023-04-17 16:09:22	2741624433.475937	19.0	32.661021	1.5057	1.999947	-1.981
2023-04-17 16:09:22	2749107682.342889	19.0	32.659042	1.505685	1.999876	-1.977
2023-04-17 16:09:23	2756605897.707575	19.0	32.655125	1.5057	1.999868	-1.983
2023-04-17 16:09:23	2764119109.50299	19.0	32.647625	1.50573	1.999939	-1.981
2023-04-17 16:09:24	2771647347.721996	19.0	32.654042	1.505656	1.999947	-1.983
2023-04-17 16:09:24	2779190642.41744	19.0	32.648271	1.505626	1.999931	-1.981
2023-04-17 16:09:25	2786749023.702275	19.0	32.644833	1.505596	1.999987	-1.978
2023-04-17 16:09:25	2794322521.74968	19.0	32.644771	1.505552	1.999995	-1.975
2023-04-17 16:09:25	2801911166.79318	19.0	32.6625	1.505641	1.999979	-1.982
2023-04-17 16:09:26	2809514989.126766	19.0	32.6575	1.505611	2.000035	-1.98
2023-04-17 16:09:26	2817134019.105019	19.0	32.655187	1.505641	2.000011	-1.978
2023-04-17 16:09:27	2824768287.143229	19.0	32.658208	1.505715	2.000019	-1.978
2023-04-17 16:09:27	2832417823.717515	19.0	32.655417	1.505775	1.999995	-1.979
2023-04-17 16:09:27	2840082659.364951	19.0	32.648583	1.505715	2.000043	-1.982
2023-04-17 16:09:28	2847762824.683681	19.0	32.652271	1.5057	1.999971	-1.981
2023-04-17 16:09:28	2855458350.333048	19.0	32.650479	1.505864	1.999923	-1.982
2023-04-17 16:09:29	2863169267.033714	19.0	32.656667	1.505834	1.999971	-1.986
2023-04-17 16:09:29	2870895605.567781	19.0	32.651542	1.505819	1.999995	-1.984
2023-04-17 16:09:29	2878637396.778917	19.0	32.657312	1.50579	1.999956	-1.984
2023-04-17 16:09:30	2886394671.572474	19.0	32.652917	1.505938	1.999979	-1.974
2023-04-17 16:09:30	2894167460.915619	19.0	32.650479	1.505849	1.999979	-1.981
2023-04-17 16:09:31	2901955795.837451	19.0	32.650542	1.505775	1.999964	-1.985
2023-04-17 16:09:31	2909759707.429125	19.0	32.659104	1.50576	1.999931	-1.981
2023-04-17 16:09:32	2917579226.843984	19.0	32.650604	1.50573	2.000004	-1.984
2023-04-17 16:09:32	2925414385.297672	19.0	32.654167	1.505775	1.999995	-1.983
2023-04-17 16:09:32	2933265214.068267	19.0	32.647562	1.50579	1.999947	-1.981
2023-04-17 16:09:33	2941131744.496404	19.0	32.6515	1.505715	1.999971	-1.982
2023-04-17 16:09:33	2949014007.985396	19.0	32.654646	1.505641	2.000027	-1.979
2023-04-17 16:09:34	2956912036.001367	19.0	32.656125	1.505611	1.999964	-1.98
2023-04-17 16:09:34	2964825860.07337	19.0	32.663333	1.505715	1.999939	-1.982
2023-04-17 16:09:34	2972755511.793517	19.0	32.65	1.505537	2.000004	-1.983
2023-04-17 16:09:35	2980701022.817104	19.0	32.661437	1.505611	1.999939	-1.984
2023-04-17 16:09:35	2988662424.862738	19.0	32.653458	1.505522	1.999916	-1.979
2023-04-17 16:09:36	2996639749.712463	19.0	32.655125	1.505537	1.999947	-1.981
