2023-04-17 15:52:25	50000000.0	19.0	34.654042	2.994167	0.0	0.005
2023-04-17 15:52:26	52100000.0	19.0	34.654521	2.994212	0.0	0.01
2023-04-17 15:52:26	54204200.0	19.0	34.648937	2.994226	0.0	0.008
2023-04-17 15:52:27	56312608.4	19.0	34.6465	2.994212	0.0	0.007
2023-04-17 15:52:27	58425233.6168	19.0	34.653875	2.994212	0.0	0.006
2023-04-17 15:52:28	60542084.084034	19.0	34.651958	2.994197	0.0	0.012
2023-04-17 15:52:28	62663168.252202	19.0	34.655542	2.994197	0.0	0.007
2023-04-17 15:52:28	64788494.588706	19.0	34.651729	2.994212	0.0	0.009
2023-04-17 15:52:29	66918071.577883	19.0	34.655771	2.994226	0.0	0.007
2023-04-17 15:52:29	69051907.721039	19.0	34.646604	2.994241	0.0	0.011
2023-04-17 15:52:30	71190011.536481	19.0	34.663458	2.994271	0.0	0.006
2023-04-17 15:52:30	73332391.559554	19.0	34.660292	2.994241	0.0	0.006
2023-04-17 15:52:30	75479056.342673	19.0	34.655604	2.994256	0.0	0.01
2023-04-17 15:52:31	77630014.455359	19.0	34.660292	2.994256	0.0	0.014
2023-04-17 15:52:31	79785274.484269	19.0	34.6575	2.994241	0.0	0.014
2023-04-17 15:52:32	81944845.033238	19.0	34.65525	2.994212	0.0	0.01
2023-04-17 15:52:32	84108734.723304	19.0	34.653562	2.994197	0.0	0.012
2023-04-17 15:52:32	86276952.192751	19.0	34.654458	2.994197	0.0	0.009
2023-04-17 15:52:33	88449506.097137	19.0	34.656667	2.994182	0.0	0.01
2023-04-17 15:52:33	90626405.109331	19.0	34.663146	2.994182	0.0	0.007
2023-04-17 15:52:34	92807657.91955	19.0	34.651187	2.994197	0.0	0.006
2023-04-17 15:52:34	94993273.235389	19.0	34.659354	2.994197	0.0	0.003
2023-04-17 15:52:35	97183259.781859	19.0	34.655125	2.994182	0.0	0.007
2023-04-17 15:52:35	99377626.301423	19.0	34.65	2.994197	0.0	0.004
2023-04-17 15:52:35	101576381.554026	19.0	34.654583	2.994212	0.0	0.004
2023-04-17 15:52:36	103779534.317134	19.0	34.645062	2.994226	0.0	0.007
2023-04-17 15:52:36	105987093.385768	19.0	34.649396	2.994226	0.0	0.001
2023-04-17 15:52:37	108199067.57254	19.0	34.657438	2.994241	0.0	0.005
2023-04-17 15:52:37	110415465.707685	19.0	34.649042	2.994256	0.0	0.005
2023-04-17 15:52:37	112636296.6391	19.0	34.655417	2.994271	0.0	0.008
2023-04-17 15:52:38	114861569.232378	19.0	34.644167	2.994241	0.0	0.008
2023-04-17 15:52:38	117091292.370843	19.0	34.64875	2.994241	0.0	0.007
2023-04-17 15:52:39	119325474.955585	19.0	34.651375	2.994226	0.0	0.008
2023-04-17 15:52:39	121564125.905496	19.0	34.6515	2.994241	0.0	0.005
2023-04-17 15:52:40	123807254.157307	19.0	34.653562	2.994226	0.0	0.008
2023-04-17 15:52:40	126054868.665622	19.0	34.645229	2.994256	0.0	-0.0
2023-04-17 15:52:40	128306978.402953	19.0	34.640604	2.994271	0.0	0.002
2023-04-17 15:52:41	130563592.359759	19.0	34.653042	2.994286	0.0	0.007
2023-04-17 15:52:41	132824719.544478	19.0	34.658875	2.994286	0.0	0.001
2023-04-17 15:52:42	135090368.983567	19.0	34.654167	2.994316	0.0	0.004
2023-04-17 15:52:42	137360549.721534	19.0	34.654042	2.994331	0.0	0.006
2023-04-17 15:52:42	139635270.820978	19.0	34.654354	2.994331	0.0	0.007
2023-04-17 15:52:43	141914541.362619	19.0	34.653208	2.994375	0.0	-0.002
2023-04-17 15:52:43	144198370.445345	19.0	34.643625	2.99445	0.0	0.005
2023-04-17 15:52:44	146486767.186235	19.0	34.648396	2.994479	0.0	0.009
2023-04-17 15:52:44	148779740.720608	19.0	34.657333	2.994584	0.0	0.008
2023-04-17 15:52:44	151077300.202049	19.0	34.64775	2.994762	0.0	0.008
2023-04-17 15:52:45	153379454.802453	19.0	34.656312	2.994895	0.0	0.008
2023-04-17 15:52:45	155686213.712058	19.0	34.650479	2.995223	0.0	0.008
2023-04-17 15:52:46	157997586.139482	19.0	34.658521	2.995312	0.0	0.008
2023-04-17 15:52:46	160313581.311761	19.0	34.653208	2.994925	0.0	0.007
2023-04-17 15:52:47	162634208.474385	19.0	34.651729	2.994658	0.0	0.005
2023-04-17 15:52:47	164959476.891333	19.0	34.653333	2.994405	0.0	0.003
2023-04-17 15:52:47	167289395.845116	19.0	34.648875	2.99436	0.0	0.009
2023-04-17 15:52:48	169623974.636806	19.0	34.653562	2.994405	0.0	0.006
2023-04-17 15:52:48	171963222.58608	19.0	34.655771	2.994375	0.0	0.005
2023-04-17 15:52:49	174307149.031252	19.0	34.650479	2.99436	0.0	0.01
2023-04-17 15:52:49	176655763.329315	19.0	34.655	2.994316	0.0	0.009
2023-04-17 15:52:49	179009074.855973	19.0	34.659292	2.994241	0.0	0.007
2023-04-17 15:52:50	181367093.005685	19.0	34.652854	2.994286	0.0	0.006
2023-04-17 15:52:50	183729827.191697	19.0	34.654042	2.994346	0.0	0.009
2023-04-17 15:52:51	186097286.84608	19.0	34.662792	2.994375	0.0	0.008
2023-04-17 15:52:51	188469481.419772	19.0	34.645354	2.99436	0.0	0.008
2023-04-17 15:52:51	190846420.382612	19.0	34.647687	2.994316	0.0	0.005
2023-04-17 15:52:52	193228113.223377	19.0	34.644521	2.994212	0.0	-0.001
2023-04-17 15:52:52	195614569.449824	19.0	34.638521	2.994182	0.0	0.004
2023-04-17 15:52:53	198005798.588723	19.0	34.644104	2.994167	0.0	0.001
2023-04-17 15:52:53	200401810.185901	19.0	34.64375	2.994271	0.0	-0.003
2023-04-17 15:52:54	202802613.806273	19.0	34.639833	2.994346	0.0	0.001
2023-04-17 15:52:54	205208219.033885	19.0	34.64875	2.99445	0.0	0.002
2023-04-17 15:52:54	207618635.471953	19.0	34.641917	2.994405	0.0	0.003
2023-04-17 15:52:55	210033872.742897	19.0	34.650542	2.994346	0.0	0.008
2023-04-17 15:52:55	212453940.488383	19.0	34.65125	2.994286	0.0	0.004
2023-04-17 15:52:56	214878848.369359	19.0	34.653167	2.994256	0.0	0.009
2023-04-17 15:52:56	217308606.066098	19.0	34.651375	2.994256	0.0	0.01
2023-04-17 15:52:56	219743223.27823	19.0	34.652792	2.994271	0.0	0.004
2023-04-17 15:52:57	222182709.724787	19.0	34.644813	2.994271	0.0	0.006
2023-04-17 15:52:57	224627075.144236	19.0	34.6565	2.994271	0.0	0.012
2023-04-17 15:52:58	227076329.294525	19.0	34.655958	2.994271	0.0	0.011
2023-04-17 15:52:58	229530481.953114	19.0	34.658875	2.994271	0.0	0.005
2023-04-17 15:52:59	231989542.91702	19.0	34.657271	2.994256	0.0	0.004
2023-04-17 15:52:59	234453522.002854	19.0	34.647562	2.994301	0.0	0.008
2023-04-17 15:52:59	236922429.04686	19.0	34.648688	2.994331	0.0	0.001
2023-04-17 15:53:00	239396273.904953	19.0	34.650479	2.994331	0.0	-0.007
2023-04-17 15:53:00	241875066.452763	19.0	34.645896	2.994286	0.0	-0.005
2023-04-17 15:53:01	244358816.585669	19.0	34.651375	2.994271	0.0	-0.006
2023-04-17 15:53:01	246847534.21884	19.0	34.648688	2.994271	0.0	-0.0
2023-04-17 15:53:01	249341229.287278	19.0	34.645896	2.994256	0.0	0.001
2023-04-17 15:53:02	251839911.745852	19.0	34.645125	2.994241	0.0	0.003
2023-04-17 15:53:02	254343591.569344	19.0	34.651917	2.994241	0.0	0.005
2023-04-17 15:53:03	256852278.752483	19.0	34.650542	2.994226	0.0	0.002
2023-04-17 15:53:03	259365983.309988	19.0	34.652083	2.994256	0.0	0.009
2023-04-17 15:53:03	261884715.276608	19.0	34.656958	2.994256	0.0	0.011
2023-04-17 15:53:04	264408484.707161	19.0	34.654708	2.994256	0.0	-0.001
2023-04-17 15:53:04	266937301.676575	19.0	34.632562	2.994241	0.0	-0.018
2023-04-17 15:53:05	269471176.279928	19.0	34.621437	2.994212	0.0	-0.03
2023-04-17 15:53:05	272010118.632488	19.0	34.616312	2.994212	0.0	-0.019
2023-04-17 15:53:06	274554138.869753	19.0	34.613104	2.994212	0.0	-0.035
2023-04-17 15:53:06	277103247.147493	19.0	34.595417	2.994197	0.0	-0.057
2023-04-17 15:53:06	279657453.641788	19.0	34.577979	2.994182	0.0	-0.077
2023-04-17 15:53:07	282216768.549071	19.0	34.565833	2.994167	0.0	-0.07
2023-04-17 15:53:07	284781202.08617	19.0	34.570771	2.994153	0.0	-0.062
2023-04-17 15:53:08	287350764.490342	19.0	34.579104	2.994123	0.0	-0.054
2023-04-17 15:53:08	289925466.019323	19.0	34.591021	2.994092	0.0	-0.053
2023-04-17 15:53:08	292505316.951361	19.0	34.597208	2.994123	0.0	-0.048
2023-04-17 15:53:09	295090327.585264	19.0	34.606313	2.994182	0.0	-0.039
2023-04-17 15:53:09	297680508.240435	19.0	34.604583	2.994212	0.0	-0.035
2023-04-17 15:53:10	300275869.256915	19.0	34.598396	2.994226	0.0	-0.034
2023-04-17 15:53:10	302876420.995429	19.0	34.619167	2.994241	0.0	-0.029
2023-04-17 15:53:10	305482173.83742	19.0	34.615542	2.994226	0.0	-0.03
2023-04-17 15:53:11	308093138.185095	19.0	34.614646	2.994197	0.0	-0.025
2023-04-17 15:53:11	310709324.461465	19.0	34.608937	2.994212	0.0	-0.031
2023-04-17 15:53:12	313330743.110388	19.0	34.623625	2.994241	0.0	-0.029
2023-04-17 15:53:12	315957404.596609	19.0	34.614354	2.994256	0.0	-0.029
2023-04-17 15:53:13	318589319.405802	19.0	34.606958	2.994226	0.0	-0.03
2023-04-17 15:53:13	321226498.044614	19.0	34.616083	2.994212	0.0	-0.028
2023-04-17 15:53:13	323868951.040703	19.0	34.622792	2.994197	0.0	-0.04
2023-04-17 15:53:14	326516688.942784	19.0	34.613563	2.994182	0.0	-0.027
2023-04-17 15:53:14	329169722.32067	19.0	34.613271	2.994153	0.0	-0.032
2023-04-17 15:53:15	331828061.765311	19.0	34.613937	2.994138	0.0	-0.035
2023-04-17 15:53:15	334491717.888842	19.0	34.626479	2.994108	0.0	-0.036
2023-04-17 15:53:15	337160701.324619	19.0	34.623937	2.994138	0.0	-0.036
2023-04-17 15:53:16	339835022.727269	19.0	34.6115	2.994138	0.0	-0.035
2023-04-17 15:53:16	342514692.772723	19.0	34.623937	2.994138	0.0	-0.045
2023-04-17 15:53:17	345199722.158269	19.0	34.622083	2.994153	0.0	-0.045
2023-04-17 15:53:17	347890121.602585	19.0	34.609833	2.994153	0.0	-0.055
2023-04-17 15:53:18	350585901.84579	19.0	34.620771	2.994197	0.0	-0.059
2023-04-17 15:53:18	353287073.649482	19.0	34.62025	2.994226	0.0	-0.076
2023-04-17 15:53:18	355993647.796781	19.0	34.62	2.994197	0.0	-0.08
2023-04-17 15:53:19	358705635.092375	19.0	34.604042	2.994182	0.0	-0.111
2023-04-17 15:53:19	361423046.362559	19.0	34.581021	2.994182	0.0	-0.141
2023-04-17 15:53:20	364145892.455284	19.0	34.547375	2.994182	0.0	-0.156
2023-04-17 15:53:20	366874184.240195	19.0	34.522729	2.994182	0.0	-0.164
2023-04-17 15:53:20	369607932.608675	19.0	34.516792	2.994197	0.0	-0.181
2023-04-17 15:53:21	372347148.473893	19.0	34.487271	2.994197	0.0	-0.21
2023-04-17 15:53:21	375091842.77084	19.0	34.472625	2.994167	0.0	-0.214
2023-04-17 15:53:22	377842026.456382	19.0	34.449583	2.994182	0.0	-0.243
2023-04-17 15:53:22	380597710.509295	19.0	34.488167	2.994226	0.0	-0.202
2023-04-17 15:53:22	383358905.930314	19.0	34.485125	2.994331	0.0	-0.164
2023-04-17 15:53:23	386125623.742174	19.0	34.536542	2.99439	0.0	-0.142
2023-04-17 15:53:23	388897874.989658	19.0	34.571021	2.994435	0.0	-0.072
2023-04-17 15:53:24	391675670.739638	19.0	34.590125	2.99445	0.0	-0.105
2023-04-17 15:53:24	394459022.081117	19.0	34.601375	2.994479	0.0	-0.108
2023-04-17 15:53:25	397247940.125279	19.0	34.603875	2.994509	0.0	-0.1
2023-04-17 15:53:25	400042436.00553	19.0	34.594875	2.994479	0.0	-0.11
2023-04-17 15:53:25	402842520.877541	19.0	34.597729	2.994464	0.0	-0.1
2023-04-17 15:53:26	405648205.919296	19.0	34.597146	2.994375	0.0	-0.102
2023-04-17 15:53:26	408459502.331135	19.0	34.605292	2.994346	0.0	-0.081
2023-04-17 15:53:27	411276421.335797	19.0	34.594771	2.994301	0.0	-0.09
2023-04-17 15:53:27	414098974.178468	19.0	34.596958	2.994271	0.0	-0.082
2023-04-17 15:53:27	416927172.126825	19.0	34.597562	2.994271	0.0	-0.096
2023-04-17 15:53:28	419761026.471079	19.0	34.591667	2.994271	0.0	-0.099
2023-04-17 15:53:28	422600548.524021	19.0	34.602688	2.994256	0.0	-0.074
2023-04-17 15:53:29	425445749.621069	19.0	34.602083	2.994241	0.0	-0.081
2023-04-17 15:53:29	428296641.120311	19.0	34.603396	2.994241	0.0	-0.07
2023-04-17 15:53:29	431153234.402552	19.0	34.617792	2.994226	0.0	-0.063
2023-04-17 15:53:30	434015540.871357	19.0	34.607625	2.994197	0.0	-0.058
2023-04-17 15:53:30	436883571.9531	19.0	34.612083	2.994197	0.0	-0.053
2023-04-17 15:53:31	439757339.097006	19.0	34.615896	2.994182	0.0	-0.045
2023-04-17 15:53:31	442636853.7752	19.0	34.621792	2.994153	0.0	-0.038
2023-04-17 15:53:32	445522127.48275	19.0	34.619875	2.994138	0.0	-0.038
2023-04-17 15:53:32	448413171.737716	19.0	34.619646	2.994123	0.0	-0.038
2023-04-17 15:53:32	451309998.081191	19.0	34.62525	2.994138	0.0	-0.037
2023-04-17 15:53:33	454212618.077354	19.0	34.624583	2.994108	0.0	-0.057
2023-04-17 15:53:33	457121043.313508	19.0	34.624	2.994063	0.0	-0.042
2023-04-17 15:53:34	460035285.400135	19.0	34.621917	2.993974	0.0	-0.043
2023-04-17 15:53:34	462955355.970936	19.0	34.619292	2.993885	0.0	-0.046
2023-04-17 15:53:34	465881266.682878	19.0	34.610896	2.9939	0.0	-0.047
2023-04-17 15:53:35	468813029.216243	19.0	34.604521	2.99387	0.0	-0.046
2023-04-17 15:53:35	471750655.274676	19.0	34.609042	2.99384	0.0	-0.052
2023-04-17 15:53:36	474694156.585225	19.0	34.601792	2.993766	0.0	-0.052
2023-04-17 15:53:36	477643544.898396	19.0	34.597729	2.993647	0.0	-0.056
2023-04-17 15:53:37	480598831.988192	19.0	34.591312	2.993498	0.0	-0.069
2023-04-17 15:53:37	483560029.652169	19.0	34.565646	2.99335	0.0	-0.07
2023-04-17 15:53:37	486527149.711473	19.0	34.58775	2.993231	0.0	-0.06
2023-04-17 15:53:38	489500204.010896	19.0	34.589167	2.993201	0.0	-0.053
2023-04-17 15:53:38	492479204.418918	19.0	34.593458	2.993231	0.0	-0.052
2023-04-17 15:53:39	495464162.827756	19.0	34.588562	2.993305	0.0	-0.051
2023-04-17 15:53:39	498455091.153411	19.0	34.591062	2.993201	0.0	-0.055
2023-04-17 15:53:39	501452001.335718	19.0	34.598042	2.992636	0.0	-0.055
2023-04-17 15:53:40	504454905.338389	19.0	34.596792	2.99219	0.0	-0.058
2023-04-17 15:53:40	507463815.149066	19.0	34.595604	2.991892	0.0	-0.054
2023-04-17 15:53:41	510478742.779364	19.0	34.599583	2.991714	0.0	-0.062
2023-04-17 15:53:41	513499700.264923	19.0	34.59875	2.991878	0.0	-0.068
2023-04-17 15:53:41	516526699.665453	19.0	34.60875	2.992294	0.0	-0.053
2023-04-17 15:53:42	519559753.064784	19.0	34.618521	2.992666	0.0	-0.035
2023-04-17 15:53:42	522598872.570913	19.0	34.621854	2.992785	0.0	-0.024
2023-04-17 15:53:43	525644070.316055	19.0	34.618458	2.992874	0.0	-0.014
2023-04-17 15:53:43	528695358.456687	19.0	34.624708	2.992888	0.0	-0.032
2023-04-17 15:53:44	531752749.173601	19.0	34.626854	2.992695	0.0	-0.024
2023-04-17 15:53:44	534816254.671948	19.0	34.636958	2.992517	0.0	-0.03
2023-04-17 15:53:44	537885887.181292	19.0	34.631667	2.992577	0.0	-0.043
2023-04-17 15:53:45	540961658.955654	19.0	34.630604	2.9928	0.0	-0.047
2023-04-17 15:53:45	544043582.273566	19.0	34.628042	2.993052	0.0	-0.048
2023-04-17 15:53:46	547131669.438113	19.0	34.613563	2.992963	0.0	-0.052
2023-04-17 15:53:46	550225932.776989	19.0	34.614292	2.992725	0.0	-0.101
2023-04-17 15:53:46	553326384.642543	19.0	34.607854	2.992323	0.0	-0.069
2023-04-17 15:53:47	556433037.411828	19.0	34.597917	2.991759	0.0	-0.077
2023-04-17 15:53:47	559545903.486652	19.0	34.586792	2.990897	0.0	-0.091
2023-04-17 15:53:48	562664995.293625	19.0	34.584458	2.989529	0.0	-0.082
2023-04-17 15:53:48	565790325.284212	19.0	34.579875	2.988265	0.0	-0.096
2023-04-17 15:53:48	568921905.934781	19.0	34.574708	2.9877	0.0	-0.089
2023-04-17 15:53:49	572059749.74665	19.0	34.579396	2.98718	0.0	-0.107
2023-04-17 15:53:49	575203869.246144	19.0	34.575646	2.986793	0.0	-0.099
2023-04-17 15:53:50	578354276.984636	19.0	34.584646	2.986644	0.0	-0.081
2023-04-17 15:53:50	581510985.538605	19.0	34.589937	2.98602	0.0	-0.145
2023-04-17 15:53:51	584674007.509682	19.0	34.600292	2.985485	0.0	0.001
2023-04-17 15:53:51	587843355.524702	19.0	34.601896	2.985946	0.0	-0.111
2023-04-17 15:53:51	591019042.235751	19.0	34.603583	2.98718	0.0	-0.104
2023-04-17 15:53:52	594201080.320223	19.0	34.607979	2.988875	0.0	-0.081
2023-04-17 15:53:52	597389482.480863	19.0	34.61125	2.990257	0.0	-0.091
2023-04-17 15:53:53	600584261.445825	19.0	34.603646	2.991416	0.0	-0.096
2023-04-17 15:53:53	603785429.968717	19.0	34.606896	2.992413	0.0	-0.057
2023-04-17 15:53:53	606993000.828654	19.0	34.594646	2.992918	0.0	-0.11
2023-04-17 15:53:54	610206986.830311	19.0	34.602021	2.993469	0.0	-0.087
2023-04-17 15:53:54	613427400.803972	19.0	34.598104	2.99387	0.0	-0.095
2023-04-17 15:53:55	616654255.60558	19.0	34.593937	2.994048	0.0	-0.071
2023-04-17 15:53:55	619887564.116791	19.0	34.599583	2.994123	0.0	-0.104
2023-04-17 15:53:56	623127339.245025	19.0	34.587021	2.993989	0.0	-0.093
2023-04-17 15:53:56	626373593.923515	19.0	34.586187	2.993706	0.0	-0.096
2023-04-17 15:53:56	629626341.111362	19.0	34.589875	2.993379	0.0	-0.087
2023-04-17 15:53:57	632885593.793584	19.0	34.587437	2.992888	0.0	-0.08
2023-04-17 15:53:57	636151364.981171	19.0	34.591729	2.992532	0.0	-0.105
2023-04-17 15:53:58	639423667.711134	19.0	34.590292	2.99219	0.0	-0.076
2023-04-17 15:53:58	642702515.046556	19.0	34.583521	2.992056	0.0	-0.063
2023-04-17 15:53:58	645987920.076649	19.0	34.591479	2.991863	0.0	-0.071
2023-04-17 15:53:59	649279895.916803	19.0	34.597979	2.991759	0.0	-0.071
2023-04-17 15:53:59	652578455.708636	19.0	34.602146	2.991863	0.0	-0.081
2023-04-17 15:54:00	655883612.620053	19.0	34.610417	2.991937	0.0	-0.03
2023-04-17 15:54:00	659195379.845294	19.0	34.609875	2.991982	0.0	-0.034
2023-04-17 15:54:00	662513770.604984	19.0	34.620063	2.991937	0.0	-0.027
2023-04-17 15:54:01	665838798.146194	19.0	34.628208	2.991937	0.0	-0.028
2023-04-17 15:54:01	669170475.742486	19.0	34.622979	2.991892	0.0	-0.038
2023-04-17 15:54:02	672508816.693971	19.0	34.626542	2.992012	0.0	-0.002
2023-04-17 15:54:02	675853834.327359	19.0	34.628563	2.99219	0.0	-0.017
2023-04-17 15:54:03	679205541.996014	19.0	34.6365	2.992383	0.0	-0.009
2023-04-17 15:54:03	682563953.080006	19.0	34.639042	2.992561	0.0	-0.014
2023-04-17 15:54:03	685929080.986166	19.0	34.645667	2.992725	0.0	-0.003
2023-04-17 15:54:04	689300939.148138	19.0	34.646542	2.992829	0.0	-0.005
2023-04-17 15:54:04	692679541.026435	19.0	34.642562	2.992829	0.0	0.007
2023-04-17 15:54:05	696064900.108487	19.0	34.65	2.99271	0.0	-0.002
2023-04-17 15:54:05	699457029.908704	19.0	34.649167	2.992517	0.0	0.002
2023-04-17 15:54:05	702855943.968522	19.0	34.647146	2.992249	0.0	0.009
2023-04-17 15:54:06	706261655.856459	19.0	34.641312	2.991967	0.0	-0.001
2023-04-17 15:54:06	709674179.168172	19.0	34.650229	2.991446	0.0	-0.008
2023-04-17 15:54:07	713093527.526508	19.0	34.655	2.991223	0.0	0.02
2023-04-17 15:54:07	716519714.581561	19.0	34.644229	2.991223	0.0	0.01
2023-04-17 15:54:07	719952754.010724	19.0	34.639646	2.991566	0.0	-0.002
2023-04-17 15:54:08	723392659.518746	19.0	34.63625	2.992205	0.0	-0.017
2023-04-17 15:54:08	726839444.837783	19.0	34.634104	2.99274	0.0	-0.024
2023-04-17 15:54:09	730293123.727459	19.0	34.623937	2.993052	0.0	-0.031
2023-04-17 15:54:09	733753709.974914	19.0	34.625417	2.992963	0.0	-0.026
2023-04-17 15:54:10	737221217.394863	19.0	34.626896	2.99274	0.0	-0.05
2023-04-17 15:54:10	740695659.829653	19.0	34.61525	2.992517	0.0	-0.039
2023-04-17 15:54:10	744177051.149312	19.0	34.600125	2.992457	0.0	-0.07
2023-04-17 15:54:11	747665405.251611	19.0	34.607021	2.992517	0.0	-0.054
2023-04-17 15:54:11	751160736.062114	19.0	34.598687	2.99277	0.0	-0.052
2023-04-17 15:54:12	754663057.534239	19.0	34.590833	2.993201	0.0	-0.05
2023-04-17 15:54:12	758172383.649307	19.0	34.600354	2.993513	0.0	-0.047
2023-04-17 15:54:12	761688728.416606	19.0	34.599	2.993736	0.0	-0.06
2023-04-17 15:54:13	765212105.873439	19.0	34.590667	2.99384	0.0	-0.057
2023-04-17 15:54:13	768742530.085186	19.0	34.595542	2.993885	0.0	-0.042
2023-04-17 15:54:14	772280015.145356	19.0	34.601792	2.993959	0.0	-0.043
2023-04-17 15:54:14	775824575.175647	19.0	34.618104	2.994092	0.0	-0.031
2023-04-17 15:54:15	779376224.325998	19.0	34.612917	2.994226	0.0	-0.031
2023-04-17 15:54:15	782934976.77465	19.0	34.621125	2.994524	0.0	-0.018
2023-04-17 15:54:15	786500846.728199	19.0	34.635292	2.994866	0.0	-0.012
2023-04-17 15:54:16	790073848.421656	19.0	34.635604	2.995074	0.0	-0.012
2023-04-17 15:54:16	793653996.118499	19.0	34.637625	2.995223	0.0	-0.007
2023-04-17 15:54:17	797241304.110736	19.0	34.64025	2.995163	0.0	-0.01
2023-04-17 15:54:17	800835786.718958	19.0	34.639875	2.994985	0.0	-0.011
2023-04-17 15:54:17	804437458.292396	19.0	34.643937	2.994688	0.0	-0.015
2023-04-17 15:54:18	808046333.20898	19.0	34.637563	2.994226	0.0	-0.014
2023-04-17 15:54:18	811662425.875398	19.0	34.625604	2.994063	0.0	-0.03
2023-04-17 15:54:19	815285750.727149	19.0	34.630062	2.993974	0.0	-0.03
2023-04-17 15:54:19	818916322.228604	19.0	34.620667	2.994004	0.0	-0.028
2023-04-17 15:54:19	822554154.873061	19.0	34.624521	2.994063	0.0	-0.034
2023-04-17 15:54:20	826199263.182807	19.0	34.621479	2.994256	0.0	-0.019
2023-04-17 15:54:20	829851661.709173	19.0	34.638521	2.99442	0.0	-0.016
2023-04-17 15:54:21	833511365.032591	19.0	34.630833	2.994464	0.0	-0.046
2023-04-17 15:54:21	837178387.762656	19.0	34.632729	2.994331	0.0	-0.018
2023-04-17 15:54:22	840852744.538182	19.0	34.626312	2.993781	0.0	-0.05
2023-04-17 15:54:22	844534450.027258	19.0	34.630125	2.992606	0.0	-0.021
2023-04-17 15:54:22	848223518.927312	19.0	34.617979	2.991669	0.0	-0.044
2023-04-17 15:54:23	851919965.965167	19.0	34.614229	2.990525	0.0	-0.033
2023-04-17 15:54:23	855623805.897097	19.0	34.605354	2.989885	0.0	-0.075
2023-04-17 15:54:24	859335053.508892	19.0	34.616729	2.989306	0.0	-0.068
2023-04-17 15:54:24	863053723.615909	19.0	34.616125	2.989231	0.0	-0.025
2023-04-17 15:54:24	866779831.063141	19.0	34.605771	2.989246	0.0	-0.074
2023-04-17 15:54:25	870513390.725268	19.0	34.598521	2.989276	0.0	-0.054
2023-04-17 15:54:25	874254417.506718	19.0	34.595646	2.989484	0.0	0.006
2023-04-17 15:54:26	878002926.341731	19.0	34.59625	2.989692	0.0	-0.062
2023-04-17 15:54:26	881758932.194415	19.0	34.592979	2.990019	0.0	-0.062
2023-04-17 15:54:26	885522450.058804	19.0	34.596187	2.990792	0.0	-0.073
2023-04-17 15:54:27	889293494.958921	19.0	34.589458	2.99155	0.0	-0.064
2023-04-17 15:54:27	893072081.948839	19.0	34.588208	2.992443	0.0	-0.099
2023-04-17 15:54:28	896858226.112737	19.0	34.588521	2.992992	0.0	-0.073
2023-04-17 15:54:28	900651942.564962	19.0	34.589646	2.993156	0.0	-0.077
2023-04-17 15:54:29	904453246.450092	19.0	34.575646	2.993141	0.0	-0.041
2023-04-17 15:54:29	908262152.942992	19.0	34.575125	2.992874	0.0	-0.315
2023-04-17 15:54:29	912078677.248878	19.0	34.5875	2.992547	0.0	-0.132
2023-04-17 15:54:30	915902834.603376	19.0	34.589042	2.992012	0.0	-0.029
2023-04-17 15:54:30	919734640.272583	19.0	34.589229	2.991298	0.0	-0.138
2023-04-17 15:54:31	923574109.553128	19.0	34.587979	2.990777	0.0	-0.027
2023-04-17 15:54:31	927421257.772234	19.0	34.580125	2.99054	0.0	-0.134
2023-04-17 15:54:31	931276100.287779	19.0	34.589042	2.990674	0.0	-0.003
2023-04-17 15:54:32	935138652.488354	19.0	34.592687	2.990792	0.0	-0.118
2023-04-17 15:54:32	939008929.793331	19.0	34.592021	2.990971	0.0	-0.013
2023-04-17 15:54:33	942886947.652918	19.0	34.590833	2.99155	0.0	-0.068
2023-04-17 15:54:33	946772721.548224	19.0	34.599417	2.992056	0.0	-0.09
2023-04-17 15:54:34	950666266.99132	19.0	34.605354	2.992487	0.0	-0.068
2023-04-17 15:54:34	954567599.525303	19.0	34.604458	2.992681	0.0	-0.088
2023-04-17 15:54:34	958476734.724353	19.0	34.617312	2.992829	0.0	-0.055
2023-04-17 15:54:35	962393688.193802	19.0	34.615187	2.993275	0.0	-0.041
2023-04-17 15:54:35	966318475.57019	19.0	34.603583	2.993706	0.0	-0.083
2023-04-17 15:54:36	970251112.52133	19.0	34.615479	2.993915	0.0	-0.169
2023-04-17 15:54:36	974191614.746373	19.0	34.610896	2.994048	0.0	0.051
2023-04-17 15:54:36	978139997.975865	19.0	34.616958	2.994123	0.0	0.048
2023-04-17 15:54:37	982096277.971817	19.0	34.618167	2.994167	0.0	-0.05
2023-04-17 15:54:37	986060470.527761	19.0	34.612562	2.994108	0.0	-0.051
2023-04-17 15:54:38	990032591.468816	19.0	34.622854	2.994033	0.0	-0.097
2023-04-17 15:54:38	994012656.651754	19.0	34.618625	2.993974	0.0	-0.052
2023-04-17 15:54:38	998000681.965057	19.0	34.623396	2.993885	0.0	-0.057
2023-04-17 15:54:39	1001996683.328988	19.0	34.618875	2.99387	0.0	-0.034
2023-04-17 15:54:39	1006000676.695646	19.0	34.625833	2.993885	0.0	-0.008
2023-04-17 15:54:40	1010012678.049037	19.0	34.620188	2.993929	0.0	-0.045
2023-04-17 15:54:40	1014032703.405135	19.0	34.627792	2.993974	0.0	-0.042
2023-04-17 15:54:41	1018060768.811945	19.0	34.630958	2.994033	0.0	-0.03
2023-04-17 15:54:41	1022096890.349569	19.0	34.627792	2.994063	0.0	-0.021
2023-04-17 15:54:41	1026141084.130268	19.0	34.630833	2.994092	0.0	-0.04
2023-04-17 15:54:42	1030193366.298529	19.0	34.641729	2.994123	0.0	-0.018
2023-04-17 15:54:42	1034253753.031126	19.0	34.630354	2.994197	0.0	-0.036
2023-04-17 15:54:43	1038322260.537188	19.0	34.637021	2.994316	0.0	-0.01
2023-04-17 15:54:43	1042398905.058263	19.0	34.633458	2.994331	0.0	-0.043
2023-04-17 15:54:43	1046483702.868379	19.0	34.635417	2.994271	0.0	-0.027
2023-04-17 15:54:44	1050576670.274116	19.0	34.628521	2.994078	0.0	-0.047
2023-04-17 15:54:44	1054677823.614664	19.0	34.626542	2.993915	0.0	-0.029
2023-04-17 15:54:45	1058787179.261894	19.0	34.632729	2.993632	0.0	-0.028
2023-04-17 15:54:45	1062904753.620417	19.0	34.629646	2.993186	0.0	-0.021
2023-04-17 15:54:45	1067030563.127658	19.0	34.632021	2.992815	0.0	-0.039
2023-04-17 15:54:46	1071164624.253914	19.0	34.633333	2.992487	0.0	-0.022
2023-04-17 15:54:46	1075306953.502421	19.0	34.639833	2.992621	0.0	-0.012
2023-04-17 15:54:47	1079457567.409426	19.0	34.631958	2.992963	0.0	-0.015
2023-04-17 15:54:47	1083616482.544245	19.0	34.630604	2.993379	0.0	-0.007
2023-04-17 15:54:48	1087783715.509334	19.0	34.646542	2.993677	0.0	-0.017
2023-04-17 15:54:48	1091959282.940352	19.0	34.639292	2.9939	0.0	0.001
2023-04-17 15:54:48	1096143201.506233	19.0	34.639875	2.994078	0.0	-0.008
2023-04-17 15:54:49	1100335487.909245	19.0	34.638396	2.994182	0.0	0.004
2023-04-17 15:54:49	1104536158.885064	19.0	34.641021	2.994212	0.0	-0.023
2023-04-17 15:54:50	1108745231.202834	19.0	34.643521	2.994167	0.0	-0.005
2023-04-17 15:54:50	1112962721.66524	19.0	34.643458	2.994108	0.0	-0.007
2023-04-17 15:54:50	1117188647.10857	19.0	34.634417	2.994092	0.0	-0.012
2023-04-17 15:54:51	1121423024.402787	19.0	34.629167	2.994153	0.0	-0.009
2023-04-17 15:54:51	1125665870.451593	19.0	34.632375	2.994138	0.0	0.003
2023-04-17 15:54:52	1129917202.192496	19.0	34.645833	2.994048	0.0	-0.01
2023-04-17 15:54:52	1134177036.596881	19.0	34.646854	2.993855	0.0	-0.006
2023-04-17 15:54:53	1138445390.670075	19.0	34.644104	2.993617	0.0	0.002
2023-04-17 15:54:53	1142722281.451415	19.0	34.648562	2.993543	0.0	-0.0
2023-04-17 15:54:53	1147007726.014318	19.0	34.648812	2.993543	0.0	0.0
2023-04-17 15:54:54	1151301741.466347	19.0	34.636854	2.993394	0.0	-0.0
2023-04-17 15:54:54	1155604344.94928	19.0	34.647917	2.993186	0.0	0.001
2023-04-17 15:54:55	1159915553.639178	19.0	34.643042	2.993201	0.0	-0.003
2023-04-17 15:54:55	1164235384.746456	19.0	34.642688	2.993246	0.0	-0.007
2023-04-17 15:54:55	1168563855.515949	19.0	34.636917	2.993335	0.0	0.007
2023-04-17 15:54:56	1172900983.226981	19.0	34.644042	2.993513	0.0	0.001
2023-04-17 15:54:56	1177246785.193435	19.0	34.645125	2.993647	0.0	0.0
2023-04-17 15:54:57	1181601278.763822	19.0	34.643875	2.993929	0.0	-0.002
2023-04-17 15:54:57	1185964481.32135	19.0	34.644937	2.994167	0.0	-0.0
2023-04-17 15:54:57	1190336410.283992	19.0	34.642021	2.994256	0.0	-0.005
2023-04-17 15:54:58	1194717083.10456	19.0	34.646437	2.994316	0.0	-0.002
2023-04-17 15:54:58	1199106517.27077	19.0	34.6425	2.994301	0.0	0.003
2023-04-17 15:54:59	1203504730.305311	19.0	34.647146	2.994316	0.0	0.001
2023-04-17 15:54:59	1207911739.765922	19.0	34.644583	2.994301	0.0	-0.005
2023-04-17 15:55:00	1212327563.245454	19.0	34.651542	2.994316	0.0	0.0
2023-04-17 15:55:00	1216752218.371944	19.0	34.649354	2.99436	0.0	0.0
2023-04-17 15:55:00	1221185722.808688	19.0	34.642021	2.994405	0.0	0.003
2023-04-17 15:55:01	1225628094.254306	19.0	34.657271	2.994405	0.0	0.003
2023-04-17 15:55:01	1230079350.442814	19.0	34.649167	2.99439	0.0	-0.001
2023-04-17 15:55:02	1234539509.1437	19.0	34.647437	2.99439	0.0	-0.002
2023-04-17 15:55:02	1239008588.161987	19.0	34.651021	2.99436	0.0	0.007
2023-04-17 15:55:02	1243486605.338311	19.0	34.653979	2.99439	0.0	-0.002
2023-04-17 15:55:03	1247973578.548988	19.0	34.645604	2.99442	0.0	0.003
2023-04-17 15:55:03	1252469525.706086	19.0	34.65125	2.994405	0.0	0.003
2023-04-17 15:55:04	1256974464.757498	19.0	34.649771	2.994346	0.0	0.003
2023-04-17 15:55:04	1261488413.687013	19.0	34.653104	2.994286	0.0	0.003
2023-04-17 15:55:04	1266011390.514387	19.0	34.649354	2.994241	0.0	-0.001
2023-04-17 15:55:05	1270543413.295416	19.0	34.647021	2.994212	0.0	-0.001
2023-04-17 15:55:05	1275084500.122006	19.0	34.655	2.994182	0.0	0.003
2023-04-17 15:55:06	1279634669.12225	19.0	34.653875	2.994153	0.0	0.001
2023-04-17 15:55:06	1284193938.460495	19.0	34.650417	2.994123	0.0	0.003
2023-04-17 15:55:07	1288762326.337416	19.0	34.652271	2.993944	0.0	-0.003
2023-04-17 15:55:07	1293339850.990091	19.0	34.648875	2.993706	0.0	0.001
2023-04-17 15:55:07	1297926530.692071	19.0	34.646854	2.993543	0.0	0.009
2023-04-17 15:55:08	1302522383.753455	19.0	34.658979	2.99335	0.0	0.004
2023-04-17 15:55:08	1307127428.520962	19.0	34.650479	2.993335	0.0	0.002
2023-04-17 15:55:09	1311741683.378004	19.0	34.655354	2.993305	0.0	0.004
2023-04-17 15:55:09	1316365166.74476	19.0	34.653813	2.993038	0.0	0.004
2023-04-17 15:55:09	1320997897.078249	19.0	34.647375	2.992472	0.0	0.005
2023-04-17 15:55:10	1325639892.872406	19.0	34.660708	2.992235	0.0	0.009
2023-04-17 15:55:10	1330291172.65815	19.0	34.653104	2.992041	0.0	0.008
2023-04-17 15:55:11	1334951755.003467	19.0	34.656729	2.991937	0.0	0.008
2023-04-17 15:55:11	1339621658.513474	19.0	34.657146	2.992026	0.0	0.005
2023-04-17 15:55:12	1344300901.830501	19.0	34.654458	2.992443	0.0	0.008
2023-04-17 15:55:12	1348989503.634162	19.0	34.655896	2.993112	0.0	0.008
2023-04-17 15:55:12	1353687482.64143	19.0	34.653208	2.993379	0.0	0.002
2023-04-17 15:55:13	1358394857.606713	19.0	34.657729	2.99332	0.0	0.004
2023-04-17 15:55:13	1363111647.321927	19.0	34.646437	2.9928	0.0	0.006
2023-04-17 15:55:14	1367837870.61657	19.0	34.642333	2.992205	0.0	-0.0
2023-04-17 15:55:14	1372573546.357804	19.0	34.655833	2.991892	0.0	0.0
2023-04-17 15:55:14	1377318693.450519	19.0	34.655	2.992205	0.0	0.002
2023-04-17 15:55:15	1382073330.83742	19.0	34.650479	2.992754	0.0	0.003
2023-04-17 15:55:15	1386837477.499095	19.0	34.647271	2.993691	0.0	-0.004
2023-04-17 15:55:16	1391611152.454093	19.0	34.653875	2.994167	0.0	0.0
2023-04-17 15:55:16	1396394374.759001	19.0	34.645667	2.994301	0.0	-0.009
2023-04-17 15:55:16	1401187163.508519	19.0	34.636375	2.99436	0.0	-0.007
2023-04-17 15:55:17	1405989537.835536	19.0	34.651604	2.994108	0.0	-0.0
2023-04-17 15:55:17	1410801516.911207	19.0	34.647792	2.993721	0.0	-0.004
2023-04-17 15:55:18	1415623119.94503	19.0	34.653875	2.992963	0.0	0.003
2023-04-17 15:55:18	1420454366.18492	19.0	34.641438	2.99216	0.0	-0.002
2023-04-17 15:55:19	1425295274.91729	19.0	34.653208	2.991669	0.0	-0.006
2023-04-17 15:55:19	1430145865.467124	19.0	34.651187	2.990911	0.0	-0.001
2023-04-17 15:55:19	1435006157.198059	19.0	34.646854	2.990168	0.0	0.004
2023-04-17 15:55:20	1439876169.512455	19.0	34.657438	2.990346	0.0	0.005
2023-04-17 15:55:20	1444755921.85148	19.0	34.649042	2.991313	0.0	0.005
2023-04-17 15:55:21	1449645433.695183	19.0	34.65525	2.992249	0.0	0.002
2023-04-17 15:55:21	1454544724.562573	19.0	34.650646	2.992472	0.0	0.002
2023-04-17 15:55:21	1459453814.011698	19.0	34.656062	2.992561	0.0	0.002
2023-04-17 15:55:22	1464372721.639722	19.0	34.649521	2.992532	0.0	-0.0
2023-04-17 15:55:22	1469301467.083001	19.0	34.649354	2.992398	0.0	0.001
2023-04-17 15:55:23	1474240070.017167	19.0	34.648104	2.992146	0.0	0.001
2023-04-17 15:55:23	1479188550.157202	19.0	34.648333	2.992175	0.0	0.001
2023-04-17 15:55:23	1484146927.257516	19.0	34.650896	2.992443	0.0	-0.006
2023-04-17 15:55:24	1489115221.112031	19.0	34.638042	2.992621	0.0	-0.002
2023-04-17 15:55:24	1494093451.554255	19.0	34.649229	2.992844	0.0	-0.002
2023-04-17 15:55:25	1499081638.457364	19.0	34.648333	2.992963	0.0	-0.005
2023-04-17 15:55:25	1504079801.734278	19.0	34.644875	2.993038	0.0	0.002
2023-04-17 15:55:26	1509087961.337747	19.0	34.649813	2.99329	0.0	0.002
2023-04-17 15:55:26	1514106137.260423	19.0	34.649042	2.993498	0.0	-0.003
2023-04-17 15:55:26	1519134349.534944	19.0	34.65	2.993691	0.0	0.002
2023-04-17 15:55:27	1524172618.234014	19.0	34.652021	2.993825	0.0	0.008
2023-04-17 15:55:27	1529220963.470482	19.0	34.658625	2.993929	0.0	0.005
2023-04-17 15:55:28	1534279405.397423	19.0	34.656729	2.994004	0.0	0.005
2023-04-17 15:55:28	1539347964.208217	19.0	34.646375	2.993989	0.0	0.004
2023-04-17 15:55:28	1544426660.136634	19.0	34.651125	2.993944	0.0	0.009
2023-04-17 15:55:29	1549515513.456907	19.0	34.663333	2.993915	0.0	0.005
2023-04-17 15:55:29	1554614544.483821	19.0	34.663396	2.993855	0.0	0.003
2023-04-17 15:55:30	1559723773.572788	19.0	34.658458	2.993825	0.0	0.002
2023-04-17 15:55:30	1564843221.119934	19.0	34.6625	2.993885	0.0	0.011
2023-04-17 15:55:31	1569972907.562174	19.0	34.6565	2.994004	0.0	0.012
2023-04-17 15:55:31	1575112853.377298	19.0	34.659042	2.994167	0.0	0.012
2023-04-17 15:55:31	1580263079.084053	19.0	34.663396	2.994226	0.0	0.01
2023-04-17 15:55:32	1585423605.242221	19.0	34.660187	2.994063	0.0	0.012
2023-04-17 15:55:32	1590594452.452705	19.0	34.650771	2.994078	0.0	0.006
2023-04-17 15:55:33	1595775641.357611	19.0	34.656729	2.994092	0.0	0.005
2023-04-17 15:55:33	1600967192.640326	19.0	34.653625	2.994182	0.0	0.009
2023-04-17 15:55:33	1606169127.025607	19.0	34.654354	2.994153	0.0	0.007
2023-04-17 15:55:34	1611381465.279658	19.0	34.659812	2.993974	0.0	0.004
2023-04-17 15:55:34	1616604228.210217	19.0	34.653688	2.99384	0.0	0.006
2023-04-17 15:55:35	1621837436.666638	19.0	34.655292	2.993825	0.0	0.006
2023-04-17 15:55:35	1627081111.539971	19.0	34.656021	2.993781	0.0	0.011
2023-04-17 15:55:35	1632335273.763051	19.0	34.660187	2.993825	0.0	0.003
2023-04-17 15:55:36	1637599944.310577	19.0	34.667208	2.993944	0.0	0.009
2023-04-17 15:55:36	1642875144.199198	19.0	34.663042	2.994138	0.0	0.011
2023-04-17 15:55:37	1648160894.487597	19.0	34.648458	2.994301	0.0	0.004
2023-04-17 15:55:37	1653457216.276572	19.0	34.652854	2.994197	0.0	-0.0
2023-04-17 15:55:38	1658764130.709125	19.0	34.658104	2.994019	0.0	0.009
2023-04-17 15:55:38	1664081658.970543	19.0	34.661854	2.99387	0.0	0.004
2023-04-17 15:55:38	1669409822.288484	19.0	34.658271	2.993855	0.0	0.005
2023-04-17 15:55:39	1674748641.933061	19.0	34.659771	2.99387	0.0	0.005
2023-04-17 15:55:39	1680098139.216928	19.0	34.652271	2.9939	0.0	0.0
2023-04-17 15:55:40	1685458335.495361	19.0	34.664646	2.993915	0.0	0.01
2023-04-17 15:55:40	1690829252.166352	19.0	34.648458	2.993915	0.0	0.002
2023-04-17 15:55:40	1696210910.670685	19.0	34.652625	2.994033	0.0	0.004
2023-04-17 15:55:41	1701603332.492026	19.0	34.658979	2.994123	0.0	0.002
2023-04-17 15:55:41	1707006539.15701	19.0	34.648937	2.994078	0.0	0.01
2023-04-17 15:55:42	1712420552.235324	19.0	34.655604	2.993974	0.0	0.007
2023-04-17 15:55:42	1717845393.339795	19.0	34.650958	2.993959	0.0	0.009
2023-04-17 15:55:42	1723281084.126474	19.0	34.649	2.993825	0.0	0.011
2023-04-17 15:55:43	1728727646.294727	19.0	34.664583	2.993602	0.0	0.008
2023-04-17 15:55:43	1734185101.587317	19.0	34.659354	2.993364	0.0	0.005
2023-04-17 15:55:44	1739653471.790491	19.0	34.658938	2.993246	0.0	0.004
2023-04-17 15:55:44	1745132778.734072	19.0	34.657146	2.993335	0.0	0.004
2023-04-17 15:55:45	1750623044.291541	19.0	34.657917	2.993454	0.0	0.006
2023-04-17 15:55:45	1756124290.380124	19.0	34.659104	2.993602	0.0	-0.004
2023-04-17 15:55:45	1761636538.960884	19.0	34.659042	2.993781	0.0	0.004
2023-04-17 15:55:46	1767159812.038806	19.0	34.664104	2.9939	0.0	0.005
2023-04-17 15:55:46	1772694131.662883	19.0	34.656125	2.993959	0.0	0.005
2023-04-17 15:55:47	1778239519.926209	19.0	34.650771	2.993974	0.0	0.006
2023-04-17 15:55:47	1783795998.966061	19.0	34.653937	2.994019	0.0	0.003
2023-04-17 15:55:47	1789363590.963994	19.0	34.643271	2.994123	0.0	0.003
2023-04-17 15:55:48	1794942318.145921	19.0	34.656917	2.994226	0.0	0.001
2023-04-17 15:55:48	1800532202.782213	19.0	34.649292	2.994301	0.0	0.005
2023-04-17 15:55:49	1806133267.187778	19.0	34.653688	2.994301	0.0	0.007
2023-04-17 15:55:49	1811745533.722153	19.0	34.658938	2.994256	0.0	0.012
2023-04-17 15:55:49	1817369024.789598	19.0	34.653979	2.994241	0.0	0.005
2023-04-17 15:55:50	1823003762.839177	19.0	34.652687	2.994271	0.0	0.006
2023-04-17 15:55:50	1828649770.364855	19.0	34.653271	2.994301	0.0	0.01
2023-04-17 15:55:51	1834307069.905585	19.0	34.661604	2.994331	0.0	0.008
2023-04-17 15:55:51	1839975684.045396	19.0	34.659042	2.994301	0.0	0.013
2023-04-17 15:55:52	1845655635.413487	19.0	34.655542	2.994226	0.0	0.013
2023-04-17 15:55:52	1851346946.684314	19.0	34.659104	2.994212	0.0	0.01
2023-04-17 15:55:52	1857049640.577683	19.0	34.661083	2.994197	0.0	0.01
2023-04-17 15:55:53	1862763739.858838	19.0	34.66125	2.994138	0.0	0.005
2023-04-17 15:55:53	1868489267.338556	19.0	34.650542	2.994033	0.0	0.01
2023-04-17 15:55:54	1874226245.873233	19.0	34.659042	2.993944	0.0	0.008
2023-04-17 15:55:54	1879974698.36498	19.0	34.657729	2.99387	0.0	0.007
2023-04-17 15:55:54	1885734647.761709	19.0	34.657271	2.99381	0.0	0.009
2023-04-17 15:55:55	1891506117.057233	19.0	34.646312	2.993751	0.0	0.007
2023-04-17 15:55:55	1897289129.291347	19.0	34.654771	2.993736	0.0	0.01
2023-04-17 15:55:56	1903083707.54993	19.0	34.655542	2.993766	0.0	0.008
2023-04-17 15:55:56	1908889874.96503	19.0	34.655771	2.99381	0.0	0.011
2023-04-17 15:55:57	1914707654.71496	19.0	34.648562	2.9939	0.0	0.007
2023-04-17 15:55:57	1920537070.02439	19.0	34.648396	2.994019	0.0	0.01
2023-04-17 15:55:57	1926378144.164438	19.0	34.647625	2.994167	0.0	0.006
2023-04-17 15:55:58	1932230900.452767	19.0	34.652437	2.994167	0.0	0.008
2023-04-17 15:55:58	1938095362.253673	19.0	34.652687	2.994182	0.0	0.005
2023-04-17 15:55:59	1943971552.97818	19.0	34.657083	2.994241	0.0	0.004
2023-04-17 15:55:59	1949859496.084136	19.0	34.644354	2.994316	0.0	0.009
2023-04-17 15:55:59	1955759215.076305	19.0	34.648875	2.99436	0.0	0.006
2023-04-17 15:56:00	1961670733.506457	19.0	34.644167	2.99442	0.0	0.009
2023-04-17 15:56:00	1967594074.97347	19.0	34.656667	2.994375	0.0	0.007
2023-04-17 15:56:01	1973529263.123417	19.0	34.648875	2.99436	0.0	0.007
2023-04-17 15:56:01	1979476321.649664	19.0	34.661542	2.994346	0.0	0.007
2023-04-17 15:56:01	1985435274.292963	19.0	34.654042	2.994316	0.0	0.007
2023-04-17 15:56:02	1991406144.841549	19.0	34.659583	2.994316	0.0	0.012
2023-04-17 15:56:02	1997388957.131232	19.0	34.654354	2.994346	0.0	0.005
2023-04-17 15:56:03	2003383735.045495	19.0	34.653042	2.994375	0.0	0.007
2023-04-17 15:56:03	2009390502.515586	19.0	34.650187	2.99439	0.0	0.006
2023-04-17 15:56:04	2015409283.520617	19.0	34.651604	2.994405	0.0	0.005
2023-04-17 15:56:04	2021440102.087658	19.0	34.647979	2.994405	0.0	0.007
2023-04-17 15:56:04	2027482982.291833	19.0	34.650708	2.994435	0.0	0.005
2023-04-17 15:56:05	2033537948.256417	19.0	34.657375	2.994405	0.0	0.007
2023-04-17 15:56:05	2039605024.15293	19.0	34.652917	2.99439	0.0	0.011
2023-04-17 15:56:06	2045684234.201236	19.0	34.650833	2.994346	0.0	0.011
2023-04-17 15:56:06	2051775602.669638	19.0	34.657333	2.99436	0.0	0.007
2023-04-17 15:56:06	2057879153.874977	19.0	34.654938	2.994346	0.0	0.005
2023-04-17 15:56:07	2063994912.182727	19.0	34.6525	2.994331	0.0	0.008
2023-04-17 15:56:07	2070122902.007092	19.0	34.659354	2.994331	0.0	0.007
2023-04-17 15:56:08	2076263147.811107	19.0	34.659646	2.994331	0.0	0.01
2023-04-17 15:56:08	2082415674.106729	19.0	34.664583	2.994346	0.0	0.007
2023-04-17 15:56:08	2088580505.454942	19.0	34.655542	2.994346	0.0	0.007
2023-04-17 15:56:09	2094757666.465852	19.0	34.647792	2.994331	0.0	0.005
2023-04-17 15:56:09	2100947181.798784	19.0	34.645896	2.99436	0.0	0.004
2023-04-17 15:56:10	2107149076.162381	19.0	34.6475	2.99436	0.0	0.01
2023-04-17 15:56:10	2113363374.314706	19.0	34.660479	2.99439	0.0	0.012
2023-04-17 15:56:11	2119590101.063335	19.0	34.659708	2.99439	0.0	0.006
2023-04-17 15:56:11	2125829281.265462	19.0	34.653521	2.994346	0.0	0.007
2023-04-17 15:56:11	2132080939.827993	19.0	34.654708	2.994331	0.0	0.007
2023-04-17 15:56:12	2138345101.707649	19.0	34.6515	2.994331	0.0	0.009
2023-04-17 15:56:12	2144621791.911065	19.0	34.654292	2.994331	0.0	0.009
2023-04-17 15:56:13	2150911035.494887	19.0	34.653521	2.994301	0.0	0.011
2023-04-17 15:56:13	2157212857.565876	19.0	34.657729	2.994301	0.0	0.008
2023-04-17 15:56:13	2163527283.281008	19.0	34.659396	2.994331	0.0	0.008
2023-04-17 15:56:14	2169854337.84757	19.0	34.643208	2.99436	0.0	0.008
2023-04-17 15:56:14	2176194046.523265	19.0	34.655	2.99436	0.0	0.008
2023-04-17 15:56:15	2182546434.616312	19.0	34.661854	2.994316	0.0	0.004
2023-04-17 15:56:15	2188911527.485545	19.0	34.657021	2.994346	0.0	0.004
2023-04-17 15:56:16	2195289350.540516	19.0	34.648521	2.994346	0.0	0.005
2023-04-17 15:56:16	2201679929.241597	19.0	34.651604	2.994346	0.0	0.006
2023-04-17 15:56:16	2208083289.10008	19.0	34.655708	2.994375	0.0	0.005
2023-04-17 15:56:17	2214499455.67828	19.0	34.657083	2.994405	0.0	0.005
2023-04-17 15:56:17	2220928454.589637	19.0	34.654875	2.994405	0.0	0.004
2023-04-17 15:56:18	2227370311.498816	19.0	34.657854	2.99439	0.0	0.007
2023-04-17 15:56:18	2233825052.121814	19.0	34.648937	2.994375	0.0	0.008
2023-04-17 15:56:18	2240292702.226058	19.0	34.654042	2.99436	0.0	0.006
2023-04-17 15:56:19	2246773287.63051	19.0	34.656958	2.994331	0.0	0.004
2023-04-17 15:56:19	2253266834.205771	19.0	34.660125	2.994331	0.0	0.005
2023-04-17 15:56:20	2259773367.874183	19.0	34.652979	2.994346	0.0	0.009
2023-04-17 15:56:20	2266292914.609931	19.0	34.655542	2.994331	0.0	0.005
2023-04-17 15:56:20	2272825500.439151	19.0	34.65375	2.994316	0.0	0.005
2023-04-17 15:56:21	2279371151.440029	19.0	34.651083	2.994301	0.0	0.004
2023-04-17 15:56:21	2285929893.742909	19.0	34.655958	2.994286	0.0	0.005
2023-04-17 15:56:22	2292501753.530395	19.0	34.660292	2.994301	0.0	0.001
2023-04-17 15:56:22	2299086757.037456	19.0	34.654646	2.994271	0.0	0.004
2023-04-17 15:56:23	2305684930.551531	19.0	34.652083	2.994286	0.0	0.006
2023-04-17 15:56:23	2312296300.412634	19.0	34.656604	2.994301	0.0	0.007
2023-04-17 15:56:23	2318920893.013459	19.0	34.652146	2.994301	0.0	0.01
2023-04-17 15:56:24	2325558734.799486	19.0	34.660479	2.994301	0.0	0.009
2023-04-17 15:56:24	2332209852.269085	19.0	34.666312	2.994286	0.0	0.008
2023-04-17 15:56:25	2338874271.973623	19.0	34.650292	2.994286	0.0	0.002
2023-04-17 15:56:25	2345552020.51757	19.0	34.661854	2.994286	0.0	0.009
2023-04-17 15:56:25	2352243124.558606	19.0	34.653521	2.994286	0.0	0.009
2023-04-17 15:56:26	2358947610.807723	19.0	34.660833	2.994301	0.0	0.005
2023-04-17 15:56:26	2365665506.029338	19.0	34.652625	2.994286	0.0	0.008
2023-04-17 15:56:27	2372396837.041397	19.0	34.656604	2.994286	0.0	0.007
2023-04-17 15:56:27	2379141630.71548	19.0	34.651604	2.994286	0.0	0.003
2023-04-17 15:56:28	2385899913.976911	19.0	34.647146	2.994301	0.0	0.005
2023-04-17 15:56:28	2392671713.804864	19.0	34.648937	2.994286	0.0	0.006
2023-04-17 15:56:28	2399457057.232474	19.0	34.664646	2.994301	0.0	0.003
2023-04-17 15:56:29	2406255971.346939	19.0	34.656375	2.994301	0.0	0.009
2023-04-17 15:56:29	2413068483.289633	19.0	34.659771	2.994331	0.0	0.001
2023-04-17 15:56:30	2419894620.256212	19.0	34.656542	2.994301	0.0	0.008
2023-04-17 15:56:30	2426734409.496725	19.0	34.657438	2.994301	0.0	0.007
2023-04-17 15:56:30	2433587878.315718	19.0	34.655125	2.994301	0.0	0.005
2023-04-17 15:56:31	2440455054.07235	19.0	34.655417	2.994301	0.0	0.006
2023-04-17 15:56:31	2447335964.180494	19.0	34.655292	2.994271	0.0	0.009
2023-04-17 15:56:32	2454230636.108855	19.0	34.657083	2.994301	0.0	0.008
2023-04-17 15:56:32	2461139097.381073	19.0	34.649813	2.994286	0.0	0.004
2023-04-17 15:56:32	2468061375.575835	19.0	34.650479	2.994301	0.0	0.008
2023-04-17 15:56:33	2474997498.326987	19.0	34.659396	2.994286	0.0	0.008
2023-04-17 15:56:33	2481947493.323641	19.0	34.658812	2.994271	0.0	0.002
2023-04-17 15:56:34	2488911388.310288	19.0	34.650354	2.994286	0.0	0.007
2023-04-17 15:56:34	2495889211.086908	19.0	34.647917	2.994286	0.0	0.008
2023-04-17 15:56:35	2502880989.509082	19.0	34.651542	2.994301	0.0	0.005
2023-04-17 15:56:35	2509886751.488101	19.0	34.656542	2.994316	0.0	0.007
2023-04-17 15:56:35	2516906524.991077	19.0	34.657271	2.994331	0.0	0.007
2023-04-17 15:56:36	2523940338.041059	19.0	34.653521	2.994316	0.0	0.01
2023-04-17 15:56:36	2530988218.717141	19.0	34.652687	2.994301	0.0	0.007
2023-04-17 15:56:37	2538050195.154575	19.0	34.662375	2.994301	0.0	0.003
2023-04-17 15:56:37	2545126295.544885	19.0	34.651604	2.994286	0.0	0.007
2023-04-17 15:56:37	2552216548.135974	19.0	34.663937	2.994271	0.0	0.007
2023-04-17 15:56:38	2559320981.232246	19.0	34.654771	2.994226	0.0	0.006
2023-04-17 15:56:38	2566439623.194711	19.0	34.654583	2.994271	0.0	0.006
2023-04-17 15:56:39	2573572502.4411	19.0	34.659167	2.994301	0.0	0.003
2023-04-17 15:56:39	2580719647.445982	19.0	34.653688	2.994286	0.0	0.007
2023-04-17 15:56:39	2587881086.740874	19.0	34.660125	2.994301	0.0	0.007
2023-04-17 15:56:40	2595056848.914356	19.0	34.658979	2.994286	0.0	0.006
2023-04-17 15:56:40	2602246962.612185	19.0	34.657729	2.994301	0.0	0.008
2023-04-17 15:56:41	2609451456.537409	19.0	34.651958	2.994301	0.0	0.006
2023-04-17 15:56:41	2616670359.450484	19.0	34.657854	2.994331	0.0	0.008
2023-04-17 15:56:42	2623903700.169385	19.0	34.653208	2.994331	0.0	0.007
2023-04-17 15:56:42	2631151507.569724	19.0	34.657271	2.994316	0.0	0.01
2023-04-17 15:56:42	2638413810.584864	19.0	34.660542	2.994301	0.0	0.006
2023-04-17 15:56:43	2645690638.206033	19.0	34.659458	2.994286	0.0	0.002
2023-04-17 15:56:43	2652982019.482445	19.0	34.6475	2.994286	0.0	0.005
2023-04-17 15:56:44	2660287983.52141	19.0	34.66	2.994316	0.0	0.01
2023-04-17 15:56:44	2667608559.488453	19.0	34.648333	2.994301	0.0	0.01
2023-04-17 15:56:44	2674943776.60743	19.0	34.661604	2.994301	0.0	0.005
2023-04-17 15:56:45	2682293664.160645	19.0	34.654458	2.994301	0.0	0.008
2023-04-17 15:56:45	2689658251.488966	19.0	34.653271	2.994301	0.0	0.013
2023-04-17 15:56:46	2697037567.991944	19.0	34.658042	2.994301	0.0	0.006
2023-04-17 15:56:46	2704431643.127928	19.0	34.657625	2.994301	0.0	0.011
2023-04-17 15:56:47	2711840506.414184	19.0	34.655833	2.994271	0.0	0.006
2023-04-17 15:56:47	2719264187.427012	19.0	34.654875	2.994301	0.0	0.01
2023-04-17 15:56:47	2726702715.801867	19.0	34.663562	2.994301	0.0	0.007
2023-04-17 15:56:48	2734156121.23347	19.0	34.649354	2.994286	0.0	0.004
2023-04-17 15:56:48	2741624433.475937	19.0	34.657083	2.994271	0.0	0.01
2023-04-17 15:56:49	2749107682.342889	19.0	34.657271	2.994286	0.0	0.004
2023-04-17 15:56:49	2756605897.707575	19.0	34.654167	2.994301	0.0	0.004
2023-04-17 15:56:49	2764119109.50299	19.0	34.657333	2.994301	0.0	0.008
2023-04-17 15:56:50	2771647347.721996	19.0	34.651854	2.994301	0.0	0.01
2023-04-17 15:56:50	2779190642.41744	19.0	34.662687	2.994286	0.0	0.007
2023-04-17 15:56:51	2786749023.702275	19.0	34.66125	2.994316	0.0	0.01
2023-04-17 15:56:51	2794322521.74968	19.0	34.653979	2.994316	0.0	0.009
2023-04-17 15:56:51	2801911166.79318	19.0	34.655896	2.994301	0.0	0.015
2023-04-17 15:56:52	2809514989.126766	19.0	34.665896	2.994286	0.0	0.016
2023-04-17 15:56:52	2817134019.105019	19.0	34.675604	2.994301	0.0	0.011
2023-04-17 15:56:53	2824768287.143229	19.0	34.660292	2.994301	0.0	0.012
2023-04-17 15:56:53	2832417823.717515	19.0	34.665292	2.994316	0.0	0.01
2023-04-17 15:56:54	2840082659.364951	19.0	34.661792	2.994346	0.0	0.01
2023-04-17 15:56:54	2847762824.683681	19.0	34.660125	2.994346	0.0	0.011
2023-04-17 15:56:54	2855458350.333048	19.0	34.65625	2.994346	0.0	0.01
2023-04-17 15:56:55	2863169267.033714	19.0	34.666604	2.994346	0.0	0.01
2023-04-17 15:56:55	2870895605.567781	19.0	34.660542	2.994331	0.0	0.008
2023-04-17 15:56:56	2878637396.778917	19.0	34.651667	2.994346	0.0	0.012
2023-04-17 15:56:56	2886394671.572474	19.0	34.662625	2.994331	0.0	0.012
2023-04-17 15:56:56	2894167460.915619	19.0	34.66	2.994346	0.0	0.007
2023-04-17 15:56:57	2901955795.837451	19.0	34.660604	2.994331	0.0	0.01
2023-04-17 15:56:57	2909759707.429125	19.0	34.662562	2.994331	0.0	0.007
2023-04-17 15:56:58	2917579226.843984	19.0	34.662854	2.994331	0.0	0.01
2023-04-17 15:56:58	2925414385.297672	19.0	34.658979	2.994331	0.0	0.007
2023-04-17 15:56:58	2933265214.068267	19.0	34.657333	2.994346	0.0	0.005
2023-04-17 15:56:59	2941131744.496404	19.0	34.653813	2.994331	0.0	0.003
2023-04-17 15:56:59	2949014007.985396	19.0	34.665417	2.994331	0.0	0.003
2023-04-17 15:57:00	2956912036.001367	19.0	34.654771	2.994316	0.0	0.007
2023-04-17 15:57:00	2964825860.07337	19.0	34.660667	2.994316	0.0	0.004
2023-04-17 15:57:01	2972755511.793517	19.0	34.647208	2.994316	0.0	0.003
2023-04-17 15:57:01	2980701022.817104	19.0	34.649	2.994316	0.0	0.007
2023-04-17 15:57:01	2988662424.862738	19.0	34.662083	2.994301	0.0	0.004
2023-04-17 15:57:02	2996639749.712463	19.0	34.656437	2.994286	0.0	0.01
