2023-02-23 16:18:56	50000000.0	19.0	19.04132
2023-02-23 16:18:57	51050000.0	19.0	19.04123
2023-02-23 16:18:57	52101050.0	19.0	19.0416
2023-02-23 16:18:58	53153151.05	19.0	19.04288
2023-02-23 16:18:58	54206304.201	19.0	19.04283
2023-02-23 16:18:59	55260510.505	19.0	19.04357
2023-02-23 16:18:59	56315771.016	19.0	19.04946
2023-02-23 16:19:00	57372086.787	19.0	19.04743
2023-02-23 16:19:00	58429458.874	19.0	19.05257
2023-02-23 16:19:01	59487888.333	19.0	19.05071
2023-02-23 16:19:01	60547376.221	19.0	19.04794
2023-02-23 16:19:02	61607923.597	19.0	19.04451
2023-02-23 16:19:02	62669531.521	19.0	19.0428
2023-02-23 16:19:03	63732201.053	19.0	19.04174
2023-02-23 16:19:03	64795933.254	19.0	19.04109
2023-02-23 16:19:04	65860729.187	19.0	19.04826
2023-02-23 16:19:04	66926589.916	19.0	19.0526
2023-02-23 16:19:05	67993516.506	19.0	19.05277
2023-02-23 16:19:05	69061510.023	19.0	19.05277
2023-02-23 16:19:06	70130571.533	19.0	19.054
2023-02-23 16:19:06	71200702.105	19.0	19.04983
2023-02-23 16:19:07	72271902.807	19.0	19.05523
2023-02-23 16:19:08	73344174.71	19.0	19.05237
2023-02-23 16:19:08	74417518.885	19.0	19.05217
2023-02-23 16:19:09	75491936.404	19.0	19.04997
2023-02-23 16:19:09	76567428.34	19.0	19.0444
2023-02-23 16:19:10	77643995.768	19.0	19.04203
2023-02-23 16:19:10	78721639.764	19.0	19.04134
2023-02-23 16:19:11	79800361.404	19.0	19.04206
2023-02-23 16:19:11	80880161.765	19.0	19.04151
2023-02-23 16:19:12	81961041.927	19.0	19.04311
2023-02-23 16:19:12	83043002.969	19.0	19.04228
2023-02-23 16:19:13	84126045.972	19.0	19.04254
2023-02-23 16:19:13	85210172.018	19.0	19.04317
2023-02-23 16:19:14	86295382.19	19.0	19.04374
2023-02-23 16:19:14	87381677.572	19.0	19.0426
2023-02-23 16:19:15	88469059.25	19.0	19.04631
2023-02-23 16:19:15	89557528.309	19.0	19.04451
2023-02-23 16:19:16	90647085.837	19.0	19.04726
2023-02-23 16:19:16	91737732.923	19.0	19.04863
2023-02-23 16:19:17	92829470.656	19.0	19.0544
2023-02-23 16:19:17	93922300.127	19.0	19.05506
2023-02-23 16:19:18	95016222.427	19.0	19.05034
2023-02-23 16:19:18	96111238.649	19.0	19.0484
2023-02-23 16:19:19	97207349.888	19.0	19.045
2023-02-23 16:19:19	98304557.238	19.0	19.04366
2023-02-23 16:19:20	99402861.795	19.0	19.04303
2023-02-23 16:19:20	100502264.657	19.0	19.0422
2023-02-23 16:19:21	101602766.922	19.0	19.04368
2023-02-23 16:19:21	102704369.689	19.0	19.04351
2023-02-23 16:19:22	103807074.059	19.0	19.04671
2023-02-23 16:19:23	104910881.133	19.0	19.05128
2023-02-23 16:19:23	106015792.014	19.0	19.05511
2023-02-23 16:19:24	107121807.806	19.0	19.05186
2023-02-23 16:19:24	108228929.614	19.0	19.04697
2023-02-23 16:19:25	109337158.544	19.0	19.04983
2023-02-23 16:19:25	110446495.703	19.0	19.0542
2023-02-23 16:19:26	111556942.199	19.0	19.05486
2023-02-23 16:19:26	112668499.141	19.0	19.05537
2023-02-23 16:19:27	113781167.64	19.0	19.05243
2023-02-23 16:19:27	114894948.808	19.0	19.05123
2023-02-23 16:19:28	116009843.757	19.0	19.04528
2023-02-23 16:19:28	117125853.601	19.0	19.04943
2023-02-23 16:19:29	118242979.455	19.0	19.05166
2023-02-23 16:19:29	119361222.434	19.0	19.04706
2023-02-23 16:19:30	120480583.656	19.0	19.04617
2023-02-23 16:19:30	121601064.24	19.0	19.04568
2023-02-23 16:19:31	122722665.304	19.0	19.04786
2023-02-23 16:19:31	123845387.969	19.0	19.04706
2023-02-23 16:19:32	124969233.357	19.0	19.04754
2023-02-23 16:19:32	126094202.59	19.0	19.05097
2023-02-23 16:19:33	127220296.793	19.0	19.05146
2023-02-23 16:19:33	128347517.09	19.0	19.05434
2023-02-23 16:19:34	129475864.607	19.0	19.05429
2023-02-23 16:19:34	130605340.472	19.0	19.05611
2023-02-23 16:19:35	131735945.812	19.0	19.05771
2023-02-23 16:19:35	132867681.758	19.0	19.05617
2023-02-23 16:19:36	134000549.44	19.0	19.05557
2023-02-23 16:19:36	135134549.989	19.0	19.05383
2023-02-23 16:19:37	136269684.539	19.0	19.05272
2023-02-23 16:19:37	137405954.224	19.0	19.0538
2023-02-23 16:19:38	138543360.178	19.0	19.05526
2023-02-23 16:19:39	139681903.538	19.0	19.05343
2023-02-23 16:19:39	140821585.442	19.0	19.05089
2023-02-23 16:19:40	141962407.027	19.0	19.05123
2023-02-23 16:19:40	143104369.434	19.0	19.05294
2023-02-23 16:19:41	144247473.803	19.0	19.04926
2023-02-23 16:19:41	145391721.277	19.0	19.05189
2023-02-23 16:19:42	146537112.998	19.0	19.05514
2023-02-23 16:19:42	147683650.111	19.0	19.05252
2023-02-23 16:19:43	148831333.761	19.0	19.05474
2023-02-23 16:19:43	149980165.095	19.0	19.05137
2023-02-23 16:19:44	151130145.26	19.0	19.05177
2023-02-23 16:19:44	152281275.405	19.0	19.05083
2023-02-23 16:19:45	153433556.68	19.0	19.04526
2023-02-23 16:19:45	154586990.237	19.0	19.04654
2023-02-23 16:19:46	155741577.227	19.0	19.04431
2023-02-23 16:19:46	156897318.804	19.0	19.04751
2023-02-23 16:19:47	158054216.123	19.0	19.04469
2023-02-23 16:19:47	159212270.339	19.0	19.04431
2023-02-23 16:19:48	160371482.609	19.0	19.04597
2023-02-23 16:19:48	161531854.092	19.0	19.044
2023-02-23 16:19:49	162693385.946	19.0	19.0464
2023-02-23 16:19:49	163856079.332	19.0	19.04394
2023-02-23 16:19:50	165019935.411	19.0	19.04589
2023-02-23 16:19:50	166184955.346	19.0	19.04563
2023-02-23 16:19:51	167351140.301	19.0	19.04777
2023-02-23 16:19:51	168518491.441	19.0	19.04523
2023-02-23 16:19:52	169687009.932	19.0	19.04814
2023-02-23 16:19:52	170856696.942	19.0	19.04943
2023-02-23 16:19:53	172027553.639	19.0	19.04514
2023-02-23 16:19:53	173199581.193	19.0	19.04703
2023-02-23 16:19:54	174372780.774	19.0	19.04786
2023-02-23 16:19:55	175547153.555	19.0	19.04891
2023-02-23 16:19:55	176722700.709	19.0	19.0484
2023-02-23 16:19:56	177899423.41	19.0	19.05094
2023-02-23 16:19:56	179077322.833	19.0	19.052
2023-02-23 16:19:57	180256400.156	19.0	19.05231
2023-02-23 16:19:57	181436656.556	19.0	19.05543
2023-02-23 16:19:58	182618093.213	19.0	19.05291
2023-02-23 16:19:58	183800711.306	19.0	19.05226
2023-02-23 16:19:59	184984512.017	19.0	19.04771
2023-02-23 16:19:59	186169496.529	19.0	19.04629
2023-02-23 16:20:00	187355666.026	19.0	19.04708
2023-02-23 16:20:00	188543021.692	19.0	19.04929
2023-02-23 16:20:01	189731564.714	19.0	19.04443
2023-02-23 16:20:01	190921296.279	19.0	19.04548
2023-02-23 16:20:02	192112217.575	19.0	19.04871
2023-02-23 16:20:02	193304329.793	19.0	19.04843
2023-02-23 16:20:03	194497634.123	19.0	19.04623
2023-02-23 16:20:03	195692131.757	19.0	19.04871
2023-02-23 16:20:04	196887823.889	19.0	19.04631
2023-02-23 16:20:04	198084711.713	19.0	19.04809
2023-02-23 16:20:05	199282796.425	19.0	19.04683
2023-02-23 16:20:05	200482079.221	19.0	19.04526
2023-02-23 16:20:06	201682561.3	19.0	19.04988
2023-02-23 16:20:06	202884243.861	19.0	19.04789
2023-02-23 16:20:07	204087128.105	19.0	19.04623
2023-02-23 16:20:07	205291215.233	19.0	19.04957
2023-02-23 16:20:08	206496506.448	19.0	19.05203
2023-02-23 16:20:08	207703002.954	19.0	19.0466
2023-02-23 16:20:09	208910705.957	19.0	19.05077
2023-02-23 16:20:09	210119616.663	19.0	19.04643
2023-02-23 16:20:10	211329736.28	19.0	19.04431
2023-02-23 16:20:11	212541066.016	19.0	19.04394
2023-02-23 16:20:11	213753607.082	19.0	19.04406
2023-02-23 16:20:12	214967360.689	19.0	19.04343
2023-02-23 16:20:12	216182328.05	19.0	19.04217
2023-02-23 16:20:13	217398510.378	19.0	19.04334
2023-02-23 16:20:13	218615908.888	19.0	19.04346
2023-02-23 16:20:14	219834524.797	19.0	19.04197
2023-02-23 16:20:14	221054359.322	19.0	19.04266
2023-02-23 16:20:15	222275413.681	19.0	19.0436
2023-02-23 16:20:15	223497689.095	19.0	19.04177
2023-02-23 16:20:16	224721186.784	19.0	19.04183
2023-02-23 16:20:16	225945907.971	19.0	19.04228
2023-02-23 16:20:17	227171853.879	19.0	19.04171
2023-02-23 16:20:17	228399025.733	19.0	19.04206
2023-02-23 16:20:18	229627424.759	19.0	19.04189
2023-02-23 16:20:18	230857052.184	19.0	19.04123
2023-02-23 16:20:19	232087909.236	19.0	19.04103
2023-02-23 16:20:19	233319997.145	19.0	19.04097
2023-02-23 16:20:20	234553317.142	19.0	19.04157
2023-02-23 16:20:20	235787870.459	19.0	19.04266
2023-02-23 16:20:21	237023658.329	19.0	19.04286
2023-02-23 16:20:21	238260681.987	19.0	19.04846
2023-02-23 16:20:22	239498942.669	19.0	19.04809
2023-02-23 16:20:22	240738441.612	19.0	19.054
2023-02-23 16:20:23	241979180.054	19.0	19.05471
2023-02-23 16:20:23	243221159.234	19.0	19.0562
2023-02-23 16:20:24	244464380.393	19.0	19.05171
2023-02-23 16:20:24	245708844.773	19.0	19.05263
2023-02-23 16:20:25	246954553.618	19.0	19.05208
2023-02-23 16:20:25	248201508.172	19.0	19.05286
2023-02-23 16:20:26	249449709.68	19.0	19.05106
2023-02-23 16:20:26	250699159.39	19.0	19.04726
2023-02-23 16:20:27	251949858.549	19.0	19.04957
2023-02-23 16:20:27	253201808.408	19.0	19.04683
2023-02-23 16:20:28	254455010.216	19.0	19.0474
2023-02-23 16:20:29	255709465.226	19.0	19.04957
2023-02-23 16:20:29	256965174.691	19.0	19.0516
2023-02-23 16:20:30	258222139.866	19.0	19.04977
2023-02-23 16:20:30	259480362.006	19.0	19.04548
2023-02-23 16:20:31	260739842.368	19.0	19.04326
2023-02-23 16:20:31	262000582.21	19.0	19.0422
2023-02-23 16:20:32	263262582.792	19.0	19.04228
2023-02-23 16:20:32	264525845.375	19.0	19.04077
2023-02-23 16:20:33	265790371.22	19.0	19.04117
2023-02-23 16:20:33	267056161.591	19.0	19.04103
2023-02-23 16:20:34	268323217.753	19.0	19.04134
2023-02-23 16:20:34	269591540.971	19.0	19.04089
2023-02-23 16:20:35	270861132.512	19.0	19.04094
2023-02-23 16:20:35	272131993.645	19.0	19.04194
2023-02-23 16:20:36	273404125.639	19.0	19.04337
2023-02-23 16:20:36	274677529.765	19.0	19.0438
2023-02-23 16:20:37	275952207.295	19.0	19.05054
2023-02-23 16:20:37	277228159.502	19.0	19.04403
2023-02-23 16:20:38	278505387.662	19.0	19.05351
2023-02-23 16:20:38	279783893.05	19.0	19.05429
2023-02-23 16:20:39	281063676.943	19.0	19.05246
2023-02-23 16:20:39	282344740.62	19.0	19.05049
2023-02-23 16:20:40	283627085.361	19.0	19.05263
2023-02-23 16:20:40	284910712.446	19.0	19.05406
2023-02-23 16:20:41	286195623.158	19.0	19.05191
2023-02-23 16:20:41	287481818.781	19.0	19.05283
2023-02-23 16:20:42	288769300.6	19.0	19.05169
2023-02-23 16:20:42	290058069.901	19.0	19.05268
2023-02-23 16:20:43	291348127.971	19.0	19.05057
2023-02-23 16:20:43	292639476.099	19.0	19.05268
2023-02-23 16:20:44	293932115.575	19.0	19.05203
2023-02-23 16:20:44	295226047.691	19.0	19.0532
2023-02-23 16:20:45	296521273.739	19.0	19.05463
2023-02-23 16:20:46	297817795.013	19.0	19.05574
2023-02-23 16:20:46	299115612.808	19.0	19.05289
2023-02-23 16:20:47	300414728.421	19.0	19.04771
2023-02-23 16:20:47	301715143.149	19.0	19.05337
2023-02-23 16:20:48	303016858.292	19.0	19.05117
2023-02-23 16:20:48	304319875.15	19.0	19.05506
2023-02-23 16:20:49	305624195.025	19.0	19.05051
2023-02-23 16:20:49	306929819.22	19.0	19.05351
2023-02-23 16:20:50	308236749.039	19.0	19.05017
2023-02-23 16:20:50	309544985.788	19.0	19.05471
2023-02-23 16:20:51	310854530.774	19.0	19.05334
2023-02-23 16:20:51	312165385.305	19.0	19.05303
2023-02-23 16:20:52	313477550.69	19.0	19.05414
2023-02-23 16:20:52	314791028.241	19.0	19.05643
2023-02-23 16:20:53	316105819.269	19.0	19.05091
2023-02-23 16:20:53	317421925.088	19.0	19.04937
2023-02-23 16:20:54	318739347.013	19.0	19.05331
2023-02-23 16:20:54	320058086.36	19.0	19.0546
2023-02-23 16:20:55	321378144.446	19.0	19.05183
2023-02-23 16:20:55	322699522.59	19.0	19.05083
2023-02-23 16:20:56	324022222.113	19.0	19.05457
2023-02-23 16:20:56	325346244.335	19.0	19.05023
2023-02-23 16:20:57	326671590.579	19.0	19.0498
2023-02-23 16:20:57	327998262.17	19.0	19.05349
2023-02-23 16:20:58	329326260.432	19.0	19.05134
2023-02-23 16:20:58	330655586.692	19.0	19.05123
2023-02-23 16:20:59	331986242.279	19.0	19.0502
2023-02-23 16:20:59	333318228.521	19.0	19.05334
2023-02-23 16:21:00	334651546.75	19.0	19.0518
2023-02-23 16:21:00	335986198.297	19.0	19.05386
2023-02-23 16:21:01	337322184.495	19.0	19.05451
2023-02-23 16:21:02	338659506.679	19.0	19.05314
2023-02-23 16:21:02	339998166.186	19.0	19.05069
2023-02-23 16:21:03	341338164.352	19.0	19.0528
2023-02-23 16:21:03	342679502.516	19.0	19.05257
2023-02-23 16:21:04	344022182.019	19.0	19.05143
2023-02-23 16:21:04	345366204.201	19.0	19.05468
2023-02-23 16:21:05	346711570.405	19.0	19.0528
2023-02-23 16:21:05	348058281.975	19.0	19.05283
2023-02-23 16:21:06	349406340.257	19.0	19.05237
2023-02-23 16:21:06	350755746.597	19.0	19.05311
2023-02-23 16:21:07	352106502.344	19.0	19.05317
2023-02-23 16:21:07	353458608.846	19.0	19.05297
2023-02-23 16:21:08	354812067.455	19.0	19.05077
2023-02-23 16:21:08	356166879.522	19.0	19.04957
2023-02-23 16:21:09	357523046.402	19.0	19.05231
2023-02-23 16:21:09	358880569.448	19.0	19.05286
2023-02-23 16:21:10	360239450.017	19.0	19.05046
2023-02-23 16:21:10	361599689.467	19.0	19.04963
2023-02-23 16:21:11	362961289.156	19.0	19.05289
2023-02-23 16:21:11	364324250.445	19.0	19.05106
2023-02-23 16:21:12	365688574.695	19.0	19.04937
2023-02-23 16:21:12	367054263.27	19.0	19.05309
2023-02-23 16:21:13	368421317.533	19.0	19.05114
2023-02-23 16:21:13	369789738.851	19.0	19.04531
2023-02-23 16:21:14	371159528.59	19.0	19.0492
2023-02-23 16:21:14	372530688.119	19.0	19.04557
2023-02-23 16:21:15	373903218.807	19.0	19.04554
2023-02-23 16:21:15	375277122.026	19.0	19.04889
2023-02-23 16:21:16	376652399.148	19.0	19.04591
2023-02-23 16:21:17	378029051.547	19.0	19.05023
2023-02-23 16:21:17	379407080.599	19.0	19.05054
2023-02-23 16:21:18	380786487.68	19.0	19.05257
2023-02-23 16:21:18	382167274.168	19.0	19.04951
2023-02-23 16:21:19	383549441.442	19.0	19.05394
2023-02-23 16:21:19	384932990.883	19.0	19.05069
2023-02-23 16:21:20	386317923.874	19.0	19.0556
2023-02-23 16:21:20	387704241.798	19.0	19.05134
2023-02-23 16:21:21	389091946.04	19.0	19.05663
2023-02-23 16:21:21	390481037.986	19.0	19.04917
2023-02-23 16:21:22	391871519.024	19.0	19.05268
2023-02-23 16:21:22	393263390.543	19.0	19.05091
2023-02-23 16:21:23	394656653.934	19.0	19.04931
2023-02-23 16:21:23	396051310.588	19.0	19.048
2023-02-23 16:21:24	397447361.899	19.0	19.0452
2023-02-23 16:21:24	398844809.261	19.0	19.04446
2023-02-23 16:21:25	400243654.07	19.0	19.05031
2023-02-23 16:21:25	401643897.724	19.0	19.0426
2023-02-23 16:21:26	403045541.622	19.0	19.04274
2023-02-23 16:21:26	404448587.164	19.0	19.04223
2023-02-23 16:21:27	405853035.751	19.0	19.04263
2023-02-23 16:21:27	407258888.787	19.0	19.04148
2023-02-23 16:21:28	408666147.676	19.0	19.04066
2023-02-23 16:21:28	410074813.824	19.0	19.04154
2023-02-23 16:21:29	411484888.638	19.0	19.04091
2023-02-23 16:21:29	412896373.527	19.0	19.04106
2023-02-23 16:21:30	414309269.901	19.0	19.04132
2023-02-23 16:21:30	415723579.171	19.0	19.04111
2023-02-23 16:21:31	417139302.75	19.0	19.04246
2023-02-23 16:21:32	418556442.053	19.0	19.04171
2023-02-23 16:21:32	419974998.495	19.0	19.04326
2023-02-23 16:21:33	421394973.493	19.0	19.04371
2023-02-23 16:21:33	422816368.466	19.0	19.04331
2023-02-23 16:21:34	424239184.834	19.0	19.04506
2023-02-23 16:21:34	425663424.019	19.0	19.04846
2023-02-23 16:21:35	427089087.443	19.0	19.0502
2023-02-23 16:21:35	428516176.53	19.0	19.04406
2023-02-23 16:21:36	429944692.707	19.0	19.05289
2023-02-23 16:21:36	431374637.4	19.0	19.05128
2023-02-23 16:21:37	432806012.037	19.0	19.05157
2023-02-23 16:21:37	434238818.049	19.0	19.05066
2023-02-23 16:21:38	435673056.867	19.0	19.0484
2023-02-23 16:21:38	437108729.924	19.0	19.04991
2023-02-23 16:21:39	438545838.654	19.0	19.04346
2023-02-23 16:21:39	439984384.493	19.0	19.04206
2023-02-23 16:21:40	441424368.877	19.0	19.04069
2023-02-23 16:21:40	442865793.246	19.0	19.04094
2023-02-23 16:21:41	444308659.039	19.0	19.04097
2023-02-23 16:21:41	445752967.698	19.0	19.04143
2023-02-23 16:21:42	447198720.666	19.0	19.04123
2023-02-23 16:21:42	448645919.387	19.0	19.04074
2023-02-23 16:21:43	450094565.306	19.0	19.04134
2023-02-23 16:21:43	451544659.871	19.0	19.04114
2023-02-23 16:21:44	452996204.531	19.0	19.04163
2023-02-23 16:21:44	454449200.736	19.0	19.04237
2023-02-23 16:21:45	455903649.937	19.0	19.04083
2023-02-23 16:21:45	457359553.587	19.0	19.04132
2023-02-23 16:21:46	458816913.141	19.0	19.04074
2023-02-23 16:21:46	460275730.054	19.0	19.0416
2023-02-23 16:21:47	461736005.784	19.0	19.041
2023-02-23 16:21:48	463197741.79	19.0	19.04097
2023-02-23 16:21:48	464660939.532	19.0	19.04097
2023-02-23 16:21:49	466125600.472	19.0	19.04117
2023-02-23 16:21:49	467591726.072	19.0	19.04263
2023-02-23 16:21:50	469059317.798	19.0	19.0412
2023-02-23 16:21:50	470528377.116	19.0	19.04114
2023-02-23 16:21:51	471998905.493	19.0	19.04163
2023-02-23 16:21:51	473470904.398	19.0	19.04274
2023-02-23 16:21:52	474944375.302	19.0	19.04203
2023-02-23 16:21:52	476419319.677	19.0	19.04311
2023-02-23 16:21:53	477895738.997	19.0	19.04251
2023-02-23 16:21:53	479373634.736	19.0	19.04451
2023-02-23 16:21:54	480853008.371	19.0	19.04314
2023-02-23 16:21:54	482333861.379	19.0	19.042
2023-02-23 16:21:55	483816195.24	19.0	19.04194
2023-02-23 16:21:55	485300011.435	19.0	19.0428
2023-02-23 16:21:56	486785311.446	19.0	19.04294
2023-02-23 16:21:56	488272096.757	19.0	19.04434
2023-02-23 16:21:57	489760368.854	19.0	19.04206
2023-02-23 16:21:57	491250129.223	19.0	19.04194
2023-02-23 16:21:58	492741379.352	19.0	19.04089
2023-02-23 16:21:58	494234120.731	19.0	19.04086
2023-02-23 16:21:59	495728354.852	19.0	19.04083
2023-02-23 16:21:59	497224083.207	19.0	19.0408
2023-02-23 16:22:00	498721307.29	19.0	19.04071
2023-02-23 16:22:00	500220028.597	19.0	19.04183
2023-02-23 16:22:01	501720248.626	19.0	19.04174
2023-02-23 16:22:01	503221968.875	19.0	19.04203
2023-02-23 16:22:02	504725190.844	19.0	19.04166
2023-02-23 16:22:02	506229916.035	19.0	19.04309
2023-02-23 16:22:03	507736145.951	19.0	19.04528
2023-02-23 16:22:04	509243882.097	19.0	19.04469
2023-02-23 16:22:04	510753125.979	19.0	19.04231
2023-02-23 16:22:05	512263879.105	19.0	19.04903
2023-02-23 16:22:05	513776142.984	19.0	19.04371
2023-02-23 16:22:06	515289919.127	19.0	19.05137
2023-02-23 16:22:06	516805209.046	19.0	19.04951
2023-02-23 16:22:07	518322014.255	19.0	19.04734
2023-02-23 16:22:07	519840336.269	19.0	19.04889
2023-02-23 16:22:08	521360176.605	19.0	19.04434
2023-02-23 16:22:08	522881536.782	19.0	19.046
2023-02-23 16:22:09	524404418.319	19.0	19.04477
2023-02-23 16:22:09	525928822.737	19.0	19.04531
2023-02-23 16:22:10	527454751.56	19.0	19.04657
2023-02-23 16:22:10	528982206.312	19.0	19.04609
2023-02-23 16:22:11	530511188.518	19.0	19.05086
2023-02-23 16:22:11	532041699.707	19.0	19.04643
2023-02-23 16:22:12	533573741.407	19.0	19.04531
2023-02-23 16:22:12	535107315.148	19.0	19.04474
2023-02-23 16:22:13	536642422.463	19.0	19.04557
2023-02-23 16:22:13	538179064.885	19.0	19.0448
2023-02-23 16:22:14	539717243.95	19.0	19.04537
2023-02-23 16:22:14	541256961.194	19.0	19.04563
2023-02-23 16:22:15	542798218.155	19.0	19.04377
2023-02-23 16:22:15	544341016.373	19.0	19.04183
2023-02-23 16:22:16	545885357.389	19.0	19.04203
2023-02-23 16:22:16	547431242.746	19.0	19.04266
2023-02-23 16:22:17	548978673.989	19.0	19.04371
2023-02-23 16:22:17	550527652.663	19.0	19.04163
2023-02-23 16:22:18	552078180.316	19.0	19.04423
2023-02-23 16:22:18	553630258.496	19.0	19.04217
2023-02-23 16:22:19	555183888.754	19.0	19.0428
2023-02-23 16:22:19	556739072.643	19.0	19.04506
2023-02-23 16:22:20	558295811.716	19.0	19.04617
2023-02-23 16:22:21	559854107.528	19.0	19.0432
2023-02-23 16:22:21	561413961.636	19.0	19.04457
2023-02-23 16:22:22	562975375.598	19.0	19.04509
2023-02-23 16:22:22	564538350.974	19.0	19.04297
2023-02-23 16:22:23	566102889.325	19.0	19.04383
2023-02-23 16:22:23	567668992.214	19.0	19.04306
2023-02-23 16:22:24	569236661.206	19.0	19.04114
2023-02-23 16:22:24	570805897.867	19.0	19.03851
2023-02-23 16:22:25	572376703.765	19.0	19.0444
2023-02-23 16:22:25	573949080.469	19.0	19.039
2023-02-23 16:22:26	575523029.549	19.0	19.04114
2023-02-23 16:22:26	577098552.579	19.0	19.03551
2023-02-23 16:22:27	578675651.132	19.0	19.03674
2023-02-23 16:22:27	580254326.783	19.0	19.03357
2023-02-23 16:22:28	581834581.11	19.0	19.02757
2023-02-23 16:22:28	583416415.691	19.0	19.03574
2023-02-23 16:22:29	584999832.107	19.0	19.03057
2023-02-23 16:22:29	586584831.939	19.0	19.03611
2023-02-23 16:22:30	588171416.771	19.0	19.03214
2023-02-23 16:22:30	589759588.188	19.0	19.0296
2023-02-23 16:22:31	591349347.776	19.0	19.03671
2023-02-23 16:22:31	592940697.124	19.0	19.03351
2023-02-23 16:22:32	594533637.821	19.0	19.03609
2023-02-23 16:22:32	596128171.459	19.0	19.03288
2023-02-23 16:22:33	597724299.63	19.0	19.04211
2023-02-23 16:22:33	599322023.93	19.0	19.03774
2023-02-23 16:22:34	600921345.954	19.0	19.0422
2023-02-23 16:22:35	602522267.3	19.0	19.03689
2023-02-23 16:22:35	604124789.567	19.0	19.03717
2023-02-23 16:22:36	605728914.357	19.0	19.03594
2023-02-23 16:22:36	607334643.271	19.0	19.03743
2023-02-23 16:22:37	608941977.914	19.0	19.04017
2023-02-23 16:22:37	610550919.892	19.0	19.03651
2023-02-23 16:22:38	612161470.812	19.0	19.0344
2023-02-23 16:22:38	613773632.283	19.0	19.03403
2023-02-23 16:22:39	615387405.915	19.0	19.03448
2023-02-23 16:22:39	617002793.321	19.0	19.02806
2023-02-23 16:22:40	618619796.114	19.0	19.02683
2023-02-23 16:22:40	620238415.91	19.0	19.02477
2023-02-23 16:22:41	621858654.326	19.0	19.02403
2023-02-23 16:22:41	623480512.98	19.0	19.02674
2023-02-23 16:22:42	625103993.493	19.0	19.02277
2023-02-23 16:22:42	626729097.486	19.0	19.02214
2023-02-23 16:22:43	628355826.583	19.0	19.023
2023-02-23 16:22:43	629984182.41	19.0	19.02274
2023-02-23 16:22:44	631614166.592	19.0	19.02157
2023-02-23 16:22:44	633245780.759	19.0	19.02431
2023-02-23 16:22:45	634879026.54	19.0	19.02143
2023-02-23 16:22:45	636513905.567	19.0	19.02286
2023-02-23 16:22:46	638150419.473	19.0	19.02351
2023-02-23 16:22:46	639788569.892	19.0	19.02377
2023-02-23 16:22:47	641428358.462	19.0	19.02337
2023-02-23 16:22:47	643069786.82	19.0	19.02223
2023-02-23 16:22:48	644712856.607	19.0	19.02154
2023-02-23 16:22:48	646357569.464	19.0	19.02114
2023-02-23 16:22:49	648003927.033	19.0	19.02168
2023-02-23 16:22:50	649651930.96	19.0	19.0226
2023-02-23 16:22:50	651301582.891	19.0	19.02294
2023-02-23 16:22:51	652952884.474	19.0	19.02243
2023-02-23 16:22:51	654605837.358	19.0	19.02623
2023-02-23 16:22:52	656260443.195	19.0	19.02471
2023-02-23 16:22:52	657916703.638	19.0	19.02363
2023-02-23 16:22:53	659574620.342	19.0	19.02177
2023-02-23 16:22:53	661234194.962	19.0	19.02177
2023-02-23 16:22:54	662895429.157	19.0	19.02046
2023-02-23 16:22:54	664558324.586	19.0	19.02071
2023-02-23 16:22:55	666222882.911	19.0	19.02091
2023-02-23 16:22:55	667889105.794	19.0	19.02063
2023-02-23 16:22:56	669556994.9	19.0	19.0204
2023-02-23 16:22:56	671226551.895	19.0	19.02057
2023-02-23 16:22:57	672897778.447	19.0	19.02103
2023-02-23 16:22:57	674570676.225	19.0	19.0222
2023-02-23 16:22:58	676245246.901	19.0	19.02066
2023-02-23 16:22:58	677921492.148	19.0	19.02091
2023-02-23 16:22:59	679599413.64	19.0	19.02128
2023-02-23 16:22:59	681279013.054	19.0	19.02143
2023-02-23 16:23:00	682960292.067	19.0	19.02409
2023-02-23 16:23:00	684643252.359	19.0	19.02446
2023-02-23 16:23:01	686327895.611	19.0	19.02466
2023-02-23 16:23:01	688014223.507	19.0	19.03231
2023-02-23 16:23:02	689702237.731	19.0	19.03466
2023-02-23 16:23:02	691391939.969	19.0	19.03657
2023-02-23 16:23:03	693083331.909	19.0	19.04017
2023-02-23 16:23:03	694776415.241	19.0	19.04123
2023-02-23 16:23:04	696471191.656	19.0	19.04148
2023-02-23 16:23:04	698167662.848	19.0	19.04217
2023-02-23 16:23:05	699865830.511	19.0	19.0396
2023-02-23 16:23:05	701565696.342	19.0	19.04397
2023-02-23 16:23:06	703267262.038	19.0	19.04414
2023-02-23 16:23:06	704970529.3	19.0	19.04251
2023-02-23 16:23:07	706675499.829	19.0	19.04017
2023-02-23 16:23:07	708382175.329	19.0	19.04489
2023-02-23 16:23:08	710090557.504	19.0	19.04214
2023-02-23 16:23:09	711800648.062	19.0	19.03551
2023-02-23 16:23:09	713512448.71	19.0	19.03877
2023-02-23 16:23:10	715225961.159	19.0	19.03117
2023-02-23 16:23:10	716941187.12	19.0	19.03151
2023-02-23 16:23:11	718658128.307	19.0	19.03148
2023-02-23 16:23:11	720376786.435	19.0	19.02897
2023-02-23 16:23:12	722097163.221	19.0	19.0336
2023-02-23 16:23:12	723819260.384	19.0	19.02657
2023-02-23 16:23:13	725543079.644	19.0	19.02786
2023-02-23 16:23:13	727268622.724	19.0	19.03089
2023-02-23 16:23:14	728995891.347	19.0	19.02894
2023-02-23 16:23:14	730724887.238	19.0	19.0268
2023-02-23 16:23:15	732455612.125	19.0	19.02714
2023-02-23 16:23:15	734188067.737	19.0	19.02443
2023-02-23 16:23:16	735922255.805	19.0	19.02391
2023-02-23 16:23:16	737658178.061	19.0	19.02654
2023-02-23 16:23:17	739395836.239	19.0	19.02591
2023-02-23 16:23:17	741135232.075	19.0	19.02843
2023-02-23 16:23:18	742876367.307	19.0	19.03809
2023-02-23 16:23:18	744619243.674	19.0	19.03146
2023-02-23 16:23:19	746363862.918	19.0	19.03657
2023-02-23 16:23:19	748110226.781	19.0	19.03446
2023-02-23 16:23:20	749858337.008	19.0	19.03669
2023-02-23 16:23:20	751608195.345	19.0	19.03226
2023-02-23 16:23:21	753359803.54	19.0	19.04174
2023-02-23 16:23:21	755113163.344	19.0	19.0412
2023-02-23 16:23:22	756868276.507	19.0	19.04426
2023-02-23 16:23:22	758625144.784	19.0	19.04394
2023-02-23 16:23:23	760383769.929	19.0	19.04726
2023-02-23 16:23:23	762144153.699	19.0	19.04986
2023-02-23 16:23:24	763906297.853	19.0	19.04871
2023-02-23 16:23:24	765670204.151	19.0	19.04609
2023-02-23 16:23:25	767435874.355	19.0	19.047
2023-02-23 16:23:25	769203310.229	19.0	19.05157
2023-02-23 16:23:26	770972513.539	19.0	19.05306
2023-02-23 16:23:27	772743486.053	19.0	19.05263
2023-02-23 16:23:27	774516229.539	19.0	19.05243
2023-02-23 16:23:28	776290745.769	19.0	19.04914
2023-02-23 16:23:28	778067036.515	19.0	19.04537
2023-02-23 16:23:29	779845103.552	19.0	19.04354
2023-02-23 16:23:29	781624948.656	19.0	19.04197
2023-02-23 16:23:30	783406573.605	19.0	19.04526
2023-02-23 16:23:30	785189980.179	19.0	19.04011
2023-02-23 16:23:31	786975170.159	19.0	19.04183
2023-02-23 16:23:31	788762145.329	19.0	19.04063
2023-02-23 16:23:32	790550907.474	19.0	19.04643
2023-02-23 16:23:32	792341458.381	19.0	19.03614
2023-02-23 16:23:33	794133799.839	19.0	19.03166
2023-02-23 16:23:33	795927933.639	19.0	19.04314
2023-02-23 16:23:34	797723861.573	19.0	19.03214
2023-02-23 16:23:34	799521585.435	19.0	19.02751
2023-02-23 16:23:35	801321107.02	19.0	19.02589
2023-02-23 16:23:35	803122428.127	19.0	19.0296
2023-02-23 16:23:36	804925550.555	19.0	19.03246
2023-02-23 16:23:36	806730476.106	19.0	19.02574
2023-02-23 16:23:37	808537206.582	19.0	19.0244
2023-02-23 16:23:37	810345743.789	19.0	19.02531
2023-02-23 16:23:38	812156089.533	19.0	19.02517
2023-02-23 16:23:38	813968245.623	19.0	19.02486
2023-02-23 16:23:39	815782213.869	19.0	19.02523
2023-02-23 16:23:39	817597996.083	19.0	19.02571
2023-02-23 16:23:40	819415594.079	19.0	19.03246
2023-02-23 16:23:40	821235009.673	19.0	19.02754
2023-02-23 16:23:41	823056244.683	19.0	19.0328
2023-02-23 16:23:42	824879300.928	19.0	19.03006
2023-02-23 16:23:42	826704180.229	19.0	19.0302
2023-02-23 16:23:43	828530884.409	19.0	19.03163
2023-02-23 16:23:43	830359415.293	19.0	19.02974
2023-02-23 16:23:44	832189774.708	19.0	19.03006
2023-02-23 16:23:44	834021964.483	19.0	19.0372
2023-02-23 16:23:45	835855986.447	19.0	19.02637
2023-02-23 16:23:45	837691842.433	19.0	19.03292
2023-02-23 16:23:46	839529534.275	19.0	19.03203
2023-02-23 16:23:46	841369063.809	19.0	19.03423
2023-02-23 16:23:47	843210432.873	19.0	19.03228
2023-02-23 16:23:47	845053643.306	19.0	19.03006
2023-02-23 16:23:48	846898696.949	19.0	19.02583
2023-02-23 16:23:48	848745595.646	19.0	19.03097
2023-02-23 16:23:49	850594341.242	19.0	19.03411
2023-02-23 16:23:49	852444935.583	19.0	19.03511
2023-02-23 16:23:50	854297380.519	19.0	19.02643
2023-02-23 16:23:50	856151677.9	19.0	19.02963
2023-02-23 16:23:51	858007829.578	19.0	19.02589
2023-02-23 16:23:51	859865837.408	19.0	19.02537
2023-02-23 16:23:52	861725703.245	19.0	19.0248
2023-02-23 16:23:52	863587428.948	19.0	19.02511
2023-02-23 16:23:53	865451016.377	19.0	19.02403
2023-02-23 16:23:53	867316467.393	19.0	19.0248
2023-02-23 16:23:54	869183783.86	19.0	19.0316
2023-02-23 16:23:54	871052967.644	19.0	19.03366
2023-02-23 16:23:55	872924020.612	19.0	19.02803
2023-02-23 16:23:55	874796944.633	19.0	19.03503
2023-02-23 16:23:56	876671741.578	19.0	19.03369
2023-02-23 16:23:57	878548413.32	19.0	19.0258
2023-02-23 16:23:57	880426961.733	19.0	19.02674
2023-02-23 16:23:58	882307388.695	19.0	19.02931
2023-02-23 16:23:58	884189696.084	19.0	19.03177
2023-02-23 16:23:59	886073885.78	19.0	19.0242
2023-02-23 16:23:59	887959959.666	19.0	19.02283
2023-02-23 16:24:00	889847919.626	19.0	19.0246
2023-02-23 16:24:00	891737767.546	19.0	19.02306
2023-02-23 16:24:01	893629505.314	19.0	19.02694
2023-02-23 16:24:01	895523134.819	19.0	19.02231
2023-02-23 16:24:02	897418657.954	19.0	19.02514
2023-02-23 16:24:02	899316076.612	19.0	19.0252
2023-02-23 16:24:03	901215392.689	19.0	19.02308
2023-02-23 16:24:03	903116608.082	19.0	19.02288
2023-02-23 16:24:04	905019724.69	19.0	19.0232
2023-02-23 16:24:04	906924744.415	19.0	19.02314
2023-02-23 16:24:05	908831669.159	19.0	19.02214
2023-02-23 16:24:05	910740500.828	19.0	19.023
2023-02-23 16:24:06	912651241.329	19.0	19.02409
2023-02-23 16:24:06	914563892.57	19.0	19.02437
2023-02-23 16:24:07	916478456.463	19.0	19.02403
2023-02-23 16:24:07	918394934.919	19.0	19.02337
2023-02-23 16:24:08	920313329.854	19.0	19.02411
2023-02-23 16:24:08	922233643.184	19.0	19.0232
2023-02-23 16:24:09	924155876.827	19.0	19.02188
2023-02-23 16:24:09	926080032.704	19.0	19.02134
2023-02-23 16:24:10	928006112.737	19.0	19.02114
2023-02-23 16:24:10	929934118.85	19.0	19.02026
2023-02-23 16:24:11	931864052.969	19.0	19.02054
2023-02-23 16:24:11	933795917.022	19.0	19.02069
2023-02-23 16:24:12	935729712.939	19.0	19.02037
2023-02-23 16:24:12	937665442.652	19.0	19.0204
2023-02-23 16:24:13	939603108.095	19.0	19.02032
2023-02-23 16:24:13	941542711.203	19.0	19.02063
2023-02-23 16:24:14	943484253.914	19.0	19.02006
2023-02-23 16:24:15	945427738.168	19.0	19.02048
2023-02-23 16:24:15	947373165.906	19.0	19.02043
2023-02-23 16:24:16	949320539.072	19.0	19.02054
2023-02-23 16:24:16	951269859.611	19.0	19.02063
2023-02-23 16:24:17	953221129.471	19.0	19.02071
2023-02-23 16:24:17	955174350.6	19.0	19.0206
2023-02-23 16:24:18	957129524.951	19.0	19.02057
2023-02-23 16:24:18	959086654.476	19.0	19.02057
2023-02-23 16:24:19	961045741.13	19.0	19.02063
2023-02-23 16:24:19	963006786.871	19.0	19.0206
2023-02-23 16:24:20	964969793.658	19.0	19.02074
2023-02-23 16:24:20	966934763.452	19.0	19.02094
2023-02-23 16:24:21	968901698.215	19.0	19.02146
2023-02-23 16:24:21	970870599.913	19.0	19.02389
2023-02-23 16:24:22	972841470.513	19.0	19.02311
2023-02-23 16:24:22	974814311.984	19.0	19.02369
2023-02-23 16:24:23	976789126.296	19.0	19.02337
2023-02-23 16:24:23	978765915.422	19.0	19.02334
2023-02-23 16:24:24	980744681.337	19.0	19.0234
2023-02-23 16:24:24	982725426.018	19.0	19.02291
2023-02-23 16:24:25	984708151.444	19.0	19.02554
2023-02-23 16:24:25	986692859.595	19.0	19.03077
2023-02-23 16:24:26	988679552.455	19.0	19.03083
2023-02-23 16:24:26	990668232.007	19.0	19.02748
2023-02-23 16:24:27	992658900.239	19.0	19.02657
2023-02-23 16:24:27	994651559.139	19.0	19.02789
2023-02-23 16:24:28	996646210.698	19.0	19.02783
2023-02-23 16:24:28	998642856.909	19.0	19.02769
2023-02-23 16:24:29	1000641499.766	19.0	19.0234
2023-02-23 16:24:30	1002642141.266	19.0	19.02403
2023-02-23 16:24:30	1004644783.407	19.0	19.0222
2023-02-23 16:24:31	1006649428.19	19.0	19.02151
2023-02-23 16:24:31	1008656077.618	19.0	19.02168
2023-02-23 16:24:32	1010664733.696	19.0	19.02094
2023-02-23 16:24:32	1012675398.43	19.0	19.02051
2023-02-23 16:24:33	1014688073.828	19.0	19.02046
2023-02-23 16:24:33	1016702761.902	19.0	19.02063
2023-02-23 16:24:34	1018719464.664	19.0	19.02097
2023-02-23 16:24:34	1020738184.129	19.0	19.02117
2023-02-23 16:24:35	1022758922.313	19.0	19.02057
2023-02-23 16:24:35	1024781681.235	19.0	19.02103
2023-02-23 16:24:36	1026806462.916	19.0	19.02157
2023-02-23 16:24:36	1028833269.379	19.0	19.02111
2023-02-23 16:24:37	1030862102.648	19.0	19.02148
2023-02-23 16:24:37	1032892964.751	19.0	19.0212
2023-02-23 16:24:38	1034925857.716	19.0	19.0214
2023-02-23 16:24:38	1036960783.574	19.0	19.02614
2023-02-23 16:24:39	1038997744.358	19.0	19.02429
2023-02-23 16:24:39	1041036742.102	19.0	19.02311
2023-02-23 16:24:40	1043077778.844	19.0	19.02803
2023-02-23 16:24:40	1045120856.623	19.0	19.02874
2023-02-23 16:24:41	1047165977.48	19.0	19.02566
2023-02-23 16:24:41	1049213143.457	19.0	19.02674
2023-02-23 16:24:42	1051262356.6	19.0	19.03794
2023-02-23 16:24:42	1053313618.957	19.0	19.03434
2023-02-23 16:24:43	1055366932.576	19.0	19.04003
2023-02-23 16:24:43	1057422299.509	19.0	19.03451
2023-02-23 16:24:44	1059479721.809	19.0	19.03483
2023-02-23 16:24:44	1061539201.531	19.0	19.03389
2023-02-23 16:24:45	1063600740.733	19.0	19.0354
2023-02-23 16:24:46	1065664341.474	19.0	19.03786
2023-02-23 16:24:46	1067730005.815	19.0	19.04054
2023-02-23 16:24:47	1069797735.821	19.0	19.04134
2023-02-23 16:24:47	1071867533.557	19.0	19.04414
2023-02-23 16:24:48	1073939401.091	19.0	19.03871
2023-02-23 16:24:48	1076013340.492	19.0	19.04186
2023-02-23 16:24:49	1078089353.832	19.0	19.03534
2023-02-23 16:24:49	1080167443.186	19.0	19.0376
2023-02-23 16:24:50	1082247610.629	19.0	19.03466
2023-02-23 16:24:50	1084329858.24	19.0	19.0342
2023-02-23 16:24:51	1086414188.098	19.0	19.04546
2023-02-23 16:24:51	1088500602.286	19.0	19.03226
2023-02-23 16:24:52	1090589102.888	19.0	19.03383
2023-02-23 16:24:52	1092679691.991	19.0	19.03643
2023-02-23 16:24:53	1094772371.683	19.0	19.04288
2023-02-23 16:24:53	1096867144.055	19.0	19.04309
2023-02-23 16:24:54	1098964011.199	19.0	19.03489
2023-02-23 16:24:54	1101062975.21	19.0	19.03914
2023-02-23 16:24:55	1103164038.185	19.0	19.03446
2023-02-23 16:24:55	1105267202.223	19.0	19.03497
2023-02-23 16:24:56	1107372469.425	19.0	19.03609
2023-02-23 16:24:56	1109479841.894	19.0	19.03923
2023-02-23 16:24:57	1111589321.736	19.0	19.04689
2023-02-23 16:24:57	1113700911.058	19.0	19.03914
2023-02-23 16:24:58	1115814611.969	19.0	19.03686
2023-02-23 16:24:58	1117930426.581	19.0	19.03646
2023-02-23 16:24:59	1120048357.008	19.0	19.0388
2023-02-23 16:24:59	1122168405.365	19.0	19.04043
2023-02-23 16:25:00	1124290573.77	19.0	19.03403
2023-02-23 16:25:00	1126414864.344	19.0	19.0354
2023-02-23 16:25:01	1128541279.208	19.0	19.03617
2023-02-23 16:25:02	1130669820.487	19.0	19.038
2023-02-23 16:25:02	1132800490.307	19.0	19.04086
2023-02-23 16:25:03	1134933290.797	19.0	19.03126
2023-02-23 16:25:03	1137068224.088	19.0	19.03609
2023-02-23 16:25:04	1139205292.312	19.0	19.03414
2023-02-23 16:25:04	1141344497.604	19.0	19.03049
2023-02-23 16:25:05	1143485842.102	19.0	19.03094
2023-02-23 16:25:05	1145629327.944	19.0	19.0312
2023-02-23 16:25:06	1147774957.272	19.0	19.02871
2023-02-23 16:25:06	1149922732.229	19.0	19.03509
2023-02-23 16:25:07	1152072654.961	19.0	19.03137
2023-02-23 16:25:07	1154224727.616	19.0	19.03383
2023-02-23 16:25:08	1156378952.344	19.0	19.02914
2023-02-23 16:25:08	1158535331.296	19.0	19.03226
2023-02-23 16:25:09	1160693866.627	19.0	19.03857
2023-02-23 16:25:09	1162854560.494	19.0	19.03728
2023-02-23 16:25:10	1165017415.054	19.0	19.03486
2023-02-23 16:25:10	1167182432.469	19.0	19.03909
2023-02-23 16:25:11	1169349614.901	19.0	19.03257
2023-02-23 16:25:11	1171518964.516	19.0	19.037
2023-02-23 16:25:12	1173690483.481	19.0	19.03477
2023-02-23 16:25:12	1175864173.964	19.0	19.03577
2023-02-23 16:25:13	1178040038.138	19.0	19.03889
2023-02-23 16:25:13	1180218078.176	19.0	19.04363
2023-02-23 16:25:14	1182398296.254	19.0	19.04294
2023-02-23 16:25:14	1184580694.55	19.0	19.04003
2023-02-23 16:25:15	1186765275.245	19.0	19.04326
2023-02-23 16:25:15	1188952040.52	19.0	19.04454
2023-02-23 16:25:16	1191140992.561	19.0	19.03754
2023-02-23 16:25:16	1193332133.554	19.0	19.0404
2023-02-23 16:25:17	1195525465.688	19.0	19.0348
2023-02-23 16:25:17	1197720991.154	19.0	19.0454
2023-02-23 16:25:18	1199918712.145	19.0	19.03983
2023-02-23 16:25:19	1202118630.857	19.0	19.04206
2023-02-23 16:25:19	1204320749.488	19.0	19.03594
2023-02-23 16:25:20	1206525070.237	19.0	19.0418
2023-02-23 16:25:20	1208731595.307	19.0	19.04063
2023-02-23 16:25:21	1210940326.902	19.0	19.03083
2023-02-23 16:25:21	1213151267.229	19.0	19.0392
2023-02-23 16:25:22	1215364418.496	19.0	19.03677
2023-02-23 16:25:22	1217579782.914	19.0	19.0354
2023-02-23 16:25:23	1219797362.697	19.0	19.03937
2023-02-23 16:25:23	1222017160.06	19.0	19.04263
2023-02-23 16:25:24	1224239177.22	19.0	19.03977
2023-02-23 16:25:24	1226463416.397	19.0	19.035
2023-02-23 16:25:25	1228689879.813	19.0	19.04354
2023-02-23 16:25:25	1230918569.693	19.0	19.03988
2023-02-23 16:25:26	1233149488.263	19.0	19.04434
2023-02-23 16:25:26	1235382637.751	19.0	19.03809
2023-02-23 16:25:27	1237618020.389	19.0	19.03506
2023-02-23 16:25:27	1239855638.409	19.0	19.04869
2023-02-23 16:25:28	1242095494.047	19.0	19.05086
2023-02-23 16:25:28	1244337589.541	19.0	19.0498
2023-02-23 16:25:29	1246581927.131	19.0	19.05134
2023-02-23 16:25:29	1248828509.058	19.0	19.05137
2023-02-23 16:25:30	1251077337.567	19.0	19.04483
2023-02-23 16:25:30	1253328414.905	19.0	19.0482
2023-02-23 16:25:31	1255581743.32	19.0	19.04963
2023-02-23 16:25:31	1257837325.063	19.0	19.05169
2023-02-23 16:25:32	1260095162.388	19.0	19.0512
2023-02-23 16:25:32	1262355257.55	19.0	19.04946
2023-02-23 16:25:33	1264617612.808	19.0	19.05211
2023-02-23 16:25:33	1266882230.421	19.0	19.04703
2023-02-23 16:25:34	1269149112.651	19.0	19.04849
2023-02-23 16:25:35	1271418261.764	19.0	19.04951
2023-02-23 16:25:35	1273689680.026	19.0	19.04546
2023-02-23 16:25:36	1275963369.706	19.0	19.04831
2023-02-23 16:25:36	1278239333.076	19.0	19.04629
2023-02-23 16:25:37	1280517572.409	19.0	19.04829
2023-02-23 16:25:37	1282798089.981	19.0	19.03743
2023-02-23 16:25:38	1285080888.071	19.0	19.04171
2023-02-23 16:25:38	1287365968.959	19.0	19.04091
2023-02-23 16:25:39	1289653334.928	19.0	19.04246
2023-02-23 16:25:39	1291942988.263	19.0	19.04388
2023-02-23 16:25:40	1294234931.251	19.0	19.03663
2023-02-23 16:25:40	1296529166.182	19.0	19.03591
2023-02-23 16:25:41	1298825695.348	19.0	19.04226
2023-02-23 16:25:41	1301124521.043	19.0	19.0392
2023-02-23 16:25:42	1303425645.564	19.0	19.0404
2023-02-23 16:25:42	1305729071.21	19.0	19.0414
2023-02-23 16:25:43	1308034800.281	19.0	19.03366
2023-02-23 16:25:43	1310342835.081	19.0	19.03517
2023-02-23 16:25:44	1312653177.916	19.0	19.04214
2023-02-23 16:25:44	1314965831.094	19.0	19.04029
2023-02-23 16:25:45	1317280796.925	19.0	19.04154
2023-02-23 16:25:45	1319598077.722	19.0	19.04154
2023-02-23 16:25:46	1321917675.8	19.0	19.04374
2023-02-23 16:25:46	1324239593.476	19.0	19.0412
2023-02-23 16:25:47	1326563833.069	19.0	19.04126
2023-02-23 16:25:47	1328890396.902	19.0	19.04349
2023-02-23 16:25:48	1331219287.299	19.0	19.03983
2023-02-23 16:25:48	1333550506.586	19.0	19.04597
2023-02-23 16:25:49	1335884057.093	19.0	19.04551
2023-02-23 16:25:50	1338219941.15	19.0	19.0412
2023-02-23 16:25:50	1340558161.091	19.0	19.04517
2023-02-23 16:25:51	1342898719.252	19.0	19.04723
2023-02-23 16:25:51	1345241617.971	19.0	19.04623
2023-02-23 16:25:52	1347586859.589	19.0	19.04317
2023-02-23 16:25:52	1349934446.449	19.0	19.0476
2023-02-23 16:25:53	1352284380.895	19.0	19.04046
2023-02-23 16:25:53	1354636665.276	19.0	19.04163
2023-02-23 16:25:54	1356991301.941	19.0	19.04377
2023-02-23 16:25:54	1359348293.243	19.0	19.04366
2023-02-23 16:25:55	1361707641.536	19.0	19.04343
2023-02-23 16:25:55	1364069349.178	19.0	19.04623
2023-02-23 16:25:56	1366433418.527	19.0	19.0432
2023-02-23 16:25:56	1368799851.946	19.0	19.0422
2023-02-23 16:25:57	1371168651.798	19.0	19.04629
2023-02-23 16:25:57	1373539820.45	19.0	19.04128
2023-02-23 16:25:58	1375913360.27	19.0	19.04094
2023-02-23 16:25:58	1378289273.63	19.0	19.04683
2023-02-23 16:25:59	1380667562.904	19.0	19.03503
2023-02-23 16:25:59	1383048230.467	19.0	19.04654
2023-02-23 16:26:00	1385431278.697	19.0	19.04274
2023-02-23 16:26:00	1387816709.976	19.0	19.04234
2023-02-23 16:26:01	1390204526.686	19.0	19.04494
2023-02-23 16:26:01	1392594731.213	19.0	19.04871
2023-02-23 16:26:02	1394987325.944	19.0	19.04797
2023-02-23 16:26:02	1397382313.27	19.0	19.04363
2023-02-23 16:26:03	1399779695.583	19.0	19.05029
2023-02-23 16:26:03	1402179475.279	19.0	19.0482
2023-02-23 16:26:04	1404581654.754	19.0	19.05263
2023-02-23 16:26:04	1406986236.409	19.0	19.04534
2023-02-23 16:26:05	1409393222.645	19.0	19.05029
2023-02-23 16:26:06	1411802615.868	19.0	19.0464
2023-02-23 16:26:06	1414214418.484	19.0	19.04826
2023-02-23 16:26:07	1416628632.902	19.0	19.04871
2023-02-23 16:26:07	1419045261.535	19.0	19.04457
2023-02-23 16:26:08	1421464306.797	19.0	19.05197
2023-02-23 16:26:08	1423885771.104	19.0	19.04994
2023-02-23 16:26:09	1426309656.875	19.0	19.04937
2023-02-23 16:26:09	1428735966.532	19.0	19.05151
2023-02-23 16:26:10	1431164702.499	19.0	19.05131
2023-02-23 16:26:10	1433595867.201	19.0	19.04729
2023-02-23 16:26:11	1436029463.068	19.0	19.04551
2023-02-23 16:26:11	1438465492.531	19.0	19.04968
2023-02-23 16:26:12	1440903958.024	19.0	19.05006
2023-02-23 16:26:12	1443344861.982	19.0	19.05211
2023-02-23 16:26:13	1445788206.844	19.0	19.04926
2023-02-23 16:26:13	1448233995.051	19.0	19.04177
2023-02-23 16:26:14	1450682229.046	19.0	19.04066
2023-02-23 16:26:14	1453132911.275	19.0	19.0384
2023-02-23 16:26:15	1455586044.186	19.0	19.03923
2023-02-23 16:26:15	1458041630.23	19.0	19.0378
2023-02-23 16:26:16	1460499671.86	19.0	19.03954
2023-02-23 16:26:16	1462960171.532	19.0	19.04091
2023-02-23 16:26:17	1465423131.704	19.0	19.03966
2023-02-23 16:26:17	1467888554.836	19.0	19.039
2023-02-23 16:26:18	1470356443.391	19.0	19.04394
2023-02-23 16:26:18	1472826799.834	19.0	19.04274
2023-02-23 16:26:19	1475299626.634	19.0	19.04294
2023-02-23 16:26:19	1477774926.261	19.0	19.04571
2023-02-23 16:26:20	1480252701.187	19.0	19.0428
2023-02-23 16:26:20	1482732953.888	19.0	19.04586
2023-02-23 16:26:21	1485215686.842	19.0	19.04357
2023-02-23 16:26:21	1487700902.529	19.0	19.04431
2023-02-23 16:26:22	1490188603.432	19.0	19.04968
2023-02-23 16:26:22	1492678792.035	19.0	19.04754
2023-02-23 16:26:23	1495171470.827	19.0	19.0496
2023-02-23 16:26:23	1497666642.298	19.0	19.04854
2023-02-23 16:26:24	1500164308.94	19.0	19.0524
2023-02-23 16:26:24	1502664473.249	19.0	19.04783
2023-02-23 16:26:25	1505167137.722	19.0	19.04631
2023-02-23 16:26:25	1507672304.86	19.0	19.04906
2023-02-23 16:26:26	1510179977.165	19.0	19.04968
2023-02-23 16:26:27	1512690157.142	19.0	19.05
2023-02-23 16:26:27	1515202847.299	19.0	19.04586
2023-02-23 16:26:28	1517718050.146	19.0	19.04174
2023-02-23 16:26:28	1520235768.196	19.0	19.05031
2023-02-23 16:26:29	1522756003.964	19.0	19.04766
2023-02-23 16:26:29	1525278759.968	19.0	19.04809
2023-02-23 16:26:30	1527804038.728	19.0	19.04606
2023-02-23 16:26:30	1530331842.767	19.0	19.05114
2023-02-23 16:26:31	1532862174.61	19.0	19.04791
2023-02-23 16:26:31	1535395036.785	19.0	19.04929
2023-02-23 16:26:32	1537930431.822	19.0	19.04708
2023-02-23 16:26:32	1540468362.254	19.0	19.04754
2023-02-23 16:26:33	1543008830.616	19.0	19.04846
2023-02-23 16:26:33	1545551839.447	19.0	19.05377
2023-02-23 16:26:34	1548097391.286	19.0	19.05051
2023-02-23 16:26:34	1550645488.677	19.0	19.05314
2023-02-23 16:26:35	1553196134.166	19.0	19.05114
2023-02-23 16:26:35	1555749330.3	19.0	19.05137
2023-02-23 16:26:36	1558305079.63	19.0	19.05569
2023-02-23 16:26:36	1560863384.71	19.0	19.05331
2023-02-23 16:26:37	1563424248.095	19.0	19.05106
2023-02-23 16:26:37	1565987672.343	19.0	19.05406
2023-02-23 16:26:38	1568553660.015	19.0	19.048
2023-02-23 16:26:38	1571122213.675	19.0	19.04871
2023-02-23 16:26:39	1573693335.889	19.0	19.04869
2023-02-23 16:26:39	1576267029.225	19.0	19.05431
2023-02-23 16:26:40	1578843296.254	19.0	19.05297
2023-02-23 16:26:41	1581422139.55	19.0	19.05114
2023-02-23 16:26:41	1584003561.69	19.0	19.05077
2023-02-23 16:26:42	1586587565.252	19.0	19.05106
2023-02-23 16:26:42	1589174152.817	19.0	19.0522
2023-02-23 16:26:43	1591763326.97	19.0	19.05166
2023-02-23 16:26:43	1594355090.297	19.0	19.05114
2023-02-23 16:26:44	1596949445.387	19.0	19.05466
2023-02-23 16:26:44	1599546394.832	19.0	19.0494
2023-02-23 16:26:45	1602145941.227	19.0	19.0528
2023-02-23 16:26:45	1604748087.168	19.0	19.05474
2023-02-23 16:26:46	1607352835.255	19.0	19.04789
2023-02-23 16:26:46	1609960188.09	19.0	19.04906
2023-02-23 16:26:47	1612570148.278	19.0	19.05434
2023-02-23 16:26:47	1615182718.426	19.0	19.0518
2023-02-23 16:26:48	1617797901.144	19.0	19.05171
2023-02-23 16:26:48	1620415699.045	19.0	19.0542
2023-02-23 16:26:49	1623036114.744	19.0	19.0504
2023-02-23 16:26:49	1625659150.859	19.0	19.05423
2023-02-23 16:26:50	1628284810.01	19.0	19.05314
2023-02-23 16:26:50	1630913094.82	19.0	19.05194
2023-02-23 16:26:51	1633544007.915	19.0	19.05231
2023-02-23 16:26:51	1636177551.923	19.0	19.05109
2023-02-23 16:26:52	1638813729.475	19.0	19.05137
2023-02-23 16:26:52	1641452543.204	19.0	19.05451
2023-02-23 16:26:53	1644093995.747	19.0	19.05349
2023-02-23 16:26:53	1646738089.743	19.0	19.05166
2023-02-23 16:26:54	1649384827.833	19.0	19.05143
2023-02-23 16:26:54	1652034212.661	19.0	19.05169
2023-02-23 16:26:55	1654686246.874	19.0	19.05357
2023-02-23 16:26:56	1657340933.121	19.0	19.05468
2023-02-23 16:26:56	1659998274.054	19.0	19.051
2023-02-23 16:26:57	1662658272.328	19.0	19.05268
2023-02-23 16:26:57	1665320930.6	19.0	19.04963
2023-02-23 16:26:58	1667986251.531	19.0	19.0532
2023-02-23 16:26:58	1670654237.783	19.0	19.05154
2023-02-23 16:26:59	1673324892.021	19.0	19.0514
2023-02-23 16:26:59	1675998216.913	19.0	19.05017
2023-02-23 16:27:00	1678674215.13	19.0	19.04591
2023-02-23 16:27:00	1681352889.345	19.0	19.05349
2023-02-23 16:27:01	1684034242.234	19.0	19.04489
2023-02-23 16:27:01	1686718276.476	19.0	19.04946
2023-02-23 16:27:02	1689404994.752	19.0	19.04826
2023-02-23 16:27:02	1692094399.747	19.0	19.05431
2023-02-23 16:27:03	1694786494.147	19.0	19.04689
2023-02-23 16:27:03	1697481280.641	19.0	19.04811
2023-02-23 16:27:04	1700178761.922	19.0	19.049
2023-02-23 16:27:04	1702878940.684	19.0	19.04831
2023-02-23 16:27:05	1705581819.625	19.0	19.05157
2023-02-23 16:27:05	1708287401.445	19.0	19.05003
2023-02-23 16:27:06	1710995688.846	19.0	19.05257
2023-02-23 16:27:06	1713706684.535	19.0	19.05331
2023-02-23 16:27:07	1716420391.22	19.0	19.04757
2023-02-23 16:27:07	1719136811.611	19.0	19.04737
2023-02-23 16:27:08	1721855948.423	19.0	19.04651
2023-02-23 16:27:08	1724577804.371	19.0	19.05003
2023-02-23 16:27:09	1727302382.175	19.0	19.04786
2023-02-23 16:27:09	1730029684.557	19.0	19.04871
2023-02-23 16:27:10	1732759714.242	19.0	19.04729
2023-02-23 16:27:11	1735492473.956	19.0	19.049
2023-02-23 16:27:11	1738227966.43	19.0	19.04011
2023-02-23 16:27:12	1740966194.396	19.0	19.04786
2023-02-23 16:27:12	1743707160.59	19.0	19.0478
2023-02-23 16:27:13	1746450867.751	19.0	19.04463
2023-02-23 16:27:13	1749197318.619	19.0	19.04506
2023-02-23 16:27:14	1751946515.938	19.0	19.04609
2023-02-23 16:27:14	1754698462.454	19.0	19.04846
2023-02-23 16:27:15	1757453160.916	19.0	19.04571
2023-02-23 16:27:15	1760210614.077	19.0	19.04286
2023-02-23 16:27:16	1762970824.691	19.0	19.04123
2023-02-23 16:27:16	1765733795.516	19.0	19.05111
2023-02-23 16:27:17	1768499529.312	19.0	19.05111
2023-02-23 16:27:17	1771268028.841	19.0	19.05274
2023-02-23 16:27:18	1774039296.87	19.0	19.04863
2023-02-23 16:27:18	1776813336.167	19.0	19.04666
2023-02-23 16:27:19	1779590149.503	19.0	19.04866
2023-02-23 16:27:19	1782369739.653	19.0	19.0482
2023-02-23 16:27:20	1785152109.393	19.0	19.04714
2023-02-23 16:27:20	1787937261.502	19.0	19.046
2023-02-23 16:27:21	1790725198.764	19.0	19.0462
2023-02-23 16:27:21	1793515923.963	19.0	19.04643
2023-02-23 16:27:22	1796309439.887	19.0	19.03957
2023-02-23 16:27:22	1799105749.327	19.0	19.0416
2023-02-23 16:27:23	1801904855.076	19.0	19.04511
2023-02-23 16:27:23	1804706759.931	19.0	19.04651
2023-02-23 16:27:24	1807511466.691	19.0	19.0468
2023-02-23 16:27:25	1810318978.158	19.0	19.04386
2023-02-23 16:27:25	1813129297.136	19.0	19.04423
2023-02-23 16:27:26	1815942426.433	19.0	19.04457
2023-02-23 16:27:26	1818758368.859	19.0	19.04826
2023-02-23 16:27:27	1821577127.228	19.0	19.03706
2023-02-23 16:27:27	1824398704.355	19.0	19.04514
2023-02-23 16:27:28	1827223103.059	19.0	19.04174
2023-02-23 16:27:28	1830050326.162	19.0	19.04591
2023-02-23 16:27:29	1832880376.488	19.0	19.04423
2023-02-23 16:27:29	1835713256.864	19.0	19.0464
2023-02-23 16:27:30	1838548970.121	19.0	19.03997
2023-02-23 16:27:30	1841387519.091	19.0	19.04126
2023-02-23 16:27:31	1844228906.61	19.0	19.04157
2023-02-23 16:27:31	1847073135.517	19.0	19.04726
2023-02-23 16:27:32	1849920208.653	19.0	19.04146
2023-02-23 16:27:32	1852770128.862	19.0	19.04706
2023-02-23 16:27:33	1855622898.991	19.0	19.05237
2023-02-23 16:27:33	1858478521.89	19.0	19.04883
2023-02-23 16:27:34	1861337000.412	19.0	19.04254
2023-02-23 16:27:34	1864198337.412	19.0	19.03363
2023-02-23 16:27:35	1867062535.749	19.0	19.03866
2023-02-23 16:27:35	1869929598.285	19.0	19.03971
2023-02-23 16:27:36	1872799527.883	19.0	19.04631
2023-02-23 16:27:36	1875672327.411	19.0	19.04106
2023-02-23 16:27:37	1878547999.738	19.0	19.04297
2023-02-23 16:27:37	1881426547.738	19.0	19.047
2023-02-23 16:27:38	1884307974.286	19.0	19.04428
2023-02-23 16:27:38	1887192282.26	19.0	19.04023
2023-02-23 16:27:39	1890079474.542	19.0	19.04694
2023-02-23 16:27:39	1892969554.017	19.0	19.04826
2023-02-23 16:27:40	1895862523.571	19.0	19.0486
2023-02-23 16:27:40	1898758386.095	19.0	19.04297
2023-02-23 16:27:41	1901657144.481	19.0	19.04626
2023-02-23 16:27:42	1904558801.625	19.0	19.04571
2023-02-23 16:27:42	1907463360.427	19.0	19.04657
2023-02-23 16:27:43	1910370823.787	19.0	19.05149
2023-02-23 16:27:43	1913281194.611	19.0	19.04931
2023-02-23 16:27:44	1916194475.806	19.0	19.05246
2023-02-23 16:27:44	1919110670.282	19.0	19.04903
2023-02-23 16:27:45	1922029780.952	19.0	19.04891
2023-02-23 16:27:45	1924951810.733	19.0	19.05208
2023-02-23 16:27:46	1927876762.544	19.0	19.05166
2023-02-23 16:27:46	1930804639.307	19.0	19.0502
2023-02-23 16:27:47	1933735443.946	19.0	19.05051
2023-02-23 16:27:47	1936669179.39	19.0	19.04629
2023-02-23 16:27:48	1939605848.569	19.0	19.051
2023-02-23 16:27:48	1942545454.418	19.0	19.0506
2023-02-23 16:27:49	1945487999.872	19.0	19.04891
2023-02-23 16:27:49	1948433487.872	19.0	19.04774
2023-02-23 16:27:50	1951381921.36	19.0	19.04706
2023-02-23 16:27:50	1954333303.281	19.0	19.04451
2023-02-23 16:27:51	1957287636.584	19.0	19.04146
2023-02-23 16:27:51	1960244924.221	19.0	19.04043
2023-02-23 16:27:52	1963205169.145	19.0	19.04849
2023-02-23 16:27:52	1966168374.314	19.0	19.04263
2023-02-23 16:27:53	1969134542.688	19.0	19.04586
2023-02-23 16:27:53	1972103677.231	19.0	19.04551
2023-02-23 16:27:54	1975075780.908	19.0	19.04211
2023-02-23 16:27:55	1978050856.689	19.0	19.04977
2023-02-23 16:27:55	1981028907.546	19.0	19.03806
2023-02-23 16:27:56	1984009936.454	19.0	19.0466
2023-02-23 16:27:56	1986993946.39	19.0	19.0478
2023-02-23 16:27:57	1989980940.336	19.0	19.04729
2023-02-23 16:27:57	1992970921.276	19.0	19.0424
2023-02-23 16:27:58	1995963892.197	19.0	19.04146
2023-02-23 16:27:58	1998959856.089	19.0	19.03809
2023-02-23 16:27:59	2001958815.945	19.0	19.04811
2023-02-23 16:27:59	2004960774.761	19.0	19.03314
2023-02-23 16:28:00	2007965735.536	19.0	19.04292
2023-02-23 16:28:00	2010973701.272	19.0	19.04189
2023-02-23 16:28:01	2013984674.973	19.0	19.03817
2023-02-23 16:28:01	2016998659.648	19.0	19.04463
2023-02-23 16:28:02	2020015658.308	19.0	19.04597
2023-02-23 16:28:02	2023035673.966	19.0	19.04137
2023-02-23 16:28:03	2026058709.64	19.0	19.04234
2023-02-23 16:28:03	2029084768.35	19.0	19.03663
2023-02-23 16:28:04	2032113853.118	19.0	19.03386
2023-02-23 16:28:04	2035145966.971	19.0	19.05069
2023-02-23 16:28:05	2038181112.938	19.0	19.04371
2023-02-23 16:28:05	2041219294.051	19.0	19.03866
2023-02-23 16:28:06	2044260513.345	19.0	19.04054
2023-02-23 16:28:06	2047304773.858	19.0	19.04737
2023-02-23 16:28:07	2050352078.632	19.0	19.04097
2023-02-23 16:28:07	2053402430.711	19.0	19.03837
2023-02-23 16:28:08	2056455833.142	19.0	19.03737
2023-02-23 16:28:08	2059512288.975	19.0	19.04329
2023-02-23 16:28:09	2062571801.264	19.0	19.0424
2023-02-23 16:28:09	2065634373.065	19.0	19.0512
2023-02-23 16:28:10	2068700007.438	19.0	19.04154
2023-02-23 16:28:10	2071768707.445	19.0	19.04277
2023-02-23 16:28:11	2074840476.152	19.0	19.0442
2023-02-23 16:28:12	2077915316.628	19.0	19.04694
2023-02-23 16:28:12	2080993231.945	19.0	19.05091
2023-02-23 16:28:13	2084074225.177	19.0	19.04637
2023-02-23 16:28:13	2087158299.402	19.0	19.04923
2023-02-23 16:28:14	2090245457.701	19.0	19.04746
2023-02-23 16:28:14	2093335703.159	19.0	19.0502
2023-02-23 16:28:15	2096429038.862	19.0	19.05351
2023-02-23 16:28:15	2099525467.901	19.0	19.05294
2023-02-23 16:28:16	2102624993.369	19.0	19.05051
2023-02-23 16:28:16	2105727618.362	19.0	19.05243
2023-02-23 16:28:17	2108833345.98	19.0	19.05074
2023-02-23 16:28:17	2111942179.326	19.0	19.05017
2023-02-23 16:28:18	2115054121.505	19.0	19.0468
2023-02-23 16:28:18	2118169175.627	19.0	19.05297
2023-02-23 16:28:19	2121287344.803	19.0	19.05331
2023-02-23 16:28:19	2124408632.148	19.0	19.05257
2023-02-23 16:28:20	2127533040.78	19.0	19.04626
2023-02-23 16:28:20	2130660573.821	19.0	19.04368
2023-02-23 16:28:21	2133791234.395	19.0	19.04677
2023-02-23 16:28:21	2136925025.629	19.0	19.05146
2023-02-23 16:28:22	2140061950.655	19.0	19.05283
2023-02-23 16:28:22	2143202012.606	19.0	19.049
2023-02-23 16:28:23	2146345214.619	19.0	19.05046
2023-02-23 16:28:23	2149491559.834	19.0	19.052
2023-02-23 16:28:24	2152641051.394	19.0	19.05457
2023-02-23 16:28:24	2155793692.445	19.0	19.05283
2023-02-23 16:28:25	2158949486.137	19.0	19.05063
2023-02-23 16:28:25	2162108435.623	19.0	19.04909
2023-02-23 16:28:26	2165270544.059	19.0	19.05011
2023-02-23 16:28:26	2168435814.603	19.0	19.05194
2023-02-23 16:28:27	2171604250.418	19.0	19.05331
2023-02-23 16:28:28	2174775854.668	19.0	19.04857
2023-02-23 16:28:28	2177950630.523	19.0	19.04749
2023-02-23 16:28:29	2181128581.154	19.0	19.05368
2023-02-23 16:28:29	2184309709.735	19.0	19.04343
2023-02-23 16:28:30	2187494019.445	19.0	19.05252
2023-02-23 16:28:30	2190681513.464	19.0	19.05077
2023-02-23 16:28:31	2193872194.977	19.0	19.05046
2023-02-23 16:28:31	2197066067.172	19.0	19.0538
2023-02-23 16:28:32	2200263133.239	19.0	19.04926
2023-02-23 16:28:32	2203463396.372	19.0	19.04954
2023-02-23 16:28:33	2206666859.768	19.0	19.0518
2023-02-23 16:28:33	2209873526.628	19.0	19.05537
2023-02-23 16:28:34	2213083400.155	19.0	19.05506
2023-02-23 16:28:34	2216296483.555	19.0	19.053
2023-02-23 16:28:35	2219512780.039	19.0	19.04874
2023-02-23 16:28:35	2222732292.819	19.0	19.04909
2023-02-23 16:28:36	2225955025.112	19.0	19.05254
2023-02-23 16:28:36	2229180980.137	19.0	19.05163
2023-02-23 16:28:37	2232410161.117	19.0	19.05357
2023-02-23 16:28:37	2235642571.278	19.0	19.05163
2023-02-23 16:28:38	2238878213.849	19.0	19.05066
2023-02-23 16:28:38	2242117092.063	19.0	19.05386
2023-02-23 16:28:39	2245359209.155	19.0	19.05377
2023-02-23 16:28:39	2248604568.364	19.0	19.0536
2023-02-23 16:28:40	2251853172.932	19.0	19.05291
2023-02-23 16:28:40	2255105026.105	19.0	19.05094
2023-02-23 16:28:41	2258360131.131	19.0	19.05546
2023-02-23 16:28:41	2261618491.262	19.0	19.05323
2023-02-23 16:28:42	2264880109.753	19.0	19.05103
2023-02-23 16:28:42	2268144989.863	19.0	19.05029
2023-02-23 16:28:43	2271413134.853	19.0	19.05154
2023-02-23 16:28:43	2274684547.988	19.0	19.05246
2023-02-23 16:28:44	2277959232.536	19.0	19.04909
2023-02-23 16:28:45	2281237191.769	19.0	19.05006
2023-02-23 16:28:45	2284518428.961	19.0	19.04826
2023-02-23 16:28:46	2287802947.39	19.0	19.0498
2023-02-23 16:28:46	2291090750.337	19.0	19.05289
2023-02-23 16:28:47	2294381841.087	19.0	19.04774
2023-02-23 16:28:47	2297676222.928	19.0	19.04963
2023-02-23 16:28:48	2300973899.151	19.0	19.04971
2023-02-23 16:28:48	2304274873.05	19.0	19.0498
2023-02-23 16:28:49	2307579147.923	19.0	19.05377
2023-02-23 16:28:49	2310886727.071	19.0	19.04737
2023-02-23 16:28:50	2314197613.798	19.0	19.05263
2023-02-23 16:28:50	2317511811.412	19.0	19.05491
2023-02-23 16:28:51	2320829323.223	19.0	19.05069
2023-02-23 16:28:51	2324150152.546	19.0	19.05591
2023-02-23 16:28:52	2327474302.699	19.0	19.05586
2023-02-23 16:28:52	2330801777.002	19.0	19.05286
2023-02-23 16:28:53	2334132578.779	19.0	19.05266
2023-02-23 16:28:53	2337466711.358	19.0	19.0522
2023-02-23 16:28:54	2340804178.069	19.0	19.05128
2023-02-23 16:28:54	2344144982.247	19.0	19.05154
2023-02-23 16:28:55	2347489127.229	19.0	19.05077
2023-02-23 16:28:55	2350836616.356	19.0	19.05091
2023-02-23 16:28:56	2354187452.972	19.0	19.05014
2023-02-23 16:28:56	2357541640.425	19.0	19.0514
2023-02-23 16:28:57	2360899182.065	19.0	19.05583
2023-02-23 16:28:57	2364260081.247	19.0	19.05457
2023-02-23 16:28:58	2367624341.328	19.0	19.05157
2023-02-23 16:28:58	2370991965.669	19.0	19.05503
2023-02-23 16:28:59	2374362957.635	19.0	19.0528
2023-02-23 16:29:00	2377737320.593	19.0	19.05009
2023-02-23 16:29:00	2381115057.914	19.0	19.05391
2023-02-23 16:29:01	2384496172.972	19.0	19.05331
2023-02-23 16:29:01	2387880669.145	19.0	19.0544
2023-02-23 16:29:02	2391268549.814	19.0	19.05631
2023-02-23 16:29:02	2394659818.364	19.0	19.05391
2023-02-23 16:29:03	2398054478.182	19.0	19.05586
2023-02-23 16:29:03	2401452532.66	19.0	19.05443
2023-02-23 16:29:04	2404853985.193	19.0	19.05488
2023-02-23 16:29:04	2408258839.178	19.0	19.05646
2023-02-23 16:29:05	2411667098.017	19.0	19.05346
2023-02-23 16:29:05	2415078765.115	19.0	19.05589
2023-02-23 16:29:06	2418493843.88	19.0	19.055
2023-02-23 16:29:06	2421912337.724	19.0	19.04983
2023-02-23 16:29:07	2425334250.062	19.0	19.04937
2023-02-23 16:29:07	2428759584.312	19.0	19.05511
2023-02-23 16:29:08	2432188343.896	19.0	19.04654
2023-02-23 16:29:08	2435620532.24	19.0	19.05597
2023-02-23 16:29:09	2439056152.772	19.0	19.05494
2023-02-23 16:29:09	2442495208.925	19.0	19.05606
2023-02-23 16:29:10	2445937704.134	19.0	19.04897
2023-02-23 16:29:10	2449383641.838	19.0	19.05508
2023-02-23 16:29:11	2452833025.48	19.0	19.04777
2023-02-23 16:29:11	2456285858.505	19.0	19.05268
2023-02-23 16:29:12	2459742144.364	19.0	19.05203
2023-02-23 16:29:13	2463201886.508	19.0	19.05351
2023-02-23 16:29:13	2466665088.395	19.0	19.05291
2023-02-23 16:29:14	2470131753.483	19.0	19.04974
2023-02-23 16:29:14	2473601885.236	19.0	19.05663
2023-02-23 16:29:15	2477075487.121	19.0	19.0532
2023-02-23 16:29:15	2480552562.608	19.0	19.05049
2023-02-23 16:29:16	2484033115.171	19.0	19.05071
2023-02-23 16:29:16	2487517148.286	19.0	19.049
2023-02-23 16:29:17	2491004665.434	19.0	19.0518
2023-02-23 16:29:17	2494495670.099	19.0	19.05354
2023-02-23 16:29:18	2497990165.769	19.0	19.05597
2023-02-23 16:29:18	2501488155.935	19.0	19.053
2023-02-23 16:29:19	2504989644.091	19.0	19.0562
2023-02-23 16:29:19	2508494633.735	19.0	19.04906
2023-02-23 16:29:20	2512003128.369	19.0	19.05437
2023-02-23 16:29:20	2515515131.497	19.0	19.04951
2023-02-23 16:29:21	2519030646.628	19.0	19.05391
2023-02-23 16:29:21	2522549677.275	19.0	19.053
2023-02-23 16:29:22	2526072226.952	19.0	19.05254
2023-02-23 16:29:22	2529598299.179	19.0	19.05534
2023-02-23 16:29:23	2533127897.478	19.0	19.05654
2023-02-23 16:29:23	2536661025.375	19.0	19.05349
2023-02-23 16:29:24	2540197686.4	19.0	19.05597
2023-02-23 16:29:24	2543737884.086	19.0	19.04954
2023-02-23 16:29:25	2547281621.97	19.0	19.05029
2023-02-23 16:29:25	2550828903.592	19.0	19.05243
2023-02-23 16:29:26	2554379732.496	19.0	19.05343
2023-02-23 16:29:26	2557934112.228	19.0	19.053
2023-02-23 16:29:27	2561492046.34	19.0	19.05714
2023-02-23 16:29:28	2565053538.386	19.0	19.05666
2023-02-23 16:29:28	2568618591.924	19.0	19.05309
2023-02-23 16:29:29	2572187210.516	19.0	19.05468
2023-02-23 16:29:29	2575759397.727	19.0	19.05683
2023-02-23 16:29:30	2579335157.125	19.0	19.05114
2023-02-23 16:29:30	2582914492.282	19.0	19.0554
2023-02-23 16:29:31	2586497406.774	19.0	19.05674
2023-02-23 16:29:31	2590083904.181	19.0	19.05546
2023-02-23 16:29:32	2593673988.085	19.0	19.05497
2023-02-23 16:29:32	2597267662.073	19.0	19.05406
2023-02-23 16:29:33	2600864929.735	19.0	19.05483
2023-02-23 16:29:33	2604465794.665	19.0	19.05383
2023-02-23 16:29:34	2608070260.46	19.0	19.0526
2023-02-23 16:29:34	2611678330.72	19.0	19.05668
2023-02-23 16:29:35	2615290009.051	19.0	19.05131
2023-02-23 16:29:35	2618905299.06	19.0	19.05237
2023-02-23 16:29:36	2622524204.359	19.0	19.05331
2023-02-23 16:29:36	2626146728.563	19.0	19.05183
2023-02-23 16:29:37	2629772875.292	19.0	19.05029
2023-02-23 16:29:37	2633402648.167	19.0	19.05508
2023-02-23 16:29:38	2637036050.815	19.0	19.05451
2023-02-23 16:29:38	2640673086.866	19.0	19.0552
2023-02-23 16:29:39	2644313759.953	19.0	19.05277
2023-02-23 16:29:39	2647958073.713	19.0	19.05406
2023-02-23 16:29:40	2651606031.787	19.0	19.05289
2023-02-23 16:29:40	2655257637.819	19.0	19.04951
2023-02-23 16:29:41	2658912895.457	19.0	19.05534
2023-02-23 16:29:41	2662571808.352	19.0	19.05183
2023-02-23 16:29:42	2666234380.16	19.0	19.0516
2023-02-23 16:29:42	2669900614.54	19.0	19.0522
2023-02-23 16:29:43	2673570515.155	19.0	19.05166
2023-02-23 16:29:43	2677244085.67	19.0	19.05548
2023-02-23 16:29:44	2680921329.756	19.0	19.05154
2023-02-23 16:29:45	2684602251.086	19.0	19.04874
2023-02-23 16:29:45	2688286853.337	19.0	19.04966
2023-02-23 16:29:46	2691975140.19	19.0	19.0504
2023-02-23 16:29:46	2695667115.33	19.0	19.05394
2023-02-23 16:29:47	2699362782.445	19.0	19.0556
2023-02-23 16:29:47	2703062145.227	19.0	19.05517
2023-02-23 16:29:48	2706765207.372	19.0	19.05277
2023-02-23 16:29:48	2710471972.579	19.0	19.05174
2023-02-23 16:29:49	2714182444.552	19.0	19.05228
2023-02-23 16:29:49	2717896626.997	19.0	19.05329
2023-02-23 16:29:50	2721614523.624	19.0	19.05411
2023-02-23 16:29:50	2725336138.148	19.0	19.05574
2023-02-23 16:29:51	2729061474.286	19.0	19.04886
2023-02-23 16:29:51	2732790535.76	19.0	19.05471
2023-02-23 16:29:52	2736523326.296	19.0	19.05329
2023-02-23 16:29:52	2740259849.622	19.0	19.0534
2023-02-23 16:29:53	2744000109.472	19.0	19.05337
2023-02-23 16:29:53	2747744109.581	19.0	19.05183
2023-02-23 16:29:54	2751491853.691	19.0	19.04786
2023-02-23 16:29:54	2755243345.545	19.0	19.052
2023-02-23 16:29:55	2758998588.891	19.0	19.0516
2023-02-23 16:29:55	2762757587.48	19.0	19.05149
2023-02-23 16:29:56	2766520345.067	19.0	19.05208
2023-02-23 16:29:56	2770286865.412	19.0	19.04954
2023-02-23 16:29:57	2774057152.277	19.0	19.05097
2023-02-23 16:29:57	2777831209.429	19.0	19.05043
2023-02-23 16:29:58	2781609040.638	19.0	19.05471
2023-02-23 16:29:59	2785390649.679	19.0	19.04906
2023-02-23 16:29:59	2789176040.329	19.0	19.05289
2023-02-23 16:30:00	2792965216.369	19.0	19.05071
2023-02-23 16:30:00	2796758181.585	19.0	19.05426
2023-02-23 16:30:01	2800554939.767	19.0	19.05257
2023-02-23 16:30:01	2804355494.707	19.0	19.04917
2023-02-23 16:30:02	2808159850.202	19.0	19.05231
2023-02-23 16:30:02	2811968010.052	19.0	19.05326
2023-02-23 16:30:03	2815779978.062	19.0	19.05094
2023-02-23 16:30:03	2819595758.04	19.0	19.05326
2023-02-23 16:30:04	2823415353.798	19.0	19.05554
2023-02-23 16:30:04	2827238769.152	19.0	19.05454
2023-02-23 16:30:05	2831066007.921	19.0	19.05546
2023-02-23 16:30:05	2834897073.929	19.0	19.05363
2023-02-23 16:30:06	2838731971.003	19.0	19.05411
2023-02-23 16:30:06	2842570702.974	19.0	19.05503
2023-02-23 16:30:07	2846413273.677	19.0	19.05431
2023-02-23 16:30:07	2850259686.951	19.0	19.05386
2023-02-23 16:30:08	2854109946.638	19.0	19.055
2023-02-23 16:30:08	2857964056.585	19.0	19.0488
2023-02-23 16:30:09	2861822020.642	19.0	19.05146
2023-02-23 16:30:09	2865683842.663	19.0	19.05609
2023-02-23 16:30:10	2869549526.506	19.0	19.05311
2023-02-23 16:30:10	2873419076.033	19.0	19.05197
2023-02-23 16:30:11	2877292495.109	19.0	19.05146
2023-02-23 16:30:12	2881169787.604	19.0	19.05123
2023-02-23 16:30:12	2885050957.392	19.0	19.05277
2023-02-23 16:30:13	2888936008.349	19.0	19.05274
2023-02-23 16:30:13	2892824944.357	19.0	19.04706
2023-02-23 16:30:14	2896717769.301	19.0	19.05217
2023-02-23 16:30:14	2900614487.07	19.0	19.05128
2023-02-23 16:30:15	2904515101.557	19.0	19.05149
2023-02-23 16:30:15	2908419616.659	19.0	19.05043
2023-02-23 16:30:16	2912328036.276	19.0	19.05237
2023-02-23 16:30:16	2916240364.312	19.0	19.05214
2023-02-23 16:30:17	2920156604.676	19.0	19.04726
2023-02-23 16:30:17	2924076761.281	19.0	19.0532
2023-02-23 16:30:18	2928000838.042	19.0	19.05603
2023-02-23 16:30:18	2931928838.88	19.0	19.048
2023-02-23 16:30:19	2935860767.719	19.0	19.048
2023-02-23 16:30:19	2939796628.487	19.0	19.05394
2023-02-23 16:30:20	2943736425.115	19.0	19.05331
2023-02-23 16:30:20	2947680161.54	19.0	19.05289
2023-02-23 16:30:21	2951627841.702	19.0	19.0524
2023-02-23 16:30:21	2955579469.544	19.0	19.0518
2023-02-23 16:30:22	2959535049.014	19.0	19.05037
2023-02-23 16:30:22	2963494584.063	19.0	19.05154
2023-02-23 16:30:23	2967458078.647	19.0	19.05463
2023-02-23 16:30:23	2971425536.726	19.0	19.05123
2023-02-23 16:30:24	2975396962.263	19.0	19.05306
2023-02-23 16:30:24	2979372359.225	19.0	19.05211
2023-02-23 16:30:25	2983351731.584	19.0	19.05166
2023-02-23 16:30:25	2987335083.316	19.0	19.05114
2023-02-23 16:30:26	2991322418.399	19.0	19.052
2023-02-23 16:30:27	2995313740.817	19.0	19.05591
2023-02-23 16:30:27	2999309054.558	19.0	19.053
